Transaction_ID,predicted_Risk_Review_Flag,prediction_confidence,prediction_timestamp,model_version
FT-T000001,No,0.3678,2026-09-21T16:42:19.353279+00:00,baseline_v1
FT-T000002,Yes,0.6262,2026-09-21T16:42:19.353279+00:00,baseline_v1
FT-T000003,Yes,0.6419,2026-09-21T16:42:19.353279+00:00,baseline_v1
FT-T000004,No,0.4642,2026-09-21T16:42:19.353279+00:00,baseline_v1
FT-T000005,Yes,0.6143,2026-09-21T16:42:19.353279+00:00,baseline_v1
FT-T000006,No,0.4475,2026-09-21T16:42:19.353279+00:00,baseline_v1
FT-T000007,Yes,0.5037,2026-09-21T16:42:19.353279+00:00,baseline_v1
FT-T000008,No,0.4746,2026-09-21T16:42:19.353279+00:00,baseline_v1
FT-T000009,No,0.4934,2026-09-21T16:42:19.353279+00:00,baseline_v1
FT-T000010,Yes,0.589,2026-09-21T16:42:19.353279+00:00,baseline_v1
FT-T000011,Yes,0.7822,2026-09-21T16:42:19.353279+00:00,baseline_v1
FT-T000012,No,0.3949,2026-09-21T16:42:19.353279+00:00,baseline_v1
FT-T000013,No,0.3663,2026-09-21T16:42:19.353279+00:00,baseline_v1
FT-T000014,Yes,0.6177,2026-09-21T16:42:19.353279+00:00,baseline_v1
FT-T000015,Yes,0.6909,2026-09-21T16:42:19.353279+00:00,baseline_v1
FT-T000016,Yes,0.6399,2026-09-21T16:42:19.353279+00:00,baseline_v1
FT-T000017,Yes,0.6011,2026-09-21T16:42:19.353279+00:00,baseline_v1
FT-T000018,No,0.4789,2026-09-21T16:42:19.353279+00:00,baseline_v1
FT-T000019,Yes,0.7471,2026-09-21T16:42:19.353279+00:00,baseline_v1
FT-T000020,No,0.3052,2026-09-21T16:42:19.353279+00:00,baseline_v1
FT-T000021,Yes,0.6401,2026-09-21T16:42:19.353279+00:00,baseline_v1
FT-T000022,No,0.3728,2026-09-21T16:42:19.353279+00:00,baseline_v1
FT-T000023,No,0.412,2026-09-21T16:42:19.353279+00:00,baseline_v1
FT-T000024,Yes,0.5705,2026-09-21T16:42:19.353279+00:00,baseline_v1
FT-T000025,Yes,0.7284,2026-09-21T16:42:19.353279+00:00,baseline_v1
FT-T000026,No,0.3697,2026-09-21T16:42:19.353279+00:00,baseline_v1
FT-T000027,No,0.3003,2026-09-21T16:42:19.353279+00:00,baseline_v1
FT-T000028,No,0.4679,2026-09-21T16:42:19.353279+00:00,baseline_v1
FT-T000029,No,0.3627,2026-09-21T16:42:19.353279+00:00,baseline_v1
FT-T000030,Yes,0.5683,2026-09-21T16:42:19.353279+00:00,baseline_v1
FT-T000031,Yes,0.529,2026-09-21T16:42:19.353279+00:00,baseline_v1
FT-T000032,Yes,0.6388,2026-09-21T16:42:19.353279+00:00,baseline_v1
FT-T000033,Yes,0.557,2026-09-21T16:42:19.353279+00:00,baseline_v1
FT-T000034,Yes,0.5684,2026-09-21T16:42:19.353279+00:00,baseline_v1
FT-T000035,No,0.3842,2026-09-21T16:42:19.353279+00:00,baseline_v1
FT-T000036,No,0.4062,2026-09-21T16:42:19.353279+00:00,baseline_v1
FT-T000037,Yes,0.6404,2026-09-21T16:42:19.353279+00:00,baseline_v1
FT-T000038,No,0.3024,2026-09-21T16:42:19.353279+00:00,baseline_v1
FT-T000039,Yes,0.5963,2026-09-21T16:42:19.353279+00:00,baseline_v1
FT-T000040,No,0.4022,2026-09-21T16:42:19.353279+00:00,baseline_v1
FT-T000041,No,0.4084,2026-09-21T16:42:19.353279+00:00,baseline_v1
FT-T000042,No,0.4017,2026-09-21T16:42:19.353279+00:00,baseline_v1
FT-T000043,No,0.3998,2026-09-21T16:42:19.353279+00:00,baseline_v1
FT-T000044,No,0.3412,2026-09-21T16:42:19.353279+00:00,baseline_v1
FT-T000045,No,0.3686,2026-09-21T16:42:19.353279+00:00,baseline_v1
FT-T000046,Yes,0.6191,2026-09-21T16:42:19.353279+00:00,baseline_v1
FT-T000047,Yes,0.596,2026-09-21T16:42:19.353279+00:00,baseline_v1
FT-T000048,No,0.3087,2026-09-21T16:42:19.353279+00:00,baseline_v1
FT-T000049,No,0.2969,2026-09-21T16:42:19.353279+00:00,baseline_v1
FT-T000050,Yes,0.5966,2026-09-21T16:42:19.353279+00:00,baseline_v1
FT-T000051,No,0.3168,2026-09-21T16:42:19.353279+00:00,baseline_v1
FT-T000052,No,0.4096,2026-09-21T16:42:19.353279+00:00,baseline_v1
FT-T000053,No,0.3826,2026-09-21T16:42:19.353279+00:00,baseline_v1
FT-T000054,Yes,0.6346,2026-09-21T16:42:19.353279+00:00,baseline_v1
FT-T000055,No,0.3038,2026-09-21T16:42:19.353279+00:00,baseline_v1
FT-T000056,Yes,0.7685,2026-09-21T16:42:19.353279+00:00,baseline_v1
FT-T000057,No,0.2809,2026-09-21T16:42:19.353279+00:00,baseline_v1
FT-T000058,No,0.3405,2026-09-21T16:42:19.353279+00:00,baseline_v1
FT-T000059,No,0.4907,2026-09-21T16:42:19.353279+00:00,baseline_v1
FT-T000060,No,0.3936,2026-09-21T16:42:19.353279+00:00,baseline_v1
FT-T000061,Yes,0.7854,2026-09-21T16:42:19.353279+00:00,baseline_v1
FT-T000062,No,0.2978,2026-09-21T16:42:19.353279+00:00,baseline_v1
FT-T000063,No,0.3527,2026-09-21T16:42:19.353279+00:00,baseline_v1
FT-T000064,No,0.3021,2026-09-21T16:42:19.353279+00:00,baseline_v1
FT-T000065,Yes,0.5775,2026-09-21T16:42:19.353279+00:00,baseline_v1
FT-T000066,No,0.3673,2026-09-21T16:42:19.353279+00:00,baseline_v1
FT-T000067,Yes,0.563,2026-09-21T16:42:19.353279+00:00,baseline_v1
FT-T000068,Yes,0.5751,2026-09-21T16:42:19.353279+00:00,baseline_v1
FT-T000069,No,0.2556,2026-09-21T16:42:19.353279+00:00,baseline_v1
FT-T000070,Yes,0.538,2026-09-21T16:42:19.353279+00:00,baseline_v1
FT-T000071,No,0.3376,2026-09-21T16:42:19.353279+00:00,baseline_v1
FT-T000072,Yes,0.5418,2026-09-21T16:42:19.353279+00:00,baseline_v1
FT-T000073,Yes,0.6465,2026-09-21T16:42:19.353279+00:00,baseline_v1
FT-T000074,No,0.3114,2026-09-21T16:42:19.353279+00:00,baseline_v1
FT-T000075,No,0.3007,2026-09-21T16:42:19.353279+00:00,baseline_v1
FT-T000076,Yes,0.7208,2026-09-21T16:42:19.353279+00:00,baseline_v1
FT-T000077,Yes,0.5218,2026-09-21T16:42:19.353279+00:00,baseline_v1
FT-T000078,No,0.3914,2026-09-21T16:42:19.353279+00:00,baseline_v1
FT-T000079,No,0.2971,2026-09-21T16:42:19.353279+00:00,baseline_v1
FT-T000080,No,0.3195,2026-09-21T16:42:19.353279+00:00,baseline_v1
FT-T000081,Yes,0.6154,2026-09-21T16:42:19.353279+00:00,baseline_v1
FT-T000082,No,0.385,2026-09-21T16:42:19.353279+00:00,baseline_v1
FT-T000083,No,0.2769,2026-09-21T16:42:19.353279+00:00,baseline_v1
FT-T000084,Yes,0.6721,2026-09-21T16:42:19.353279+00:00,baseline_v1
FT-T000085,No,0.3128,2026-09-21T16:42:19.353279+00:00,baseline_v1
FT-T000086,No,0.3505,2026-09-21T16:42:19.353279+00:00,baseline_v1
FT-T000087,Yes,0.6216,2026-09-21T16:42:19.353279+00:00,baseline_v1
FT-T000088,No,0.3859,2026-09-21T16:42:19.353279+00:00,baseline_v1
FT-T000089,No,0.2998,2026-09-21T16:42:19.353279+00:00,baseline_v1
FT-T000090,No,0.3148,2026-09-21T16:42:19.353279+00:00,baseline_v1
FT-T000091,No,0.2644,2026-09-21T16:42:19.353279+00:00,baseline_v1
FT-T000092,No,0.3106,2026-09-21T16:42:19.353279+00:00,baseline_v1
FT-T000093,No,0.4846,2026-09-21T16:42:19.353279+00:00,baseline_v1
FT-T000094,No,0.4573,2026-09-21T16:42:19.353279+00:00,baseline_v1
FT-T000095,Yes,0.542,2026-09-21T16:42:19.353279+00:00,baseline_v1
FT-T000096,Yes,0.5223,2026-09-21T16:42:19.353279+00:00,baseline_v1
FT-T000097,No,0.382,2026-09-21T16:42:19.353279+00:00,baseline_v1
FT-T000098,No,0.3546,2026-09-21T16:42:19.353279+00:00,baseline_v1
FT-T000099,No,0.3094,2026-09-21T16:42:19.353279+00:00,baseline_v1
FT-T000100,No,0.2522,2026-09-21T16:42:19.353279+00:00,baseline_v1
FT-T000101,Yes,0.6215,2026-09-21T16:42:19.353279+00:00,baseline_v1
FT-T000102,No,0.4529,2026-09-21T16:42:19.353279+00:00,baseline_v1
FT-T000103,Yes,0.5394,2026-09-21T16:42:19.353279+00:00,baseline_v1
FT-T000104,No,0.3656,2026-09-21T16:42:19.353279+00:00,baseline_v1
FT-T000105,No,0.4747,2026-09-21T16:42:19.353279+00:00,baseline_v1
FT-T000106,Yes,0.6696,2026-09-21T16:42:19.353279+00:00,baseline_v1
FT-T000107,No,0.2652,2026-09-21T16:42:19.353279+00:00,baseline_v1
FT-T000108,Yes,0.7739,2026-09-21T16:42:19.353279+00:00,baseline_v1
FT-T000109,No,0.4308,2026-09-21T16:42:19.353279+00:00,baseline_v1
FT-T000110,No,0.358,2026-09-21T16:42:19.353279+00:00,baseline_v1
FT-T000111,No,0.2555,2026-09-21T16:42:19.353279+00:00,baseline_v1
FT-T000112,No,0.3342,2026-09-21T16:42:19.353279+00:00,baseline_v1
FT-T000113,No,0.2398,2026-09-21T16:42:19.353279+00:00,baseline_v1
FT-T000114,No,0.4003,2026-09-21T16:42:19.353279+00:00,baseline_v1
FT-T000115,No,0.4473,2026-09-21T16:42:19.353279+00:00,baseline_v1
FT-T000116,Yes,0.6347,2026-09-21T16:42:19.353279+00:00,baseline_v1
FT-T000117,No,0.3379,2026-09-21T16:42:19.353279+00:00,baseline_v1
FT-T000118,No,0.3205,2026-09-21T16:42:19.353279+00:00,baseline_v1
FT-T000119,No,0.4712,2026-09-21T16:42:19.353279+00:00,baseline_v1
FT-T000120,No,0.282,2026-09-21T16:42:19.353279+00:00,baseline_v1
FT-T000121,No,0.4555,2026-09-21T16:42:19.353279+00:00,baseline_v1
FT-T000122,No,0.2312,2026-09-21T16:42:19.353279+00:00,baseline_v1
FT-T000123,No,0.2948,2026-09-21T16:42:19.353279+00:00,baseline_v1
FT-T000124,No,0.291,2026-09-21T16:42:19.353279+00:00,baseline_v1
FT-T000125,No,0.2905,2026-09-21T16:42:19.353279+00:00,baseline_v1
FT-T000126,No,0.4294,2026-09-21T16:42:19.353279+00:00,baseline_v1
FT-T000127,Yes,0.5135,2026-09-21T16:42:19.353279+00:00,baseline_v1
FT-T000128,No,0.297,2026-09-21T16:42:19.353279+00:00,baseline_v1
FT-T000129,Yes,0.5382,2026-09-21T16:42:19.353279+00:00,baseline_v1
FT-T000130,Yes,0.6825,2026-09-21T16:42:19.353279+00:00,baseline_v1
FT-T000131,No,0.4537,2026-09-21T16:42:19.353279+00:00,baseline_v1
FT-T000132,Yes,0.5252,2026-09-21T16:42:19.353279+00:00,baseline_v1
FT-T000133,No,0.4905,2026-09-21T16:42:19.353279+00:00,baseline_v1
FT-T000134,Yes,0.5099,2026-09-21T16:42:19.353279+00:00,baseline_v1
FT-T000135,Yes,0.5744,2026-09-21T16:42:19.353279+00:00,baseline_v1
FT-T000136,No,0.4499,2026-09-21T16:42:19.353279+00:00,baseline_v1
FT-T000137,Yes,0.5807,2026-09-21T16:42:19.353279+00:00,baseline_v1
FT-T000138,Yes,0.6484,2026-09-21T16:42:19.353279+00:00,baseline_v1
FT-T000139,No,0.445,2026-09-21T16:42:19.353279+00:00,baseline_v1
FT-T000140,No,0.4629,2026-09-21T16:42:19.353279+00:00,baseline_v1
FT-T000141,No,0.4055,2026-09-21T16:42:19.353279+00:00,baseline_v1
FT-T000142,No,0.3913,2026-09-21T16:42:19.353279+00:00,baseline_v1
FT-T000143,Yes,0.7324,2026-09-21T16:42:19.353279+00:00,baseline_v1
FT-T000144,Yes,0.5434,2026-09-21T16:42:19.353279+00:00,baseline_v1
FT-T000145,No,0.4796,2026-09-21T16:42:19.353279+00:00,baseline_v1
FT-T000146,Yes,0.7009,2026-09-21T16:42:19.353279+00:00,baseline_v1
FT-T000147,No,0.4272,2026-09-21T16:42:19.353279+00:00,baseline_v1
FT-T000148,Yes,0.6978,2026-09-21T16:42:19.353279+00:00,baseline_v1
FT-T000149,No,0.353,2026-09-21T16:42:19.353279+00:00,baseline_v1
FT-T000150,Yes,0.6755,2026-09-21T16:42:19.353279+00:00,baseline_v1
FT-T000151,Yes,0.5018,2026-09-21T16:42:19.353279+00:00,baseline_v1
FT-T000152,Yes,0.7227,2026-09-21T16:42:19.353279+00:00,baseline_v1
FT-T000153,No,0.3674,2026-09-21T16:42:19.353279+00:00,baseline_v1
FT-T000154,No,0.3826,2026-09-21T16:42:19.353279+00:00,baseline_v1
FT-T000155,No,0.348,2026-09-21T16:42:19.353279+00:00,baseline_v1
FT-T000156,Yes,0.6905,2026-09-21T16:42:19.353279+00:00,baseline_v1
FT-T000157,No,0.3692,2026-09-21T16:42:19.353279+00:00,baseline_v1
FT-T000158,No,0.428,2026-09-21T16:42:19.353279+00:00,baseline_v1
FT-T000159,No,0.3662,2026-09-21T16:42:19.353279+00:00,baseline_v1
FT-T000160,Yes,0.6541,2026-09-21T16:42:19.353279+00:00,baseline_v1
FT-T000161,No,0.3276,2026-09-21T16:42:19.353279+00:00,baseline_v1
FT-T000162,No,0.3985,2026-09-21T16:42:19.353279+00:00,baseline_v1
FT-T000163,No,0.4836,2026-09-21T16:42:19.353279+00:00,baseline_v1
FT-T000164,No,0.4508,2026-09-21T16:42:19.353279+00:00,baseline_v1
FT-T000165,Yes,0.5434,2026-09-21T16:42:19.353279+00:00,baseline_v1
FT-T000166,No,0.4524,2026-09-21T16:42:19.353279+00:00,baseline_v1
FT-T000167,Yes,0.6624,2026-09-21T16:42:19.353279+00:00,baseline_v1
FT-T000168,Yes,0.6703,2026-09-21T16:42:19.353279+00:00,baseline_v1
FT-T000169,Yes,0.8337,2026-09-21T16:42:19.353279+00:00,baseline_v1
FT-T000170,Yes,0.7458,2026-09-21T16:42:19.353279+00:00,baseline_v1
FT-T000171,No,0.4107,2026-09-21T16:42:19.353279+00:00,baseline_v1
FT-T000172,No,0.4183,2026-09-21T16:42:19.353279+00:00,baseline_v1
FT-T000173,No,0.4665,2026-09-21T16:42:19.353279+00:00,baseline_v1
FT-T000174,No,0.3605,2026-09-21T16:42:19.353279+00:00,baseline_v1
FT-T000175,Yes,0.6048,2026-09-21T16:42:19.353279+00:00,baseline_v1
FT-T000176,Yes,0.632,2026-09-21T16:42:19.353279+00:00,baseline_v1
FT-T000177,No,0.3424,2026-09-21T16:42:19.353279+00:00,baseline_v1
FT-T000178,No,0.428,2026-09-21T16:42:19.353279+00:00,baseline_v1
FT-T000179,No,0.4464,2026-09-21T16:42:19.353279+00:00,baseline_v1
FT-T000180,No,0.3252,2026-09-21T16:42:19.353279+00:00,baseline_v1
FT-T000181,No,0.3316,2026-09-21T16:42:19.353279+00:00,baseline_v1
FT-T000182,Yes,0.561,2026-09-21T16:42:19.353279+00:00,baseline_v1
FT-T000183,No,0.4192,2026-09-21T16:42:19.353279+00:00,baseline_v1
FT-T000184,Yes,0.5611,2026-09-21T16:42:19.353279+00:00,baseline_v1
FT-T000185,Yes,0.5538,2026-09-21T16:42:19.353279+00:00,baseline_v1
FT-T000186,Yes,0.521,2026-09-21T16:42:19.353279+00:00,baseline_v1
FT-T000187,No,0.4934,2026-09-21T16:42:19.353279+00:00,baseline_v1
FT-T000188,Yes,0.5404,2026-09-21T16:42:19.353279+00:00,baseline_v1
FT-T000189,No,0.4035,2026-09-21T16:42:19.353279+00:00,baseline_v1
FT-T000190,Yes,0.5367,2026-09-21T16:42:19.353279+00:00,baseline_v1
FT-T000191,Yes,0.5068,2026-09-21T16:42:19.353279+00:00,baseline_v1
FT-T000192,Yes,0.5549,2026-09-21T16:42:19.353279+00:00,baseline_v1
FT-T000193,No,0.3065,2026-09-21T16:42:19.353279+00:00,baseline_v1
FT-T000194,No,0.3662,2026-09-21T16:42:19.353279+00:00,baseline_v1
FT-T000195,No,0.3507,2026-09-21T16:42:19.353279+00:00,baseline_v1
FT-T000196,No,0.3676,2026-09-21T16:42:19.353279+00:00,baseline_v1
FT-T000197,Yes,0.5614,2026-09-21T16:42:19.353279+00:00,baseline_v1
FT-T000198,No,0.4622,2026-09-21T16:42:19.353279+00:00,baseline_v1
FT-T000199,No,0.2845,2026-09-21T16:42:19.353279+00:00,baseline_v1
FT-T000200,No,0.4259,2026-09-21T16:42:19.353279+00:00,baseline_v1
FT-T000201,Yes,0.5928,2026-09-21T16:42:19.353279+00:00,baseline_v1
FT-T000202,No,0.2856,2026-09-21T16:42:19.353279+00:00,baseline_v1
FT-T000203,No,0.3381,2026-09-21T16:42:19.353279+00:00,baseline_v1
FT-T000204,No,0.4427,2026-09-21T16:42:19.353279+00:00,baseline_v1
FT-T000205,No,0.3152,2026-09-21T16:42:19.353279+00:00,baseline_v1
FT-T000206,No,0.3077,2026-09-21T16:42:19.353279+00:00,baseline_v1
FT-T000207,No,0.3722,2026-09-21T16:42:19.353279+00:00,baseline_v1
FT-T000208,Yes,0.8084,2026-09-21T16:42:19.353279+00:00,baseline_v1
FT-T000209,Yes,0.5731,2026-09-21T16:42:19.353279+00:00,baseline_v1
FT-T000210,Yes,0.6391,2026-09-21T16:42:19.353279+00:00,baseline_v1
FT-T000211,Yes,0.7444,2026-09-21T16:42:19.353279+00:00,baseline_v1
FT-T000212,Yes,0.5231,2026-09-21T16:42:19.353279+00:00,baseline_v1
FT-T000213,Yes,0.504,2026-09-21T16:42:19.353279+00:00,baseline_v1
FT-T000214,Yes,0.5632,2026-09-21T16:42:19.353279+00:00,baseline_v1
FT-T000215,No,0.2983,2026-09-21T16:42:19.353279+00:00,baseline_v1
FT-T000216,Yes,0.5836,2026-09-21T16:42:19.353279+00:00,baseline_v1
FT-T000217,No,0.3606,2026-09-21T16:42:19.353279+00:00,baseline_v1
FT-T000218,No,0.3782,2026-09-21T16:42:19.353279+00:00,baseline_v1
FT-T000219,Yes,0.578,2026-09-21T16:42:19.353279+00:00,baseline_v1
FT-T000220,No,0.2739,2026-09-21T16:42:19.353279+00:00,baseline_v1
FT-T000221,No,0.2818,2026-09-21T16:42:19.353279+00:00,baseline_v1
FT-T000222,No,0.2964,2026-09-21T16:42:19.353279+00:00,baseline_v1
FT-T000223,No,0.4999,2026-09-21T16:42:19.353279+00:00,baseline_v1
FT-T000224,No,0.2485,2026-09-21T16:42:19.353279+00:00,baseline_v1
FT-T000225,No,0.4126,2026-09-21T16:42:19.353279+00:00,baseline_v1
FT-T000226,No,0.3426,2026-09-21T16:42:19.353279+00:00,baseline_v1
FT-T000227,No,0.4958,2026-09-21T16:42:19.353279+00:00,baseline_v1
FT-T000228,No,0.2781,2026-09-21T16:42:19.353279+00:00,baseline_v1
FT-T000229,No,0.292,2026-09-21T16:42:19.353279+00:00,baseline_v1
FT-T000230,No,0.3082,2026-09-21T16:42:19.353279+00:00,baseline_v1
FT-T000231,No,0.4798,2026-09-21T16:42:19.353279+00:00,baseline_v1
FT-T000232,No,0.2917,2026-09-21T16:42:19.353279+00:00,baseline_v1
FT-T000233,No,0.3351,2026-09-21T16:42:19.353279+00:00,baseline_v1
FT-T000234,No,0.4537,2026-09-21T16:42:19.353279+00:00,baseline_v1
FT-T000235,Yes,0.5804,2026-09-21T16:42:19.353279+00:00,baseline_v1
FT-T000236,Yes,0.6899,2026-09-21T16:42:19.353279+00:00,baseline_v1
FT-T000237,Yes,0.5215,2026-09-21T16:42:19.353279+00:00,baseline_v1
FT-T000238,No,0.302,2026-09-21T16:42:19.353279+00:00,baseline_v1
FT-T000239,No,0.3367,2026-09-21T16:42:19.353279+00:00,baseline_v1
FT-T000240,No,0.325,2026-09-21T16:42:19.353279+00:00,baseline_v1
FT-T000241,No,0.2495,2026-09-21T16:42:19.353279+00:00,baseline_v1
FT-T000242,No,0.2441,2026-09-21T16:42:19.353279+00:00,baseline_v1
FT-T000243,No,0.2351,2026-09-21T16:42:19.353279+00:00,baseline_v1
FT-T000244,No,0.449,2026-09-21T16:42:19.353279+00:00,baseline_v1
FT-T000245,No,0.404,2026-09-21T16:42:19.353279+00:00,baseline_v1
FT-T000246,No,0.2717,2026-09-21T16:42:19.353279+00:00,baseline_v1
FT-T000247,No,0.305,2026-09-21T16:42:19.353279+00:00,baseline_v1
FT-T000248,No,0.2689,2026-09-21T16:42:19.353279+00:00,baseline_v1
FT-T000249,No,0.2789,2026-09-21T16:42:19.353279+00:00,baseline_v1
FT-T000250,Yes,0.5089,2026-09-21T16:42:19.353279+00:00,baseline_v1
FT-T000251,No,0.4625,2026-09-21T16:42:19.353279+00:00,baseline_v1
FT-T000252,No,0.4115,2026-09-21T16:42:19.353279+00:00,baseline_v1
FT-T000253,Yes,0.6008,2026-09-21T16:42:19.353279+00:00,baseline_v1
FT-T000254,Yes,0.6177,2026-09-21T16:42:19.353279+00:00,baseline_v1
FT-T000255,No,0.278,2026-09-21T16:42:19.353279+00:00,baseline_v1
FT-T000256,No,0.3159,2026-09-21T16:42:19.353279+00:00,baseline_v1
FT-T000257,No,0.4555,2026-09-21T16:42:19.353279+00:00,baseline_v1
FT-T000258,No,0.2963,2026-09-21T16:42:19.353279+00:00,baseline_v1
FT-T000259,No,0.2775,2026-09-21T16:42:19.353279+00:00,baseline_v1
FT-T000260,No,0.2921,2026-09-21T16:42:19.353279+00:00,baseline_v1
FT-T000261,No,0.2445,2026-09-21T16:42:19.353279+00:00,baseline_v1
FT-T000262,Yes,0.6154,2026-09-21T16:42:19.353279+00:00,baseline_v1
FT-T000263,No,0.3997,2026-09-21T16:42:19.353279+00:00,baseline_v1
FT-T000264,No,0.3037,2026-09-21T16:42:19.353279+00:00,baseline_v1
FT-T000265,No,0.2853,2026-09-21T16:42:19.353279+00:00,baseline_v1
FT-T000266,No,0.2655,2026-09-21T16:42:19.353279+00:00,baseline_v1
FT-T000267,No,0.4551,2026-09-21T16:42:19.353279+00:00,baseline_v1
FT-T000268,No,0.4272,2026-09-21T16:42:19.353279+00:00,baseline_v1
FT-T000269,No,0.4845,2026-09-21T16:42:19.353279+00:00,baseline_v1
FT-T000270,No,0.4362,2026-09-21T16:42:19.353279+00:00,baseline_v1
FT-T000271,Yes,0.7107,2026-09-21T16:42:19.353279+00:00,baseline_v1
FT-T000272,Yes,0.699,2026-09-21T16:42:19.353279+00:00,baseline_v1
FT-T000273,No,0.4597,2026-09-21T16:42:19.353279+00:00,baseline_v1
FT-T000274,Yes,0.6726,2026-09-21T16:42:19.353279+00:00,baseline_v1
FT-T000275,No,0.4613,2026-09-21T16:42:19.353279+00:00,baseline_v1
FT-T000276,No,0.4164,2026-09-21T16:42:19.353279+00:00,baseline_v1
FT-T000277,Yes,0.605,2026-09-21T16:42:19.353279+00:00,baseline_v1
FT-T000278,Yes,0.6854,2026-09-21T16:42:19.353279+00:00,baseline_v1
FT-T000279,Yes,0.8242,2026-09-21T16:42:19.353279+00:00,baseline_v1
FT-T000280,Yes,0.6266,2026-09-21T16:42:19.353279+00:00,baseline_v1
FT-T000281,No,0.4402,2026-09-21T16:42:19.353279+00:00,baseline_v1
FT-T000282,No,0.3925,2026-09-21T16:42:19.353279+00:00,baseline_v1
FT-T000283,No,0.4303,2026-09-21T16:42:19.353279+00:00,baseline_v1
FT-T000284,Yes,0.8536,2026-09-21T16:42:19.353279+00:00,baseline_v1
FT-T000285,No,0.4455,2026-09-21T16:42:19.353279+00:00,baseline_v1
FT-T000286,Yes,0.6062,2026-09-21T16:42:19.353279+00:00,baseline_v1
FT-T000287,Yes,0.5459,2026-09-21T16:42:19.353279+00:00,baseline_v1
FT-T000288,No,0.3692,2026-09-21T16:42:19.353279+00:00,baseline_v1
FT-T000289,No,0.3824,2026-09-21T16:42:19.353279+00:00,baseline_v1
FT-T000290,Yes,0.6073,2026-09-21T16:42:19.353279+00:00,baseline_v1
FT-T000291,No,0.4568,2026-09-21T16:42:19.353279+00:00,baseline_v1
FT-T000292,Yes,0.778,2026-09-21T16:42:19.353279+00:00,baseline_v1
FT-T000293,Yes,0.6644,2026-09-21T16:42:19.353279+00:00,baseline_v1
FT-T000294,Yes,0.5906,2026-09-21T16:42:19.353279+00:00,baseline_v1
FT-T000295,No,0.4285,2026-09-21T16:42:19.353279+00:00,baseline_v1
FT-T000296,Yes,0.555,2026-09-21T16:42:19.353279+00:00,baseline_v1
FT-T000297,No,0.417,2026-09-21T16:42:19.353279+00:00,baseline_v1
FT-T000298,No,0.4214,2026-09-21T16:42:19.353279+00:00,baseline_v1
FT-T000299,Yes,0.587,2026-09-21T16:42:19.353279+00:00,baseline_v1
FT-T000300,Yes,0.7859,2026-09-21T16:42:19.353279+00:00,baseline_v1
FT-T000301,No,0.3594,2026-09-21T16:42:19.353279+00:00,baseline_v1
FT-T000302,No,0.4386,2026-09-21T16:42:19.353279+00:00,baseline_v1
FT-T000303,No,0.45,2026-09-21T16:42:19.353279+00:00,baseline_v1
FT-T000304,Yes,0.6447,2026-09-21T16:42:19.353279+00:00,baseline_v1
FT-T000305,Yes,0.5417,2026-09-21T16:42:19.353279+00:00,baseline_v1
FT-T000306,Yes,0.7445,2026-09-21T16:42:19.353279+00:00,baseline_v1
FT-T000307,No,0.3181,2026-09-21T16:42:19.353279+00:00,baseline_v1
FT-T000308,Yes,0.5477,2026-09-21T16:42:19.353279+00:00,baseline_v1
FT-T000309,No,0.3615,2026-09-21T16:42:19.353279+00:00,baseline_v1
FT-T000310,Yes,0.6186,2026-09-21T16:42:19.353279+00:00,baseline_v1
FT-T000311,Yes,0.6429,2026-09-21T16:42:19.353279+00:00,baseline_v1
FT-T000312,Yes,0.7185,2026-09-21T16:42:19.353279+00:00,baseline_v1
FT-T000313,Yes,0.5849,2026-09-21T16:42:19.353279+00:00,baseline_v1
FT-T000314,No,0.3765,2026-09-21T16:42:19.353279+00:00,baseline_v1
FT-T000315,No,0.4161,2026-09-21T16:42:19.353279+00:00,baseline_v1
FT-T000316,Yes,0.5263,2026-09-21T16:42:19.353279+00:00,baseline_v1
FT-T000317,No,0.343,2026-09-21T16:42:19.353279+00:00,baseline_v1
FT-T000318,No,0.4147,2026-09-21T16:42:19.353279+00:00,baseline_v1
FT-T000319,Yes,0.5603,2026-09-21T16:42:19.353279+00:00,baseline_v1
FT-T000320,No,0.2744,2026-09-21T16:42:19.353279+00:00,baseline_v1
FT-T000321,Yes,0.6351,2026-09-21T16:42:19.353279+00:00,baseline_v1
FT-T000322,No,0.3254,2026-09-21T16:42:19.353279+00:00,baseline_v1
FT-T000323,No,0.2802,2026-09-21T16:42:19.353279+00:00,baseline_v1
FT-T000324,No,0.3272,2026-09-21T16:42:19.353279+00:00,baseline_v1
FT-T000325,No,0.3172,2026-09-21T16:42:19.353279+00:00,baseline_v1
FT-T000326,Yes,0.5633,2026-09-21T16:42:19.353279+00:00,baseline_v1
FT-T000327,No,0.4456,2026-09-21T16:42:19.353279+00:00,baseline_v1
FT-T000328,No,0.4663,2026-09-21T16:42:19.353279+00:00,baseline_v1
FT-T000329,Yes,0.6247,2026-09-21T16:42:19.353279+00:00,baseline_v1
FT-T000330,No,0.3083,2026-09-21T16:42:19.353279+00:00,baseline_v1
FT-T000331,Yes,0.6625,2026-09-21T16:42:19.353279+00:00,baseline_v1
FT-T000332,Yes,0.5636,2026-09-21T16:42:19.353279+00:00,baseline_v1
FT-T000333,Yes,0.5332,2026-09-21T16:42:19.353279+00:00,baseline_v1
FT-T000334,Yes,0.5743,2026-09-21T16:42:19.353279+00:00,baseline_v1
FT-T000335,Yes,0.7887,2026-09-21T16:42:19.353279+00:00,baseline_v1
FT-T000336,Yes,0.5682,2026-09-21T16:42:19.353279+00:00,baseline_v1
FT-T000337,No,0.395,2026-09-21T16:42:19.353279+00:00,baseline_v1
FT-T000338,No,0.3943,2026-09-21T16:42:19.353279+00:00,baseline_v1
FT-T000339,Yes,0.6204,2026-09-21T16:42:19.353279+00:00,baseline_v1
FT-T000340,Yes,0.525,2026-09-21T16:42:19.353279+00:00,baseline_v1
FT-T000341,No,0.2793,2026-09-21T16:42:19.353279+00:00,baseline_v1
FT-T000342,No,0.2795,2026-09-21T16:42:19.353279+00:00,baseline_v1
FT-T000343,No,0.3954,2026-09-21T16:42:19.353279+00:00,baseline_v1
FT-T000344,Yes,0.5322,2026-09-21T16:42:19.353279+00:00,baseline_v1
FT-T000345,No,0.3972,2026-09-21T16:42:19.353279+00:00,baseline_v1
FT-T000346,No,0.3132,2026-09-21T16:42:19.353279+00:00,baseline_v1
FT-T000347,No,0.2994,2026-09-21T16:42:19.353279+00:00,baseline_v1
FT-T000348,No,0.4581,2026-09-21T16:42:19.353279+00:00,baseline_v1
FT-T000349,Yes,0.5998,2026-09-21T16:42:19.353279+00:00,baseline_v1
FT-T000350,No,0.3543,2026-09-21T16:42:19.353279+00:00,baseline_v1
FT-T000351,No,0.3956,2026-09-21T16:42:19.353279+00:00,baseline_v1
FT-T000352,Yes,0.5079,2026-09-21T16:42:19.353279+00:00,baseline_v1
FT-T000353,No,0.3263,2026-09-21T16:42:19.353279+00:00,baseline_v1
FT-T000354,No,0.3735,2026-09-21T16:42:19.353279+00:00,baseline_v1
FT-T000355,No,0.2927,2026-09-21T16:42:19.353279+00:00,baseline_v1
FT-T000356,Yes,0.676,2026-09-21T16:42:19.353279+00:00,baseline_v1
FT-T000357,Yes,0.5523,2026-09-21T16:42:19.353279+00:00,baseline_v1
FT-T000358,No,0.4975,2026-09-21T16:42:19.353279+00:00,baseline_v1
FT-T000359,No,0.418,2026-09-21T16:42:19.353279+00:00,baseline_v1
FT-T000360,No,0.4146,2026-09-21T16:42:19.353279+00:00,baseline_v1
FT-T000361,Yes,0.5176,2026-09-21T16:42:19.353279+00:00,baseline_v1
FT-T000362,No,0.3114,2026-09-21T16:42:19.353279+00:00,baseline_v1
FT-T000363,No,0.4388,2026-09-21T16:42:19.353279+00:00,baseline_v1
FT-T000364,No,0.3491,2026-09-21T16:42:19.353279+00:00,baseline_v1
FT-T000365,No,0.3679,2026-09-21T16:42:19.353279+00:00,baseline_v1
FT-T000366,No,0.3014,2026-09-21T16:42:19.353279+00:00,baseline_v1
FT-T000367,No,0.3796,2026-09-21T16:42:19.353279+00:00,baseline_v1
FT-T000368,No,0.2937,2026-09-21T16:42:19.353279+00:00,baseline_v1
FT-T000369,Yes,0.5233,2026-09-21T16:42:19.353279+00:00,baseline_v1
FT-T000370,No,0.4702,2026-09-21T16:42:19.353279+00:00,baseline_v1
FT-T000371,No,0.3215,2026-09-21T16:42:19.353279+00:00,baseline_v1
FT-T000372,No,0.4794,2026-09-21T16:42:19.353279+00:00,baseline_v1
FT-T000373,Yes,0.6747,2026-09-21T16:42:19.353279+00:00,baseline_v1
FT-T000374,Yes,0.5047,2026-09-21T16:42:19.353279+00:00,baseline_v1
FT-T000375,Yes,0.6548,2026-09-21T16:42:19.353279+00:00,baseline_v1
FT-T000376,No,0.2961,2026-09-21T16:42:19.353279+00:00,baseline_v1
FT-T000377,Yes,0.6391,2026-09-21T16:42:19.353279+00:00,baseline_v1
FT-T000378,Yes,0.5439,2026-09-21T16:42:19.353279+00:00,baseline_v1
FT-T000379,No,0.4438,2026-09-21T16:42:19.353279+00:00,baseline_v1
FT-T000380,No,0.2483,2026-09-21T16:42:19.353279+00:00,baseline_v1
FT-T000381,No,0.421,2026-09-21T16:42:19.353279+00:00,baseline_v1
FT-T000382,Yes,0.5068,2026-09-21T16:42:19.353279+00:00,baseline_v1
FT-T000383,No,0.2657,2026-09-21T16:42:19.353279+00:00,baseline_v1
FT-T000384,No,0.4208,2026-09-21T16:42:19.353279+00:00,baseline_v1
FT-T000385,No,0.3753,2026-09-21T16:42:19.353279+00:00,baseline_v1
FT-T000386,Yes,0.5681,2026-09-21T16:42:19.353279+00:00,baseline_v1
FT-T000387,No,0.4957,2026-09-21T16:42:19.353279+00:00,baseline_v1
FT-T000388,Yes,0.5351,2026-09-21T16:42:19.353279+00:00,baseline_v1
FT-T000389,No,0.2841,2026-09-21T16:42:19.353279+00:00,baseline_v1
FT-T000390,Yes,0.5104,2026-09-21T16:42:19.353279+00:00,baseline_v1
FT-T000391,No,0.4642,2026-09-21T16:42:19.353279+00:00,baseline_v1
FT-T000392,No,0.2188,2026-09-21T16:42:19.353279+00:00,baseline_v1
FT-T000393,No,0.2097,2026-09-21T16:42:19.353279+00:00,baseline_v1
FT-T000394,No,0.2979,2026-09-21T16:42:19.353279+00:00,baseline_v1
FT-T000395,Yes,0.5252,2026-09-21T16:42:19.353279+00:00,baseline_v1
FT-T000396,Yes,0.5231,2026-09-21T16:42:19.353279+00:00,baseline_v1
FT-T000397,Yes,0.6353,2026-09-21T16:42:19.353279+00:00,baseline_v1
FT-T000398,No,0.2552,2026-09-21T16:42:19.353279+00:00,baseline_v1
FT-T000399,No,0.2232,2026-09-21T16:42:19.353279+00:00,baseline_v1
FT-T000400,No,0.2648,2026-09-21T16:42:19.353279+00:00,baseline_v1
FT-T000401,Yes,0.5277,2026-09-21T16:42:19.353279+00:00,baseline_v1
FT-T000402,No,0.4287,2026-09-21T16:42:19.353279+00:00,baseline_v1
FT-T000403,No,0.384,2026-09-21T16:42:19.353279+00:00,baseline_v1
FT-T000404,Yes,0.6319,2026-09-21T16:42:19.353279+00:00,baseline_v1
FT-T000405,Yes,0.6916,2026-09-21T16:42:19.353279+00:00,baseline_v1
FT-T000406,Yes,0.6278,2026-09-21T16:42:19.353279+00:00,baseline_v1
FT-T000407,No,0.4679,2026-09-21T16:42:19.353279+00:00,baseline_v1
FT-T000408,No,0.4179,2026-09-21T16:42:19.353279+00:00,baseline_v1
FT-T000409,No,0.3822,2026-09-21T16:42:19.353279+00:00,baseline_v1
FT-T000410,Yes,0.8548,2026-09-21T16:42:19.353279+00:00,baseline_v1
FT-T000411,No,0.4633,2026-09-21T16:42:19.353279+00:00,baseline_v1
FT-T000412,No,0.374,2026-09-21T16:42:19.353279+00:00,baseline_v1
FT-T000413,No,0.4507,2026-09-21T16:42:19.353279+00:00,baseline_v1
FT-T000414,Yes,0.6784,2026-09-21T16:42:19.353279+00:00,baseline_v1
FT-T000415,Yes,0.628,2026-09-21T16:42:19.353279+00:00,baseline_v1
FT-T000416,No,0.4147,2026-09-21T16:42:19.353279+00:00,baseline_v1
FT-T000417,Yes,0.7693,2026-09-21T16:42:19.353279+00:00,baseline_v1
FT-T000418,No,0.4448,2026-09-21T16:42:19.353279+00:00,baseline_v1
FT-T000419,Yes,0.5486,2026-09-21T16:42:19.353279+00:00,baseline_v1
FT-T000420,Yes,0.5378,2026-09-21T16:42:19.353279+00:00,baseline_v1
FT-T000421,Yes,0.7695,2026-09-21T16:42:19.353279+00:00,baseline_v1
FT-T000422,Yes,0.6549,2026-09-21T16:42:19.353279+00:00,baseline_v1
FT-T000423,Yes,0.6638,2026-09-21T16:42:19.353279+00:00,baseline_v1
FT-T000424,Yes,0.6196,2026-09-21T16:42:19.353279+00:00,baseline_v1
FT-T000425,Yes,0.6498,2026-09-21T16:42:19.353279+00:00,baseline_v1
FT-T000426,Yes,0.6132,2026-09-21T16:42:19.353279+00:00,baseline_v1
FT-T000427,No,0.3685,2026-09-21T16:42:19.353279+00:00,baseline_v1
FT-T000428,No,0.4443,2026-09-21T16:42:19.353279+00:00,baseline_v1
FT-T000429,No,0.3881,2026-09-21T16:42:19.353279+00:00,baseline_v1
FT-T000430,Yes,0.7609,2026-09-21T16:42:19.353279+00:00,baseline_v1
FT-T000431,No,0.3926,2026-09-21T16:42:19.353279+00:00,baseline_v1
FT-T000432,No,0.4445,2026-09-21T16:42:19.353279+00:00,baseline_v1
FT-T000433,No,0.3558,2026-09-21T16:42:19.353279+00:00,baseline_v1
FT-T000434,Yes,0.6841,2026-09-21T16:42:19.353279+00:00,baseline_v1
FT-T000435,Yes,0.5102,2026-09-21T16:42:19.353279+00:00,baseline_v1
FT-T000436,Yes,0.672,2026-09-21T16:42:19.353279+00:00,baseline_v1
FT-T000437,Yes,0.5285,2026-09-21T16:42:19.353279+00:00,baseline_v1
FT-T000438,Yes,0.5531,2026-09-21T16:42:19.353279+00:00,baseline_v1
FT-T000439,Yes,0.6641,2026-09-21T16:42:19.353279+00:00,baseline_v1
FT-T000440,No,0.46,2026-09-21T16:42:19.353279+00:00,baseline_v1
FT-T000441,Yes,0.7399,2026-09-21T16:42:19.353279+00:00,baseline_v1
FT-T000442,No,0.3955,2026-09-21T16:42:19.353279+00:00,baseline_v1
FT-T000443,Yes,0.5988,2026-09-21T16:42:19.353279+00:00,baseline_v1
FT-T000444,No,0.3547,2026-09-21T16:42:19.353279+00:00,baseline_v1
FT-T000445,No,0.3367,2026-09-21T16:42:19.353279+00:00,baseline_v1
FT-T000446,No,0.4555,2026-09-21T16:42:19.353279+00:00,baseline_v1
FT-T000447,No,0.3292,2026-09-21T16:42:19.353279+00:00,baseline_v1
FT-T000448,No,0.4493,2026-09-21T16:42:19.353279+00:00,baseline_v1
FT-T000449,No,0.4535,2026-09-21T16:42:19.353279+00:00,baseline_v1
FT-T000450,Yes,0.6139,2026-09-21T16:42:19.353279+00:00,baseline_v1
FT-T000451,No,0.3774,2026-09-21T16:42:19.353279+00:00,baseline_v1
FT-T000452,No,0.3742,2026-09-21T16:42:19.353279+00:00,baseline_v1
FT-T000453,No,0.3421,2026-09-21T16:42:19.353279+00:00,baseline_v1
FT-T000454,No,0.4457,2026-09-21T16:42:19.353279+00:00,baseline_v1
FT-T000455,No,0.4311,2026-09-21T16:42:19.353279+00:00,baseline_v1
FT-T000456,No,0.4198,2026-09-21T16:42:19.353279+00:00,baseline_v1
FT-T000457,Yes,0.5607,2026-09-21T16:42:19.353279+00:00,baseline_v1
FT-T000458,Yes,0.5155,2026-09-21T16:42:19.353279+00:00,baseline_v1
FT-T000459,Yes,0.6029,2026-09-21T16:42:19.353279+00:00,baseline_v1
FT-T000460,No,0.3918,2026-09-21T16:42:19.353279+00:00,baseline_v1
FT-T000461,No,0.4228,2026-09-21T16:42:19.353279+00:00,baseline_v1
FT-T000462,Yes,0.6762,2026-09-21T16:42:19.353279+00:00,baseline_v1
FT-T000463,Yes,0.6092,2026-09-21T16:42:19.353279+00:00,baseline_v1
FT-T000464,Yes,0.6077,2026-09-21T16:42:19.353279+00:00,baseline_v1
FT-T000465,Yes,0.5085,2026-09-21T16:42:19.353279+00:00,baseline_v1
FT-T000466,Yes,0.5972,2026-09-21T16:42:19.353279+00:00,baseline_v1
FT-T000467,No,0.3734,2026-09-21T16:42:19.353279+00:00,baseline_v1
FT-T000468,Yes,0.6716,2026-09-21T16:42:19.353279+00:00,baseline_v1
FT-T000469,No,0.3583,2026-09-21T16:42:19.353279+00:00,baseline_v1
FT-T000470,Yes,0.5315,2026-09-21T16:42:19.353279+00:00,baseline_v1
FT-T000471,No,0.3691,2026-09-21T16:42:19.353279+00:00,baseline_v1
FT-T000472,Yes,0.6672,2026-09-21T16:42:19.353279+00:00,baseline_v1
FT-T000473,Yes,0.5482,2026-09-21T16:42:19.353279+00:00,baseline_v1
FT-T000474,Yes,0.5487,2026-09-21T16:42:19.353279+00:00,baseline_v1
FT-T000475,No,0.3451,2026-09-21T16:42:19.353279+00:00,baseline_v1
FT-T000476,Yes,0.8013,2026-09-21T16:42:19.353279+00:00,baseline_v1
FT-T000477,No,0.3299,2026-09-21T16:42:19.353279+00:00,baseline_v1
FT-T000478,Yes,0.5246,2026-09-21T16:42:19.353279+00:00,baseline_v1
FT-T000479,No,0.3234,2026-09-21T16:42:19.353279+00:00,baseline_v1
FT-T000480,No,0.4701,2026-09-21T16:42:19.353279+00:00,baseline_v1
FT-T000481,No,0.3343,2026-09-21T16:42:19.353279+00:00,baseline_v1
FT-T000482,No,0.3734,2026-09-21T16:42:19.353279+00:00,baseline_v1
FT-T000483,No,0.3157,2026-09-21T16:42:19.353279+00:00,baseline_v1
FT-T000484,No,0.4088,2026-09-21T16:42:19.353279+00:00,baseline_v1
FT-T000485,No,0.3387,2026-09-21T16:42:19.353279+00:00,baseline_v1
FT-T000486,Yes,0.5245,2026-09-21T16:42:19.353279+00:00,baseline_v1
FT-T000487,No,0.2998,2026-09-21T16:42:19.353279+00:00,baseline_v1
FT-T000488,Yes,0.7252,2026-09-21T16:42:19.353279+00:00,baseline_v1
FT-T000489,Yes,0.6123,2026-09-21T16:42:19.353279+00:00,baseline_v1
FT-T000490,No,0.3673,2026-09-21T16:42:19.353279+00:00,baseline_v1
FT-T000491,Yes,0.527,2026-09-21T16:42:19.353279+00:00,baseline_v1
FT-T000492,Yes,0.6822,2026-09-21T16:42:19.353279+00:00,baseline_v1
FT-T000493,No,0.488,2026-09-21T16:42:19.353279+00:00,baseline_v1
FT-T000494,No,0.433,2026-09-21T16:42:19.353279+00:00,baseline_v1
FT-T000495,Yes,0.5761,2026-09-21T16:42:19.353279+00:00,baseline_v1
FT-T000496,Yes,0.7705,2026-09-21T16:42:19.353279+00:00,baseline_v1
FT-T000497,Yes,0.6032,2026-09-21T16:42:19.353279+00:00,baseline_v1
FT-T000498,No,0.3145,2026-09-21T16:42:19.353279+00:00,baseline_v1
FT-T000499,No,0.3315,2026-09-21T16:42:19.353279+00:00,baseline_v1
FT-T000500,No,0.29,2026-09-21T16:42:19.353279+00:00,baseline_v1
FT-T000501,Yes,0.5022,2026-09-21T16:42:19.353279+00:00,baseline_v1
FT-T000502,No,0.3624,2026-09-21T16:42:19.353279+00:00,baseline_v1
FT-T000503,No,0.313,2026-09-21T16:42:19.353279+00:00,baseline_v1
FT-T000504,No,0.4914,2026-09-21T16:42:19.353279+00:00,baseline_v1
FT-T000505,Yes,0.5454,2026-09-21T16:42:19.353279+00:00,baseline_v1
FT-T000506,No,0.2157,2026-09-21T16:42:19.353279+00:00,baseline_v1
FT-T000507,No,0.4213,2026-09-21T16:42:19.353279+00:00,baseline_v1
FT-T000508,No,0.4208,2026-09-21T16:42:19.353279+00:00,baseline_v1
FT-T000509,No,0.4716,2026-09-21T16:42:19.353279+00:00,baseline_v1
FT-T000510,No,0.4935,2026-09-21T16:42:19.353279+00:00,baseline_v1
FT-T000511,No,0.3765,2026-09-21T16:42:19.353279+00:00,baseline_v1
FT-T000512,No,0.4625,2026-09-21T16:42:19.353279+00:00,baseline_v1
FT-T000513,No,0.2979,2026-09-21T16:42:19.353279+00:00,baseline_v1
FT-T000514,No,0.3523,2026-09-21T16:42:19.353279+00:00,baseline_v1
FT-T000515,Yes,0.7125,2026-09-21T16:42:19.353279+00:00,baseline_v1
FT-T000516,No,0.3006,2026-09-21T16:42:19.353279+00:00,baseline_v1
FT-T000517,No,0.2982,2026-09-21T16:42:19.353279+00:00,baseline_v1
FT-T000518,No,0.275,2026-09-21T16:42:19.353279+00:00,baseline_v1
FT-T000519,No,0.323,2026-09-21T16:42:19.353279+00:00,baseline_v1
FT-T000520,No,0.245,2026-09-21T16:42:19.353279+00:00,baseline_v1
FT-T000521,No,0.4562,2026-09-21T16:42:19.353279+00:00,baseline_v1
FT-T000522,No,0.4936,2026-09-21T16:42:19.353279+00:00,baseline_v1
FT-T000523,No,0.2312,2026-09-21T16:42:19.353279+00:00,baseline_v1
FT-T000524,No,0.2119,2026-09-21T16:42:19.353279+00:00,baseline_v1
FT-T000525,Yes,0.5156,2026-09-21T16:42:19.353279+00:00,baseline_v1
FT-T000526,No,0.2574,2026-09-21T16:42:19.353279+00:00,baseline_v1
FT-T000527,No,0.2564,2026-09-21T16:42:19.353279+00:00,baseline_v1
FT-T000528,Yes,0.5328,2026-09-21T16:42:19.353279+00:00,baseline_v1
FT-T000529,No,0.2489,2026-09-21T16:42:19.353279+00:00,baseline_v1
FT-T000530,Yes,0.5288,2026-09-21T16:42:19.353279+00:00,baseline_v1
FT-T000531,Yes,0.5421,2026-09-21T16:42:19.353279+00:00,baseline_v1
FT-T000532,No,0.4136,2026-09-21T16:42:19.353279+00:00,baseline_v1
FT-T000533,No,0.3288,2026-09-21T16:42:19.353279+00:00,baseline_v1
FT-T000534,No,0.314,2026-09-21T16:42:19.353279+00:00,baseline_v1
FT-T000535,Yes,0.6755,2026-09-21T16:42:19.353279+00:00,baseline_v1
FT-T000536,Yes,0.5511,2026-09-21T16:42:19.353279+00:00,baseline_v1
FT-T000537,No,0.4496,2026-09-21T16:42:19.353279+00:00,baseline_v1
FT-T000538,No,0.4234,2026-09-21T16:42:19.353279+00:00,baseline_v1
FT-T000539,No,0.462,2026-09-21T16:42:19.353279+00:00,baseline_v1
FT-T000540,Yes,0.6269,2026-09-21T16:42:19.353279+00:00,baseline_v1
FT-T000541,Yes,0.6186,2026-09-21T16:42:19.353279+00:00,baseline_v1
FT-T000542,Yes,0.6572,2026-09-21T16:42:19.353279+00:00,baseline_v1
FT-T000543,Yes,0.7751,2026-09-21T16:42:19.353279+00:00,baseline_v1
FT-T000544,Yes,0.5185,2026-09-21T16:42:19.353279+00:00,baseline_v1
FT-T000545,Yes,0.6471,2026-09-21T16:42:19.353279+00:00,baseline_v1
FT-T000546,Yes,0.5402,2026-09-21T16:42:19.353279+00:00,baseline_v1
FT-T000547,Yes,0.8257,2026-09-21T16:42:19.353279+00:00,baseline_v1
FT-T000548,No,0.416,2026-09-21T16:42:19.353279+00:00,baseline_v1
FT-T000549,Yes,0.6575,2026-09-21T16:42:19.353279+00:00,baseline_v1
FT-T000550,No,0.4639,2026-09-21T16:42:19.353279+00:00,baseline_v1
FT-T000551,Yes,0.8854,2026-09-21T16:42:19.353279+00:00,baseline_v1
FT-T000552,No,0.4041,2026-09-21T16:42:19.353279+00:00,baseline_v1
FT-T000553,No,0.3374,2026-09-21T16:42:19.353279+00:00,baseline_v1
FT-T000554,No,0.4501,2026-09-21T16:42:19.353279+00:00,baseline_v1
FT-T000555,Yes,0.6515,2026-09-21T16:42:19.353279+00:00,baseline_v1
FT-T000556,No,0.3624,2026-09-21T16:42:19.353279+00:00,baseline_v1
FT-T000557,Yes,0.7714,2026-09-21T16:42:19.353279+00:00,baseline_v1
FT-T000558,No,0.4322,2026-09-21T16:42:19.353279+00:00,baseline_v1
FT-T000559,No,0.3504,2026-09-21T16:42:19.353279+00:00,baseline_v1
FT-T000560,No,0.4678,2026-09-21T16:42:19.353279+00:00,baseline_v1
FT-T000561,Yes,0.6439,2026-09-21T16:42:19.353279+00:00,baseline_v1
FT-T000562,Yes,0.5981,2026-09-21T16:42:19.353279+00:00,baseline_v1
FT-T000563,No,0.3932,2026-09-21T16:42:19.353279+00:00,baseline_v1
FT-T000564,Yes,0.8218,2026-09-21T16:42:19.353279+00:00,baseline_v1
FT-T000565,Yes,0.6927,2026-09-21T16:42:19.353279+00:00,baseline_v1
FT-T000566,No,0.4241,2026-09-21T16:42:19.353279+00:00,baseline_v1
FT-T000567,No,0.4266,2026-09-21T16:42:19.353279+00:00,baseline_v1
FT-T000568,No,0.358,2026-09-21T16:42:19.353279+00:00,baseline_v1
FT-T000569,Yes,0.5726,2026-09-21T16:42:19.353279+00:00,baseline_v1
FT-T000570,No,0.3053,2026-09-21T16:42:19.353279+00:00,baseline_v1
FT-T000571,Yes,0.8077,2026-09-21T16:42:19.353279+00:00,baseline_v1
FT-T000572,No,0.3478,2026-09-21T16:42:19.353279+00:00,baseline_v1
FT-T000573,Yes,0.8405,2026-09-21T16:42:19.353279+00:00,baseline_v1
FT-T000574,No,0.4255,2026-09-21T16:42:19.353279+00:00,baseline_v1
FT-T000575,No,0.3537,2026-09-21T16:42:19.353279+00:00,baseline_v1
FT-T000576,Yes,0.7453,2026-09-21T16:42:19.353279+00:00,baseline_v1
FT-T000577,No,0.3263,2026-09-21T16:42:19.353279+00:00,baseline_v1
FT-T000578,Yes,0.6986,2026-09-21T16:42:19.353279+00:00,baseline_v1
FT-T000579,Yes,0.5415,2026-09-21T16:42:19.353279+00:00,baseline_v1
FT-T000580,Yes,0.7265,2026-09-21T16:42:19.353279+00:00,baseline_v1
FT-T000581,Yes,0.5411,2026-09-21T16:42:19.353279+00:00,baseline_v1
FT-T000582,Yes,0.6078,2026-09-21T16:42:19.353279+00:00,baseline_v1
FT-T000583,Yes,0.5275,2026-09-21T16:42:19.353279+00:00,baseline_v1
FT-T000584,Yes,0.6432,2026-09-21T16:42:19.353279+00:00,baseline_v1
FT-T000585,Yes,0.7109,2026-09-21T16:42:19.353279+00:00,baseline_v1
FT-T000586,Yes,0.6266,2026-09-21T16:42:19.353279+00:00,baseline_v1
FT-T000587,Yes,0.5176,2026-09-21T16:42:19.353279+00:00,baseline_v1
FT-T000588,No,0.4233,2026-09-21T16:42:19.353279+00:00,baseline_v1
FT-T000589,No,0.3613,2026-09-21T16:42:19.353279+00:00,baseline_v1
FT-T000590,No,0.4329,2026-09-21T16:42:19.353279+00:00,baseline_v1
FT-T000591,No,0.3236,2026-09-21T16:42:19.353279+00:00,baseline_v1
FT-T000592,No,0.3537,2026-09-21T16:42:19.353279+00:00,baseline_v1
FT-T000593,Yes,0.5527,2026-09-21T16:42:19.353279+00:00,baseline_v1
FT-T000594,No,0.3681,2026-09-21T16:42:19.353279+00:00,baseline_v1
FT-T000595,Yes,0.5982,2026-09-21T16:42:19.353279+00:00,baseline_v1
FT-T000596,No,0.4967,2026-09-21T16:42:19.353279+00:00,baseline_v1
FT-T000597,No,0.4419,2026-09-21T16:42:19.353279+00:00,baseline_v1
FT-T000598,No,0.3695,2026-09-21T16:42:19.353279+00:00,baseline_v1
FT-T000599,No,0.3821,2026-09-21T16:42:19.353279+00:00,baseline_v1
FT-T000600,No,0.3507,2026-09-21T16:42:19.353279+00:00,baseline_v1
FT-T000601,No,0.3544,2026-09-21T16:42:19.353279+00:00,baseline_v1
FT-T000602,No,0.3595,2026-09-21T16:42:19.353279+00:00,baseline_v1
FT-T000603,No,0.4309,2026-09-21T16:42:19.353279+00:00,baseline_v1
FT-T000604,Yes,0.5434,2026-09-21T16:42:19.353279+00:00,baseline_v1
FT-T000605,No,0.3141,2026-09-21T16:42:19.353279+00:00,baseline_v1
FT-T000606,Yes,0.533,2026-09-21T16:42:19.353279+00:00,baseline_v1
FT-T000607,Yes,0.5111,2026-09-21T16:42:19.353279+00:00,baseline_v1
FT-T000608,No,0.2629,2026-09-21T16:42:19.353279+00:00,baseline_v1
FT-T000609,No,0.3672,2026-09-21T16:42:19.353279+00:00,baseline_v1
FT-T000610,No,0.3441,2026-09-21T16:42:19.353279+00:00,baseline_v1
FT-T000611,No,0.4863,2026-09-21T16:42:19.353279+00:00,baseline_v1
FT-T000612,Yes,0.5953,2026-09-21T16:42:19.353279+00:00,baseline_v1
FT-T000613,Yes,0.8096,2026-09-21T16:42:19.353279+00:00,baseline_v1
FT-T000614,No,0.38,2026-09-21T16:42:19.353279+00:00,baseline_v1
FT-T000615,No,0.2819,2026-09-21T16:42:19.353279+00:00,baseline_v1
FT-T000616,No,0.3166,2026-09-21T16:42:19.353279+00:00,baseline_v1
FT-T000617,Yes,0.5501,2026-09-21T16:42:19.353279+00:00,baseline_v1
FT-T000618,Yes,0.6107,2026-09-21T16:42:19.353279+00:00,baseline_v1
FT-T000619,No,0.2728,2026-09-21T16:42:19.353279+00:00,baseline_v1
FT-T000620,No,0.3718,2026-09-21T16:42:19.353279+00:00,baseline_v1
FT-T000621,No,0.2808,2026-09-21T16:42:19.353279+00:00,baseline_v1
FT-T000622,Yes,0.5332,2026-09-21T16:42:19.353279+00:00,baseline_v1
FT-T000623,No,0.3018,2026-09-21T16:42:19.353279+00:00,baseline_v1
FT-T000624,Yes,0.5276,2026-09-21T16:42:19.353279+00:00,baseline_v1
FT-T000625,No,0.4575,2026-09-21T16:42:19.353279+00:00,baseline_v1
FT-T000626,Yes,0.5595,2026-09-21T16:42:19.353279+00:00,baseline_v1
FT-T000627,No,0.2962,2026-09-21T16:42:19.353279+00:00,baseline_v1
FT-T000628,Yes,0.7025,2026-09-21T16:42:19.353279+00:00,baseline_v1
FT-T000629,Yes,0.705,2026-09-21T16:42:19.353279+00:00,baseline_v1
FT-T000630,Yes,0.5696,2026-09-21T16:42:19.353279+00:00,baseline_v1
FT-T000631,No,0.4749,2026-09-21T16:42:19.353279+00:00,baseline_v1
FT-T000632,No,0.3363,2026-09-21T16:42:19.353279+00:00,baseline_v1
FT-T000633,Yes,0.5265,2026-09-21T16:42:19.353279+00:00,baseline_v1
FT-T000634,No,0.4476,2026-09-21T16:42:19.353279+00:00,baseline_v1
FT-T000635,No,0.3117,2026-09-21T16:42:19.353279+00:00,baseline_v1
FT-T000636,No,0.3383,2026-09-21T16:42:19.353279+00:00,baseline_v1
FT-T000637,Yes,0.5651,2026-09-21T16:42:19.353279+00:00,baseline_v1
FT-T000638,Yes,0.6079,2026-09-21T16:42:19.353279+00:00,baseline_v1
FT-T000639,No,0.303,2026-09-21T16:42:19.353279+00:00,baseline_v1
FT-T000640,No,0.2706,2026-09-21T16:42:19.353279+00:00,baseline_v1
FT-T000641,No,0.2408,2026-09-21T16:42:19.353279+00:00,baseline_v1
FT-T000642,No,0.2957,2026-09-21T16:42:19.353279+00:00,baseline_v1
FT-T000643,Yes,0.546,2026-09-21T16:42:19.353279+00:00,baseline_v1
FT-T000644,No,0.2868,2026-09-21T16:42:19.353279+00:00,baseline_v1
FT-T000645,Yes,0.6099,2026-09-21T16:42:19.353279+00:00,baseline_v1
FT-T000646,No,0.3212,2026-09-21T16:42:19.353279+00:00,baseline_v1
FT-T000647,No,0.2931,2026-09-21T16:42:19.353279+00:00,baseline_v1
FT-T000648,No,0.4521,2026-09-21T16:42:19.353279+00:00,baseline_v1
FT-T000649,No,0.4486,2026-09-21T16:42:19.353279+00:00,baseline_v1
FT-T000650,No,0.4838,2026-09-21T16:42:19.353279+00:00,baseline_v1
FT-T000651,Yes,0.5004,2026-09-21T16:42:19.353279+00:00,baseline_v1
FT-T000652,No,0.2208,2026-09-21T16:42:19.353279+00:00,baseline_v1
FT-T000653,No,0.4506,2026-09-21T16:42:19.353279+00:00,baseline_v1
FT-T000654,No,0.2582,2026-09-21T16:42:19.353279+00:00,baseline_v1
FT-T000655,No,0.2444,2026-09-21T16:42:19.353279+00:00,baseline_v1
FT-T000656,No,0.4147,2026-09-21T16:42:19.353279+00:00,baseline_v1
FT-T000657,Yes,0.6616,2026-09-21T16:42:19.353279+00:00,baseline_v1
FT-T000658,No,0.2802,2026-09-21T16:42:19.353279+00:00,baseline_v1
FT-T000659,No,0.2366,2026-09-21T16:42:19.353279+00:00,baseline_v1
FT-T000660,No,0.2301,2026-09-21T16:42:19.353279+00:00,baseline_v1
FT-T000661,No,0.3448,2026-09-21T16:42:19.353279+00:00,baseline_v1
FT-T000662,Yes,0.6579,2026-09-21T16:42:19.353279+00:00,baseline_v1
FT-T000663,Yes,0.5516,2026-09-21T16:42:19.353279+00:00,baseline_v1
FT-T000664,No,0.4868,2026-09-21T16:42:19.353279+00:00,baseline_v1
FT-T000665,No,0.2049,2026-09-21T16:42:19.353279+00:00,baseline_v1
FT-T000666,No,0.2059,2026-09-21T16:42:19.353279+00:00,baseline_v1
FT-T000667,Yes,0.5049,2026-09-21T16:42:19.353279+00:00,baseline_v1
FT-T000668,No,0.4738,2026-09-21T16:42:19.353279+00:00,baseline_v1
FT-T000669,Yes,0.659,2026-09-21T16:42:19.353279+00:00,baseline_v1
FT-T000670,Yes,0.7294,2026-09-21T16:42:19.353279+00:00,baseline_v1
FT-T000671,Yes,0.7538,2026-09-21T16:42:19.353279+00:00,baseline_v1
FT-T000672,Yes,0.5583,2026-09-21T16:42:19.353279+00:00,baseline_v1
FT-T000673,No,0.394,2026-09-21T16:42:19.353279+00:00,baseline_v1
FT-T000674,No,0.4978,2026-09-21T16:42:19.353279+00:00,baseline_v1
FT-T000675,No,0.4642,2026-09-21T16:42:19.353279+00:00,baseline_v1
FT-T000676,Yes,0.8364,2026-09-21T16:42:19.353279+00:00,baseline_v1
FT-T000677,Yes,0.5737,2026-09-21T16:42:19.353279+00:00,baseline_v1
FT-T000678,No,0.4099,2026-09-21T16:42:19.353279+00:00,baseline_v1
FT-T000679,No,0.4795,2026-09-21T16:42:19.353279+00:00,baseline_v1
FT-T000680,No,0.4027,2026-09-21T16:42:19.353279+00:00,baseline_v1
FT-T000681,Yes,0.5267,2026-09-21T16:42:19.353279+00:00,baseline_v1
FT-T000682,Yes,0.6326,2026-09-21T16:42:19.353279+00:00,baseline_v1
FT-T000683,Yes,0.6318,2026-09-21T16:42:19.353279+00:00,baseline_v1
FT-T000684,No,0.3592,2026-09-21T16:42:19.353279+00:00,baseline_v1
FT-T000685,Yes,0.5835,2026-09-21T16:42:19.353279+00:00,baseline_v1
FT-T000686,No,0.3661,2026-09-21T16:42:19.353279+00:00,baseline_v1
FT-T000687,Yes,0.6141,2026-09-21T16:42:19.353279+00:00,baseline_v1
FT-T000688,Yes,0.5018,2026-09-21T16:42:19.353279+00:00,baseline_v1
FT-T000689,Yes,0.5624,2026-09-21T16:42:19.353279+00:00,baseline_v1
FT-T000690,Yes,0.8125,2026-09-21T16:42:19.353279+00:00,baseline_v1
FT-T000691,No,0.3856,2026-09-21T16:42:19.353279+00:00,baseline_v1
FT-T000692,Yes,0.7435,2026-09-21T16:42:19.353279+00:00,baseline_v1
FT-T000693,Yes,0.5745,2026-09-21T16:42:19.353279+00:00,baseline_v1
FT-T000694,Yes,0.5083,2026-09-21T16:42:19.353279+00:00,baseline_v1
FT-T000695,No,0.3981,2026-09-21T16:42:19.353279+00:00,baseline_v1
FT-T000696,Yes,0.5232,2026-09-21T16:42:19.353279+00:00,baseline_v1
FT-T000697,No,0.3465,2026-09-21T16:42:19.353279+00:00,baseline_v1
FT-T000698,Yes,0.6591,2026-09-21T16:42:19.353279+00:00,baseline_v1
FT-T000699,Yes,0.7994,2026-09-21T16:42:19.353279+00:00,baseline_v1
FT-T000700,Yes,0.6677,2026-09-21T16:42:19.353279+00:00,baseline_v1
FT-T000701,No,0.4708,2026-09-21T16:42:19.353279+00:00,baseline_v1
FT-T000702,No,0.4046,2026-09-21T16:42:19.353279+00:00,baseline_v1
FT-T000703,No,0.4488,2026-09-21T16:42:19.353279+00:00,baseline_v1
FT-T000704,Yes,0.605,2026-09-21T16:42:19.353279+00:00,baseline_v1
FT-T000705,No,0.3622,2026-09-21T16:42:19.353279+00:00,baseline_v1
FT-T000706,Yes,0.6092,2026-09-21T16:42:19.353279+00:00,baseline_v1
FT-T000707,Yes,0.6025,2026-09-21T16:42:19.353279+00:00,baseline_v1
FT-T000708,No,0.2739,2026-09-21T16:42:19.353279+00:00,baseline_v1
FT-T000709,No,0.3978,2026-09-21T16:42:19.353279+00:00,baseline_v1
FT-T000710,Yes,0.6462,2026-09-21T16:42:19.353279+00:00,baseline_v1
FT-T000711,Yes,0.5274,2026-09-21T16:42:19.353279+00:00,baseline_v1
FT-T000712,No,0.346,2026-09-21T16:42:19.353279+00:00,baseline_v1
FT-T000713,No,0.3869,2026-09-21T16:42:19.353279+00:00,baseline_v1
FT-T000714,Yes,0.734,2026-09-21T16:42:19.353279+00:00,baseline_v1
FT-T000715,No,0.3293,2026-09-21T16:42:19.353279+00:00,baseline_v1
FT-T000716,No,0.3748,2026-09-21T16:42:19.353279+00:00,baseline_v1
FT-T000717,Yes,0.7116,2026-09-21T16:42:19.353279+00:00,baseline_v1
FT-T000718,No,0.3651,2026-09-21T16:42:19.353279+00:00,baseline_v1
FT-T000719,Yes,0.6832,2026-09-21T16:42:19.353279+00:00,baseline_v1
FT-T000720,Yes,0.5275,2026-09-21T16:42:19.353279+00:00,baseline_v1
FT-T000721,No,0.3164,2026-09-21T16:42:19.353279+00:00,baseline_v1
FT-T000722,Yes,0.5342,2026-09-21T16:42:19.353279+00:00,baseline_v1
FT-T000723,No,0.3915,2026-09-21T16:42:19.353279+00:00,baseline_v1
FT-T000724,No,0.2514,2026-09-21T16:42:19.353279+00:00,baseline_v1
FT-T000725,No,0.3905,2026-09-21T16:42:19.353279+00:00,baseline_v1
FT-T000726,Yes,0.6075,2026-09-21T16:42:19.353279+00:00,baseline_v1
FT-T000727,No,0.4692,2026-09-21T16:42:19.353279+00:00,baseline_v1
FT-T000728,No,0.379,2026-09-21T16:42:19.353279+00:00,baseline_v1
FT-T000729,No,0.3158,2026-09-21T16:42:19.353279+00:00,baseline_v1
FT-T000730,No,0.2989,2026-09-21T16:42:19.353279+00:00,baseline_v1
FT-T000731,Yes,0.5492,2026-09-21T16:42:19.353279+00:00,baseline_v1
FT-T000732,Yes,0.5053,2026-09-21T16:42:19.353279+00:00,baseline_v1
FT-T000733,No,0.3145,2026-09-21T16:42:19.353279+00:00,baseline_v1
FT-T000734,Yes,0.525,2026-09-21T16:42:19.353279+00:00,baseline_v1
FT-T000735,Yes,0.6073,2026-09-21T16:42:19.353279+00:00,baseline_v1
FT-T000736,No,0.3889,2026-09-21T16:42:19.353279+00:00,baseline_v1
FT-T000737,No,0.3314,2026-09-21T16:42:19.353279+00:00,baseline_v1
FT-T000738,Yes,0.5353,2026-09-21T16:42:19.353279+00:00,baseline_v1
FT-T000739,No,0.2852,2026-09-21T16:42:19.353279+00:00,baseline_v1
FT-T000740,No,0.3275,2026-09-21T16:42:19.353279+00:00,baseline_v1
FT-T000741,No,0.3446,2026-09-21T16:42:19.353279+00:00,baseline_v1
FT-T000742,Yes,0.6873,2026-09-21T16:42:19.353279+00:00,baseline_v1
FT-T000743,No,0.2129,2026-09-21T16:42:19.353279+00:00,baseline_v1
FT-T000744,No,0.4961,2026-09-21T16:42:19.353279+00:00,baseline_v1
FT-T000745,No,0.3996,2026-09-21T16:42:19.353279+00:00,baseline_v1
FT-T000746,Yes,0.5186,2026-09-21T16:42:19.353279+00:00,baseline_v1
FT-T000747,No,0.2621,2026-09-21T16:42:19.353279+00:00,baseline_v1
FT-T000748,Yes,0.6815,2026-09-21T16:42:19.353279+00:00,baseline_v1
FT-T000749,Yes,0.5341,2026-09-21T16:42:19.353279+00:00,baseline_v1
FT-T000750,Yes,0.7217,2026-09-21T16:42:19.353279+00:00,baseline_v1
FT-T000751,No,0.3503,2026-09-21T16:42:19.353279+00:00,baseline_v1
FT-T000752,No,0.4973,2026-09-21T16:42:19.353279+00:00,baseline_v1
FT-T000753,No,0.3327,2026-09-21T16:42:19.353279+00:00,baseline_v1
FT-T000754,No,0.3181,2026-09-21T16:42:19.353279+00:00,baseline_v1
FT-T000755,Yes,0.7675,2026-09-21T16:42:19.353279+00:00,baseline_v1
FT-T000756,No,0.2387,2026-09-21T16:42:19.353279+00:00,baseline_v1
FT-T000757,Yes,0.7496,2026-09-21T16:42:19.353279+00:00,baseline_v1
FT-T000758,No,0.3304,2026-09-21T16:42:19.353279+00:00,baseline_v1
FT-T000759,No,0.4513,2026-09-21T16:42:19.353279+00:00,baseline_v1
FT-T000760,No,0.3665,2026-09-21T16:42:19.353279+00:00,baseline_v1
FT-T000761,Yes,0.5212,2026-09-21T16:42:19.353279+00:00,baseline_v1
FT-T000762,Yes,0.6454,2026-09-21T16:42:19.353279+00:00,baseline_v1
FT-T000763,No,0.2893,2026-09-21T16:42:19.353279+00:00,baseline_v1
FT-T000764,No,0.3582,2026-09-21T16:42:19.353279+00:00,baseline_v1
FT-T000765,No,0.3788,2026-09-21T16:42:19.353279+00:00,baseline_v1
FT-T000766,No,0.3662,2026-09-21T16:42:19.353279+00:00,baseline_v1
FT-T000767,Yes,0.5533,2026-09-21T16:42:19.353279+00:00,baseline_v1
FT-T000768,Yes,0.6498,2026-09-21T16:42:19.353279+00:00,baseline_v1
FT-T000769,No,0.305,2026-09-21T16:42:19.353279+00:00,baseline_v1
FT-T000770,Yes,0.5654,2026-09-21T16:42:19.353279+00:00,baseline_v1
FT-T000771,No,0.4814,2026-09-21T16:42:19.353279+00:00,baseline_v1
FT-T000772,No,0.2333,2026-09-21T16:42:19.353279+00:00,baseline_v1
FT-T000773,Yes,0.7003,2026-09-21T16:42:19.353279+00:00,baseline_v1
FT-T000774,No,0.2891,2026-09-21T16:42:19.353279+00:00,baseline_v1
FT-T000775,No,0.4379,2026-09-21T16:42:19.353279+00:00,baseline_v1
FT-T000776,Yes,0.6438,2026-09-21T16:42:19.353279+00:00,baseline_v1
FT-T000777,No,0.3187,2026-09-21T16:42:19.353279+00:00,baseline_v1
FT-T000778,No,0.2947,2026-09-21T16:42:19.353279+00:00,baseline_v1
FT-T000779,Yes,0.5406,2026-09-21T16:42:19.353279+00:00,baseline_v1
FT-T000780,No,0.4797,2026-09-21T16:42:19.353279+00:00,baseline_v1
FT-T000781,No,0.4841,2026-09-21T16:42:19.353279+00:00,baseline_v1
FT-T000782,No,0.2502,2026-09-21T16:42:19.353279+00:00,baseline_v1
FT-T000783,No,0.2695,2026-09-21T16:42:19.353279+00:00,baseline_v1
FT-T000784,Yes,0.5344,2026-09-21T16:42:19.353279+00:00,baseline_v1
FT-T000785,No,0.4077,2026-09-21T16:42:19.353279+00:00,baseline_v1
FT-T000786,Yes,0.5344,2026-09-21T16:42:19.353279+00:00,baseline_v1
FT-T000787,No,0.3159,2026-09-21T16:42:19.353279+00:00,baseline_v1
FT-T000788,No,0.3156,2026-09-21T16:42:19.353279+00:00,baseline_v1
FT-T000789,No,0.2885,2026-09-21T16:42:19.353279+00:00,baseline_v1
FT-T000790,No,0.2996,2026-09-21T16:42:19.353279+00:00,baseline_v1
FT-T000791,No,0.2579,2026-09-21T16:42:19.353279+00:00,baseline_v1
FT-T000792,No,0.3112,2026-09-21T16:42:19.353279+00:00,baseline_v1
FT-T000793,No,0.2051,2026-09-21T16:42:19.353279+00:00,baseline_v1
FT-T000794,No,0.3173,2026-09-21T16:42:19.353279+00:00,baseline_v1
FT-T000795,Yes,0.5423,2026-09-21T16:42:19.353279+00:00,baseline_v1
FT-T000796,No,0.4766,2026-09-21T16:42:19.353279+00:00,baseline_v1
FT-T000797,No,0.37,2026-09-21T16:42:19.353279+00:00,baseline_v1
FT-T000798,No,0.4128,2026-09-21T16:42:19.353279+00:00,baseline_v1
FT-T000799,No,0.4386,2026-09-21T16:42:19.353279+00:00,baseline_v1
FT-T000800,Yes,0.5527,2026-09-21T16:42:19.353279+00:00,baseline_v1
FT-T000801,Yes,0.6737,2026-09-21T16:42:19.353279+00:00,baseline_v1
FT-T000802,Yes,0.6552,2026-09-21T16:42:19.353279+00:00,baseline_v1
FT-T000803,Yes,0.638,2026-09-21T16:42:19.353279+00:00,baseline_v1
FT-T000804,Yes,0.6513,2026-09-21T16:42:19.353279+00:00,baseline_v1
FT-T000805,Yes,0.5791,2026-09-21T16:42:19.353279+00:00,baseline_v1
FT-T000806,No,0.4289,2026-09-21T16:42:19.353279+00:00,baseline_v1
FT-T000807,Yes,0.5339,2026-09-21T16:42:19.353279+00:00,baseline_v1
FT-T000808,Yes,0.5032,2026-09-21T16:42:19.353279+00:00,baseline_v1
FT-T000809,No,0.4191,2026-09-21T16:42:19.353279+00:00,baseline_v1
FT-T000810,Yes,0.566,2026-09-21T16:42:19.353279+00:00,baseline_v1
FT-T000811,No,0.3684,2026-09-21T16:42:19.353279+00:00,baseline_v1
FT-T000812,Yes,0.5923,2026-09-21T16:42:19.353279+00:00,baseline_v1
FT-T000813,No,0.3616,2026-09-21T16:42:19.353279+00:00,baseline_v1
FT-T000814,No,0.3001,2026-09-21T16:42:19.353279+00:00,baseline_v1
FT-T000815,No,0.3656,2026-09-21T16:42:19.353279+00:00,baseline_v1
FT-T000816,Yes,0.6294,2026-09-21T16:42:19.353279+00:00,baseline_v1
FT-T000817,Yes,0.581,2026-09-21T16:42:19.353279+00:00,baseline_v1
FT-T000818,No,0.3656,2026-09-21T16:42:19.353279+00:00,baseline_v1
FT-T000819,Yes,0.6759,2026-09-21T16:42:19.353279+00:00,baseline_v1
FT-T000820,Yes,0.6977,2026-09-21T16:42:19.353279+00:00,baseline_v1
FT-T000821,Yes,0.8648,2026-09-21T16:42:19.353279+00:00,baseline_v1
FT-T000822,No,0.3577,2026-09-21T16:42:19.353279+00:00,baseline_v1
FT-T000823,Yes,0.7234,2026-09-21T16:42:19.353279+00:00,baseline_v1
FT-T000824,Yes,0.6959,2026-09-21T16:42:19.353279+00:00,baseline_v1
FT-T000825,No,0.4418,2026-09-21T16:42:19.353279+00:00,baseline_v1
FT-T000826,Yes,0.5856,2026-09-21T16:42:19.353279+00:00,baseline_v1
FT-T000827,No,0.3517,2026-09-21T16:42:19.353279+00:00,baseline_v1
FT-T000828,Yes,0.6273,2026-09-21T16:42:19.353279+00:00,baseline_v1
FT-T000829,No,0.4743,2026-09-21T16:42:19.353279+00:00,baseline_v1
FT-T000830,No,0.4671,2026-09-21T16:42:19.353279+00:00,baseline_v1
FT-T000831,No,0.3519,2026-09-21T16:42:19.353279+00:00,baseline_v1
FT-T000832,No,0.4353,2026-09-21T16:42:19.353279+00:00,baseline_v1
FT-T000833,No,0.4209,2026-09-21T16:42:19.353279+00:00,baseline_v1
FT-T000834,Yes,0.5734,2026-09-21T16:42:19.353279+00:00,baseline_v1
FT-T000835,Yes,0.6285,2026-09-21T16:42:19.353279+00:00,baseline_v1
FT-T000836,Yes,0.5472,2026-09-21T16:42:19.353279+00:00,baseline_v1
FT-T000837,No,0.3115,2026-09-21T16:42:19.353279+00:00,baseline_v1
FT-T000838,Yes,0.5736,2026-09-21T16:42:19.353279+00:00,baseline_v1
FT-T000839,Yes,0.5606,2026-09-21T16:42:19.353279+00:00,baseline_v1
FT-T000840,Yes,0.6325,2026-09-21T16:42:19.353279+00:00,baseline_v1
FT-T000841,No,0.4794,2026-09-21T16:42:19.353279+00:00,baseline_v1
FT-T000842,Yes,0.6054,2026-09-21T16:42:19.353279+00:00,baseline_v1
FT-T000843,Yes,0.578,2026-09-21T16:42:19.353279+00:00,baseline_v1
FT-T000844,No,0.4958,2026-09-21T16:42:19.353279+00:00,baseline_v1
FT-T000845,Yes,0.596,2026-09-21T16:42:19.353279+00:00,baseline_v1
FT-T000846,No,0.3547,2026-09-21T16:42:19.353279+00:00,baseline_v1
FT-T000847,Yes,0.5847,2026-09-21T16:42:19.353279+00:00,baseline_v1
FT-T000848,No,0.4185,2026-09-21T16:42:19.353279+00:00,baseline_v1
FT-T000849,Yes,0.5916,2026-09-21T16:42:19.353279+00:00,baseline_v1
FT-T000850,No,0.3496,2026-09-21T16:42:19.353279+00:00,baseline_v1
FT-T000851,Yes,0.5886,2026-09-21T16:42:19.353279+00:00,baseline_v1
FT-T000852,Yes,0.5314,2026-09-21T16:42:19.353279+00:00,baseline_v1
FT-T000853,No,0.3932,2026-09-21T16:42:19.353279+00:00,baseline_v1
FT-T000854,No,0.4904,2026-09-21T16:42:19.353279+00:00,baseline_v1
FT-T000855,No,0.3785,2026-09-21T16:42:19.353279+00:00,baseline_v1
FT-T000856,No,0.3429,2026-09-21T16:42:19.353279+00:00,baseline_v1
FT-T000857,Yes,0.5345,2026-09-21T16:42:19.353279+00:00,baseline_v1
FT-T000858,No,0.3892,2026-09-21T16:42:19.353279+00:00,baseline_v1
FT-T000859,No,0.3856,2026-09-21T16:42:19.353279+00:00,baseline_v1
FT-T000860,Yes,0.6294,2026-09-21T16:42:19.353279+00:00,baseline_v1
FT-T000861,No,0.3702,2026-09-21T16:42:19.353279+00:00,baseline_v1
FT-T000862,No,0.296,2026-09-21T16:42:19.353279+00:00,baseline_v1
FT-T000863,Yes,0.5621,2026-09-21T16:42:19.353279+00:00,baseline_v1
FT-T000864,No,0.3476,2026-09-21T16:42:19.353279+00:00,baseline_v1
FT-T000865,Yes,0.6176,2026-09-21T16:42:19.353279+00:00,baseline_v1
FT-T000866,No,0.3332,2026-09-21T16:42:19.353279+00:00,baseline_v1
FT-T000867,No,0.4593,2026-09-21T16:42:19.353279+00:00,baseline_v1
FT-T000868,No,0.427,2026-09-21T16:42:19.353279+00:00,baseline_v1
FT-T000869,Yes,0.5452,2026-09-21T16:42:19.353279+00:00,baseline_v1
FT-T000870,No,0.4051,2026-09-21T16:42:19.353279+00:00,baseline_v1
FT-T000871,No,0.3391,2026-09-21T16:42:19.353279+00:00,baseline_v1
FT-T000872,No,0.3294,2026-09-21T16:42:19.353279+00:00,baseline_v1
FT-T000873,Yes,0.7009,2026-09-21T16:42:19.353279+00:00,baseline_v1
FT-T000874,Yes,0.5712,2026-09-21T16:42:19.353279+00:00,baseline_v1
FT-T000875,No,0.3447,2026-09-21T16:42:19.353279+00:00,baseline_v1
FT-T000876,Yes,0.7056,2026-09-21T16:42:19.353279+00:00,baseline_v1
FT-T000877,No,0.3231,2026-09-21T16:42:19.353279+00:00,baseline_v1
FT-T000878,No,0.3745,2026-09-21T16:42:19.353279+00:00,baseline_v1
FT-T000879,No,0.4894,2026-09-21T16:42:19.353279+00:00,baseline_v1
FT-T000880,No,0.3052,2026-09-21T16:42:19.353279+00:00,baseline_v1
FT-T000881,No,0.2799,2026-09-21T16:42:19.353279+00:00,baseline_v1
FT-T000882,No,0.2647,2026-09-21T16:42:19.353279+00:00,baseline_v1
FT-T000883,Yes,0.5183,2026-09-21T16:42:19.353279+00:00,baseline_v1
FT-T000884,No,0.3265,2026-09-21T16:42:19.353279+00:00,baseline_v1
FT-T000885,Yes,0.545,2026-09-21T16:42:19.353279+00:00,baseline_v1
FT-T000886,No,0.3456,2026-09-21T16:42:19.353279+00:00,baseline_v1
FT-T000887,No,0.3021,2026-09-21T16:42:19.353279+00:00,baseline_v1
FT-T000888,Yes,0.6341,2026-09-21T16:42:19.353279+00:00,baseline_v1
FT-T000889,Yes,0.5097,2026-09-21T16:42:19.353279+00:00,baseline_v1
FT-T000890,No,0.4613,2026-09-21T16:42:19.353279+00:00,baseline_v1
FT-T000891,No,0.305,2026-09-21T16:42:19.353279+00:00,baseline_v1
FT-T000892,No,0.3081,2026-09-21T16:42:19.353279+00:00,baseline_v1
FT-T000893,No,0.4804,2026-09-21T16:42:19.353279+00:00,baseline_v1
FT-T000894,No,0.3628,2026-09-21T16:42:19.353279+00:00,baseline_v1
FT-T000895,No,0.3334,2026-09-21T16:42:19.353279+00:00,baseline_v1
FT-T000896,No,0.4865,2026-09-21T16:42:19.353279+00:00,baseline_v1
FT-T000897,No,0.3545,2026-09-21T16:42:19.353279+00:00,baseline_v1
FT-T000898,Yes,0.5806,2026-09-21T16:42:19.353279+00:00,baseline_v1
FT-T000899,No,0.3212,2026-09-21T16:42:19.353279+00:00,baseline_v1
FT-T000900,No,0.2424,2026-09-21T16:42:19.353279+00:00,baseline_v1
FT-T000901,No,0.395,2026-09-21T16:42:19.353279+00:00,baseline_v1
FT-T000902,No,0.2567,2026-09-21T16:42:19.353279+00:00,baseline_v1
FT-T000903,Yes,0.5795,2026-09-21T16:42:19.353279+00:00,baseline_v1
FT-T000904,No,0.3064,2026-09-21T16:42:19.353279+00:00,baseline_v1
FT-T000905,Yes,0.5415,2026-09-21T16:42:19.353279+00:00,baseline_v1
FT-T000906,Yes,0.7621,2026-09-21T16:42:19.353279+00:00,baseline_v1
FT-T000907,No,0.2536,2026-09-21T16:42:19.353279+00:00,baseline_v1
FT-T000908,No,0.2567,2026-09-21T16:42:19.353279+00:00,baseline_v1
FT-T000909,Yes,0.6345,2026-09-21T16:42:19.353279+00:00,baseline_v1
FT-T000910,No,0.2696,2026-09-21T16:42:19.353279+00:00,baseline_v1
FT-T000911,No,0.2503,2026-09-21T16:42:19.353279+00:00,baseline_v1
FT-T000912,Yes,0.529,2026-09-21T16:42:19.353279+00:00,baseline_v1
FT-T000913,No,0.2858,2026-09-21T16:42:19.353279+00:00,baseline_v1
FT-T000914,No,0.2482,2026-09-21T16:42:19.353279+00:00,baseline_v1
FT-T000915,Yes,0.5973,2026-09-21T16:42:19.353279+00:00,baseline_v1
FT-T000916,No,0.3523,2026-09-21T16:42:19.353279+00:00,baseline_v1
FT-T000917,Yes,0.6428,2026-09-21T16:42:19.353279+00:00,baseline_v1
FT-T000918,Yes,0.7017,2026-09-21T16:42:19.353279+00:00,baseline_v1
FT-T000919,No,0.314,2026-09-21T16:42:19.353279+00:00,baseline_v1
FT-T000920,Yes,0.5171,2026-09-21T16:42:19.353279+00:00,baseline_v1
FT-T000921,No,0.4336,2026-09-21T16:42:19.353279+00:00,baseline_v1
FT-T000922,No,0.2372,2026-09-21T16:42:19.353279+00:00,baseline_v1
FT-T000923,Yes,0.5074,2026-09-21T16:42:19.353279+00:00,baseline_v1
FT-T000924,No,0.2486,2026-09-21T16:42:19.353279+00:00,baseline_v1
FT-T000925,No,0.447,2026-09-21T16:42:19.353279+00:00,baseline_v1
FT-T000926,No,0.2628,2026-09-21T16:42:19.353279+00:00,baseline_v1
FT-T000927,No,0.41,2026-09-21T16:42:19.353279+00:00,baseline_v1
FT-T000928,No,0.4366,2026-09-21T16:42:19.353279+00:00,baseline_v1
FT-T000929,No,0.2375,2026-09-21T16:42:19.353279+00:00,baseline_v1
FT-T000930,No,0.2848,2026-09-21T16:42:19.353279+00:00,baseline_v1
FT-T000931,No,0.3799,2026-09-21T16:42:19.353279+00:00,baseline_v1
FT-T000932,No,0.2719,2026-09-21T16:42:19.353279+00:00,baseline_v1
FT-T000933,No,0.2556,2026-09-21T16:42:19.353279+00:00,baseline_v1
FT-T000934,No,0.4075,2026-09-21T16:42:19.353279+00:00,baseline_v1
FT-T000935,Yes,0.604,2026-09-21T16:42:19.353279+00:00,baseline_v1
FT-T000936,No,0.4549,2026-09-21T16:42:19.353279+00:00,baseline_v1
FT-T000937,Yes,0.6649,2026-09-21T16:42:19.353279+00:00,baseline_v1
FT-T000938,No,0.4855,2026-09-21T16:42:19.353279+00:00,baseline_v1
FT-T000939,Yes,0.7204,2026-09-21T16:42:19.353279+00:00,baseline_v1
FT-T000940,Yes,0.6448,2026-09-21T16:42:19.353279+00:00,baseline_v1
FT-T000941,No,0.3858,2026-09-21T16:42:19.353279+00:00,baseline_v1
FT-T000942,Yes,0.5036,2026-09-21T16:42:19.353279+00:00,baseline_v1
FT-T000943,Yes,0.6126,2026-09-21T16:42:19.353279+00:00,baseline_v1
FT-T000944,Yes,0.667,2026-09-21T16:42:19.353279+00:00,baseline_v1
FT-T000945,No,0.4463,2026-09-21T16:42:19.353279+00:00,baseline_v1
FT-T000946,No,0.4975,2026-09-21T16:42:19.353279+00:00,baseline_v1
FT-T000947,No,0.4711,2026-09-21T16:42:19.353279+00:00,baseline_v1
FT-T000948,Yes,0.5645,2026-09-21T16:42:19.353279+00:00,baseline_v1
FT-T000949,Yes,0.7738,2026-09-21T16:42:19.353279+00:00,baseline_v1
FT-T000950,Yes,0.6319,2026-09-21T16:42:19.353279+00:00,baseline_v1
FT-T000951,Yes,0.6502,2026-09-21T16:42:19.353279+00:00,baseline_v1
FT-T000952,Yes,0.5955,2026-09-21T16:42:19.353279+00:00,baseline_v1
FT-T000953,No,0.4925,2026-09-21T16:42:19.353279+00:00,baseline_v1
FT-T000954,Yes,0.5024,2026-09-21T16:42:19.353279+00:00,baseline_v1
FT-T000955,No,0.4726,2026-09-21T16:42:19.353279+00:00,baseline_v1
FT-T000956,No,0.4569,2026-09-21T16:42:19.353279+00:00,baseline_v1
FT-T000957,No,0.3938,2026-09-21T16:42:19.353279+00:00,baseline_v1
FT-T000958,No,0.3354,2026-09-21T16:42:19.353279+00:00,baseline_v1
FT-T000959,Yes,0.6513,2026-09-21T16:42:19.353279+00:00,baseline_v1
FT-T000960,Yes,0.5787,2026-09-21T16:42:19.353279+00:00,baseline_v1
FT-T000961,Yes,0.5745,2026-09-21T16:42:19.353279+00:00,baseline_v1
FT-T000962,No,0.3624,2026-09-21T16:42:19.353279+00:00,baseline_v1
FT-T000963,Yes,0.7238,2026-09-21T16:42:19.353279+00:00,baseline_v1
FT-T000964,Yes,0.552,2026-09-21T16:42:19.353279+00:00,baseline_v1
FT-T000965,No,0.3254,2026-09-21T16:42:19.353279+00:00,baseline_v1
FT-T000966,Yes,0.8589,2026-09-21T16:42:19.353279+00:00,baseline_v1
FT-T000967,No,0.3562,2026-09-21T16:42:19.353279+00:00,baseline_v1
FT-T000968,Yes,0.6416,2026-09-21T16:42:19.353279+00:00,baseline_v1
FT-T000969,No,0.4385,2026-09-21T16:42:19.353279+00:00,baseline_v1
FT-T000970,No,0.3645,2026-09-21T16:42:19.353279+00:00,baseline_v1
FT-T000971,Yes,0.5574,2026-09-21T16:42:19.353279+00:00,baseline_v1
FT-T000972,Yes,0.5263,2026-09-21T16:42:19.353279+00:00,baseline_v1
FT-T000973,Yes,0.7813,2026-09-21T16:42:19.353279+00:00,baseline_v1
FT-T000974,Yes,0.517,2026-09-21T16:42:19.353279+00:00,baseline_v1
FT-T000975,Yes,0.5677,2026-09-21T16:42:19.353279+00:00,baseline_v1
FT-T000976,No,0.3333,2026-09-21T16:42:19.353279+00:00,baseline_v1
FT-T000977,No,0.3778,2026-09-21T16:42:19.353279+00:00,baseline_v1
FT-T000978,No,0.3933,2026-09-21T16:42:19.353279+00:00,baseline_v1
FT-T000979,Yes,0.69,2026-09-21T16:42:19.353279+00:00,baseline_v1
FT-T000980,Yes,0.6049,2026-09-21T16:42:19.353279+00:00,baseline_v1
FT-T000981,Yes,0.5382,2026-09-21T16:42:19.353279+00:00,baseline_v1
FT-T000982,No,0.3947,2026-09-21T16:42:19.353279+00:00,baseline_v1
FT-T000983,No,0.4509,2026-09-21T16:42:19.353279+00:00,baseline_v1
FT-T000984,Yes,0.5852,2026-09-21T16:42:19.353279+00:00,baseline_v1
FT-T000985,Yes,0.5105,2026-09-21T16:42:19.353279+00:00,baseline_v1
FT-T000986,No,0.3228,2026-09-21T16:42:19.353279+00:00,baseline_v1
FT-T000987,Yes,0.5995,2026-09-21T16:42:19.353279+00:00,baseline_v1
FT-T000988,No,0.4613,2026-09-21T16:42:19.353279+00:00,baseline_v1
FT-T000989,No,0.4154,2026-09-21T16:42:19.353279+00:00,baseline_v1
FT-T000990,Yes,0.7979,2026-09-21T16:42:19.353279+00:00,baseline_v1
FT-T000991,Yes,0.7129,2026-09-21T16:42:19.353279+00:00,baseline_v1
FT-T000992,Yes,0.5696,2026-09-21T16:42:19.353279+00:00,baseline_v1
FT-T000993,Yes,0.5772,2026-09-21T16:42:19.353279+00:00,baseline_v1
FT-T000994,Yes,0.5451,2026-09-21T16:42:19.353279+00:00,baseline_v1
FT-T000995,No,0.4645,2026-09-21T16:42:19.353279+00:00,baseline_v1
FT-T000996,Yes,0.6477,2026-09-21T16:42:19.353279+00:00,baseline_v1
FT-T000997,Yes,0.5431,2026-09-21T16:42:19.353279+00:00,baseline_v1
FT-T000998,Yes,0.7592,2026-09-21T16:42:19.353279+00:00,baseline_v1
FT-T000999,Yes,0.658,2026-09-21T16:42:19.353279+00:00,baseline_v1
FT-T001000,No,0.4449,2026-09-21T16:42:19.353279+00:00,baseline_v1
FT-T001001,No,0.4622,2026-09-21T16:42:19.353279+00:00,baseline_v1
FT-T001002,No,0.3263,2026-09-21T16:42:19.353279+00:00,baseline_v1
FT-T001003,No,0.4612,2026-09-21T16:42:19.353279+00:00,baseline_v1
FT-T001004,No,0.2732,2026-09-21T16:42:19.353279+00:00,baseline_v1
FT-T001005,Yes,0.5841,2026-09-21T16:42:19.353279+00:00,baseline_v1
FT-T001006,No,0.3121,2026-09-21T16:42:19.353279+00:00,baseline_v1
FT-T001007,No,0.2676,2026-09-21T16:42:19.353279+00:00,baseline_v1
FT-T001008,Yes,0.5171,2026-09-21T16:42:19.353279+00:00,baseline_v1
FT-T001009,Yes,0.5576,2026-09-21T16:42:19.353279+00:00,baseline_v1
FT-T001010,Yes,0.5722,2026-09-21T16:42:19.353279+00:00,baseline_v1
FT-T001011,No,0.3733,2026-09-21T16:42:19.353279+00:00,baseline_v1
FT-T001012,No,0.2911,2026-09-21T16:42:19.353279+00:00,baseline_v1
FT-T001013,No,0.2965,2026-09-21T16:42:19.353279+00:00,baseline_v1
FT-T001014,Yes,0.5511,2026-09-21T16:42:19.353279+00:00,baseline_v1
FT-T001015,No,0.3264,2026-09-21T16:42:19.353279+00:00,baseline_v1
FT-T001016,Yes,0.6693,2026-09-21T16:42:19.353279+00:00,baseline_v1
FT-T001017,No,0.3931,2026-09-21T16:42:19.353279+00:00,baseline_v1
FT-T001018,No,0.4886,2026-09-21T16:42:19.353279+00:00,baseline_v1
FT-T001019,Yes,0.5829,2026-09-21T16:42:19.353279+00:00,baseline_v1
FT-T001020,No,0.31,2026-09-21T16:42:19.353279+00:00,baseline_v1
FT-T001021,No,0.2728,2026-09-21T16:42:19.353279+00:00,baseline_v1
FT-T001022,No,0.3421,2026-09-21T16:42:19.353279+00:00,baseline_v1
FT-T001023,No,0.3041,2026-09-21T16:42:19.353279+00:00,baseline_v1
FT-T001024,Yes,0.5952,2026-09-21T16:42:19.353279+00:00,baseline_v1
FT-T001025,No,0.3378,2026-09-21T16:42:19.353279+00:00,baseline_v1
FT-T001026,Yes,0.5143,2026-09-21T16:42:19.353279+00:00,baseline_v1
FT-T001027,No,0.2452,2026-09-21T16:42:19.353279+00:00,baseline_v1
FT-T001028,No,0.2632,2026-09-21T16:42:19.353279+00:00,baseline_v1
FT-T001029,Yes,0.7117,2026-09-21T16:42:19.353279+00:00,baseline_v1
FT-T001030,No,0.489,2026-09-21T16:42:19.353279+00:00,baseline_v1
FT-T001031,No,0.4377,2026-09-21T16:42:19.353279+00:00,baseline_v1
FT-T001032,No,0.2433,2026-09-21T16:42:19.353279+00:00,baseline_v1
FT-T001033,Yes,0.7611,2026-09-21T16:42:19.353279+00:00,baseline_v1
FT-T001034,Yes,0.5461,2026-09-21T16:42:19.353279+00:00,baseline_v1
FT-T001035,No,0.3431,2026-09-21T16:42:19.353279+00:00,baseline_v1
FT-T001036,No,0.3474,2026-09-21T16:42:19.353279+00:00,baseline_v1
FT-T001037,Yes,0.6682,2026-09-21T16:42:19.353279+00:00,baseline_v1
FT-T001038,Yes,0.688,2026-09-21T16:42:19.353279+00:00,baseline_v1
FT-T001039,No,0.4882,2026-09-21T16:42:19.353279+00:00,baseline_v1
FT-T001040,No,0.2793,2026-09-21T16:42:19.353279+00:00,baseline_v1
FT-T001041,No,0.4045,2026-09-21T16:42:19.353279+00:00,baseline_v1
FT-T001042,No,0.2329,2026-09-21T16:42:19.353279+00:00,baseline_v1
FT-T001043,No,0.4982,2026-09-21T16:42:19.353279+00:00,baseline_v1
FT-T001044,No,0.4982,2026-09-21T16:42:19.353279+00:00,baseline_v1
FT-T001045,No,0.2737,2026-09-21T16:42:19.353279+00:00,baseline_v1
FT-T001046,Yes,0.7211,2026-09-21T16:42:19.353279+00:00,baseline_v1
FT-T001047,No,0.3086,2026-09-21T16:42:19.353279+00:00,baseline_v1
FT-T001048,No,0.2058,2026-09-21T16:42:19.353279+00:00,baseline_v1
FT-T001049,Yes,0.5176,2026-09-21T16:42:19.353279+00:00,baseline_v1
FT-T001050,No,0.342,2026-09-21T16:42:19.353279+00:00,baseline_v1
FT-T001051,No,0.4051,2026-09-21T16:42:19.353279+00:00,baseline_v1
FT-T001052,No,0.2609,2026-09-21T16:42:19.353279+00:00,baseline_v1
FT-T001053,No,0.3434,2026-09-21T16:42:19.353279+00:00,baseline_v1
FT-T001054,No,0.3831,2026-09-21T16:42:19.353279+00:00,baseline_v1
FT-T001055,No,0.4579,2026-09-21T16:42:19.353279+00:00,baseline_v1
FT-T001056,No,0.2455,2026-09-21T16:42:19.353279+00:00,baseline_v1
FT-T001057,No,0.2665,2026-09-21T16:42:19.353279+00:00,baseline_v1
FT-T001058,No,0.4548,2026-09-21T16:42:19.353279+00:00,baseline_v1
FT-T001059,No,0.3934,2026-09-21T16:42:19.353279+00:00,baseline_v1
FT-T001060,No,0.2595,2026-09-21T16:42:19.353279+00:00,baseline_v1
FT-T001061,No,0.2637,2026-09-21T16:42:19.353279+00:00,baseline_v1
FT-T001062,No,0.4208,2026-09-21T16:42:19.353279+00:00,baseline_v1
FT-T001063,No,0.3296,2026-09-21T16:42:19.353279+00:00,baseline_v1
FT-T001064,No,0.2877,2026-09-21T16:42:19.353279+00:00,baseline_v1
FT-T001065,No,0.4221,2026-09-21T16:42:19.353279+00:00,baseline_v1
FT-T001066,No,0.4582,2026-09-21T16:42:19.353279+00:00,baseline_v1
FT-T001067,No,0.182,2026-09-21T16:42:19.353279+00:00,baseline_v1
FT-T001068,Yes,0.8479,2026-09-21T16:42:19.353279+00:00,baseline_v1
FT-T001069,Yes,0.6127,2026-09-21T16:42:19.353279+00:00,baseline_v1
FT-T001070,Yes,0.5893,2026-09-21T16:42:19.353279+00:00,baseline_v1
FT-T001071,No,0.4657,2026-09-21T16:42:19.353279+00:00,baseline_v1
FT-T001072,Yes,0.557,2026-09-21T16:42:19.353279+00:00,baseline_v1
FT-T001073,No,0.4827,2026-09-21T16:42:19.353279+00:00,baseline_v1
FT-T001074,Yes,0.6421,2026-09-21T16:42:19.353279+00:00,baseline_v1
FT-T001075,No,0.4442,2026-09-21T16:42:19.353279+00:00,baseline_v1
FT-T001076,No,0.4465,2026-09-21T16:42:19.353279+00:00,baseline_v1
FT-T001077,Yes,0.5166,2026-09-21T16:42:19.353279+00:00,baseline_v1
FT-T001078,No,0.4789,2026-09-21T16:42:19.353279+00:00,baseline_v1
FT-T001079,Yes,0.6131,2026-09-21T16:42:19.353279+00:00,baseline_v1
FT-T001080,Yes,0.6315,2026-09-21T16:42:19.353279+00:00,baseline_v1
FT-T001081,Yes,0.6051,2026-09-21T16:42:19.353279+00:00,baseline_v1
FT-T001082,No,0.3844,2026-09-21T16:42:19.353279+00:00,baseline_v1
FT-T001083,No,0.3517,2026-09-21T16:42:19.353279+00:00,baseline_v1
FT-T001084,Yes,0.6924,2026-09-21T16:42:19.353279+00:00,baseline_v1
FT-T001085,No,0.4788,2026-09-21T16:42:19.353279+00:00,baseline_v1
FT-T001086,Yes,0.7293,2026-09-21T16:42:19.353279+00:00,baseline_v1
FT-T001087,No,0.4561,2026-09-21T16:42:19.353279+00:00,baseline_v1
FT-T001088,Yes,0.6722,2026-09-21T16:42:19.353279+00:00,baseline_v1
FT-T001089,Yes,0.7377,2026-09-21T16:42:19.353279+00:00,baseline_v1
FT-T001090,Yes,0.5824,2026-09-21T16:42:19.353279+00:00,baseline_v1
FT-T001091,Yes,0.7167,2026-09-21T16:42:19.353279+00:00,baseline_v1
FT-T001092,Yes,0.6683,2026-09-21T16:42:19.353279+00:00,baseline_v1
FT-T001093,Yes,0.6423,2026-09-21T16:42:19.353279+00:00,baseline_v1
FT-T001094,Yes,0.6993,2026-09-21T16:42:19.353279+00:00,baseline_v1
FT-T001095,Yes,0.5704,2026-09-21T16:42:19.353279+00:00,baseline_v1
FT-T001096,Yes,0.5794,2026-09-21T16:42:19.353279+00:00,baseline_v1
FT-T001097,No,0.4169,2026-09-21T16:42:19.353279+00:00,baseline_v1
FT-T001098,No,0.4737,2026-09-21T16:42:19.353279+00:00,baseline_v1
FT-T001099,Yes,0.6057,2026-09-21T16:42:19.353279+00:00,baseline_v1
FT-T001100,No,0.4172,2026-09-21T16:42:19.353279+00:00,baseline_v1
FT-T001101,No,0.4455,2026-09-21T16:42:19.353279+00:00,baseline_v1
FT-T001102,Yes,0.7263,2026-09-21T16:42:19.353279+00:00,baseline_v1
FT-T001103,Yes,0.605,2026-09-21T16:42:19.353279+00:00,baseline_v1
FT-T001104,Yes,0.6061,2026-09-21T16:42:19.353279+00:00,baseline_v1
FT-T001105,No,0.4637,2026-09-21T16:42:19.353279+00:00,baseline_v1
FT-T001106,No,0.4689,2026-09-21T16:42:19.353279+00:00,baseline_v1
FT-T001107,Yes,0.8401,2026-09-21T16:42:19.353279+00:00,baseline_v1
FT-T001108,Yes,0.6308,2026-09-21T16:42:19.353279+00:00,baseline_v1
FT-T001109,No,0.4286,2026-09-21T16:42:19.353279+00:00,baseline_v1
FT-T001110,No,0.4085,2026-09-21T16:42:19.353279+00:00,baseline_v1
FT-T001111,Yes,0.5748,2026-09-21T16:42:19.353279+00:00,baseline_v1
FT-T001112,Yes,0.6438,2026-09-21T16:42:19.353279+00:00,baseline_v1
FT-T001113,No,0.4053,2026-09-21T16:42:19.353279+00:00,baseline_v1
FT-T001114,Yes,0.7069,2026-09-21T16:42:19.353279+00:00,baseline_v1
FT-T001115,No,0.3986,2026-09-21T16:42:19.353279+00:00,baseline_v1
FT-T001116,Yes,0.534,2026-09-21T16:42:19.353279+00:00,baseline_v1
FT-T001117,Yes,0.5543,2026-09-21T16:42:19.353279+00:00,baseline_v1
FT-T001118,No,0.3945,2026-09-21T16:42:19.353279+00:00,baseline_v1
FT-T001119,No,0.3495,2026-09-21T16:42:19.353279+00:00,baseline_v1
FT-T001120,No,0.4539,2026-09-21T16:42:19.353279+00:00,baseline_v1
FT-T001121,Yes,0.577,2026-09-21T16:42:19.353279+00:00,baseline_v1
FT-T001122,Yes,0.6239,2026-09-21T16:42:19.353279+00:00,baseline_v1
FT-T001123,No,0.343,2026-09-21T16:42:19.353279+00:00,baseline_v1
FT-T001124,No,0.3778,2026-09-21T16:42:19.353279+00:00,baseline_v1
FT-T001125,No,0.4524,2026-09-21T16:42:19.353279+00:00,baseline_v1
FT-T001126,Yes,0.58,2026-09-21T16:42:19.353279+00:00,baseline_v1
FT-T001127,Yes,0.5598,2026-09-21T16:42:19.353279+00:00,baseline_v1
FT-T001128,No,0.4462,2026-09-21T16:42:19.353279+00:00,baseline_v1
FT-T001129,No,0.3763,2026-09-21T16:42:19.353279+00:00,baseline_v1
FT-T001130,No,0.4724,2026-09-21T16:42:19.353279+00:00,baseline_v1
FT-T001131,No,0.3847,2026-09-21T16:42:19.353279+00:00,baseline_v1
FT-T001132,No,0.3413,2026-09-21T16:42:19.353279+00:00,baseline_v1
FT-T001133,No,0.3654,2026-09-21T16:42:19.353279+00:00,baseline_v1
FT-T001134,No,0.4502,2026-09-21T16:42:19.353279+00:00,baseline_v1
FT-T001135,No,0.3241,2026-09-21T16:42:19.353279+00:00,baseline_v1
FT-T001136,No,0.2703,2026-09-21T16:42:19.353279+00:00,baseline_v1
FT-T001137,No,0.2982,2026-09-21T16:42:19.353279+00:00,baseline_v1
FT-T001138,Yes,0.5679,2026-09-21T16:42:19.353279+00:00,baseline_v1
FT-T001139,Yes,0.5769,2026-09-21T16:42:19.353279+00:00,baseline_v1
FT-T001140,No,0.3073,2026-09-21T16:42:19.353279+00:00,baseline_v1
FT-T001141,Yes,0.7115,2026-09-21T16:42:19.353279+00:00,baseline_v1
FT-T001142,No,0.2654,2026-09-21T16:42:19.353279+00:00,baseline_v1
FT-T001143,No,0.4928,2026-09-21T16:42:19.353279+00:00,baseline_v1
FT-T001144,No,0.3723,2026-09-21T16:42:19.353279+00:00,baseline_v1
FT-T001145,No,0.3336,2026-09-21T16:42:19.353279+00:00,baseline_v1
FT-T001146,Yes,0.5421,2026-09-21T16:42:19.353279+00:00,baseline_v1
FT-T001147,No,0.3717,2026-09-21T16:42:19.353279+00:00,baseline_v1
FT-T001148,No,0.2955,2026-09-21T16:42:19.353279+00:00,baseline_v1
FT-T001149,No,0.4526,2026-09-21T16:42:19.353279+00:00,baseline_v1
FT-T001150,Yes,0.855,2026-09-21T16:42:19.353279+00:00,baseline_v1
FT-T001151,No,0.272,2026-09-21T16:42:19.353279+00:00,baseline_v1
FT-T001152,Yes,0.6251,2026-09-21T16:42:19.353279+00:00,baseline_v1
FT-T001153,No,0.3445,2026-09-21T16:42:19.353279+00:00,baseline_v1
FT-T001154,No,0.2551,2026-09-21T16:42:19.353279+00:00,baseline_v1
FT-T001155,No,0.2943,2026-09-21T16:42:19.353279+00:00,baseline_v1
FT-T001156,Yes,0.5279,2026-09-21T16:42:19.353279+00:00,baseline_v1
FT-T001157,Yes,0.5543,2026-09-21T16:42:19.353279+00:00,baseline_v1
FT-T001158,No,0.3985,2026-09-21T16:42:19.353279+00:00,baseline_v1
FT-T001159,No,0.314,2026-09-21T16:42:19.353279+00:00,baseline_v1
FT-T001160,No,0.3339,2026-09-21T16:42:19.353279+00:00,baseline_v1
FT-T001161,No,0.3885,2026-09-21T16:42:19.353279+00:00,baseline_v1
FT-T001162,No,0.4764,2026-09-21T16:42:19.353279+00:00,baseline_v1
FT-T001163,No,0.4651,2026-09-21T16:42:19.353279+00:00,baseline_v1
FT-T001164,No,0.2483,2026-09-21T16:42:19.353279+00:00,baseline_v1
FT-T001165,No,0.4855,2026-09-21T16:42:19.353279+00:00,baseline_v1
FT-T001166,No,0.3004,2026-09-21T16:42:19.353279+00:00,baseline_v1
FT-T001167,Yes,0.539,2026-09-21T16:42:19.353279+00:00,baseline_v1
FT-T001168,No,0.3547,2026-09-21T16:42:19.353279+00:00,baseline_v1
FT-T001169,Yes,0.5227,2026-09-21T16:42:19.353279+00:00,baseline_v1
FT-T001170,No,0.2838,2026-09-21T16:42:19.353279+00:00,baseline_v1
FT-T001171,Yes,0.53,2026-09-21T16:42:19.353279+00:00,baseline_v1
FT-T001172,No,0.4861,2026-09-21T16:42:19.353279+00:00,baseline_v1
FT-T001173,No,0.2588,2026-09-21T16:42:19.353279+00:00,baseline_v1
FT-T001174,No,0.2752,2026-09-21T16:42:19.353279+00:00,baseline_v1
FT-T001175,No,0.2865,2026-09-21T16:42:19.353279+00:00,baseline_v1
FT-T001176,No,0.4897,2026-09-21T16:42:19.353279+00:00,baseline_v1
FT-T001177,No,0.262,2026-09-21T16:42:19.353279+00:00,baseline_v1
FT-T001178,No,0.2666,2026-09-21T16:42:19.353279+00:00,baseline_v1
FT-T001179,Yes,0.6275,2026-09-21T16:42:19.353279+00:00,baseline_v1
FT-T001180,No,0.4853,2026-09-21T16:42:19.353279+00:00,baseline_v1
FT-T001181,Yes,0.6205,2026-09-21T16:42:19.353279+00:00,baseline_v1
FT-T001182,No,0.3002,2026-09-21T16:42:19.353279+00:00,baseline_v1
FT-T001183,No,0.2617,2026-09-21T16:42:19.353279+00:00,baseline_v1
FT-T001184,No,0.2075,2026-09-21T16:42:19.353279+00:00,baseline_v1
FT-T001185,No,0.4775,2026-09-21T16:42:19.353279+00:00,baseline_v1
FT-T001186,No,0.4884,2026-09-21T16:42:19.353279+00:00,baseline_v1
FT-T001187,No,0.2624,2026-09-21T16:42:19.353279+00:00,baseline_v1
FT-T001188,No,0.305,2026-09-21T16:42:19.353279+00:00,baseline_v1
FT-T001189,No,0.2935,2026-09-21T16:42:19.353279+00:00,baseline_v1
FT-T001190,No,0.3162,2026-09-21T16:42:19.353279+00:00,baseline_v1
FT-T001191,No,0.3302,2026-09-21T16:42:19.353279+00:00,baseline_v1
FT-T001192,No,0.301,2026-09-21T16:42:19.353279+00:00,baseline_v1
FT-T001193,No,0.2233,2026-09-21T16:42:19.353279+00:00,baseline_v1
FT-T001194,No,0.3419,2026-09-21T16:42:19.353279+00:00,baseline_v1
FT-T001195,Yes,0.5417,2026-09-21T16:42:19.353279+00:00,baseline_v1
FT-T001196,No,0.4271,2026-09-21T16:42:19.353279+00:00,baseline_v1
FT-T001197,No,0.4253,2026-09-21T16:42:19.353279+00:00,baseline_v1
FT-T001198,No,0.4326,2026-09-21T16:42:19.353279+00:00,baseline_v1
FT-T001199,No,0.3376,2026-09-21T16:42:19.353279+00:00,baseline_v1
FT-T001200,Yes,0.5348,2026-09-21T16:42:19.353279+00:00,baseline_v1
FT-T001201,Yes,0.7039,2026-09-21T16:42:19.353279+00:00,baseline_v1
FT-T001202,No,0.499,2026-09-21T16:42:19.353279+00:00,baseline_v1
FT-T001203,Yes,0.6552,2026-09-21T16:42:19.353279+00:00,baseline_v1
FT-T001204,Yes,0.67,2026-09-21T16:42:19.353279+00:00,baseline_v1
FT-T001205,No,0.4541,2026-09-21T16:42:19.353279+00:00,baseline_v1
FT-T001206,No,0.4498,2026-09-21T16:42:19.353279+00:00,baseline_v1
FT-T001207,No,0.449,2026-09-21T16:42:19.353279+00:00,baseline_v1
FT-T001208,Yes,0.6439,2026-09-21T16:42:19.353279+00:00,baseline_v1
FT-T001209,No,0.4278,2026-09-21T16:42:19.353279+00:00,baseline_v1
FT-T001210,Yes,0.7518,2026-09-21T16:42:19.353279+00:00,baseline_v1
FT-T001211,Yes,0.842,2026-09-21T16:42:19.353279+00:00,baseline_v1
FT-T001212,No,0.4172,2026-09-21T16:42:19.353279+00:00,baseline_v1
FT-T001213,Yes,0.5355,2026-09-21T16:42:19.353279+00:00,baseline_v1
FT-T001214,No,0.478,2026-09-21T16:42:19.353279+00:00,baseline_v1
FT-T001215,Yes,0.6302,2026-09-21T16:42:19.353279+00:00,baseline_v1
FT-T001216,No,0.4545,2026-09-21T16:42:19.353279+00:00,baseline_v1
FT-T001217,Yes,0.6426,2026-09-21T16:42:19.353279+00:00,baseline_v1
FT-T001218,Yes,0.7412,2026-09-21T16:42:19.353279+00:00,baseline_v1
FT-T001219,Yes,0.6399,2026-09-21T16:42:19.353279+00:00,baseline_v1
FT-T001220,Yes,0.6748,2026-09-21T16:42:19.353279+00:00,baseline_v1
FT-T001221,No,0.488,2026-09-21T16:42:19.353279+00:00,baseline_v1
FT-T001222,Yes,0.6406,2026-09-21T16:42:19.353279+00:00,baseline_v1
FT-T001223,Yes,0.6107,2026-09-21T16:42:19.353279+00:00,baseline_v1
FT-T001224,Yes,0.6625,2026-09-21T16:42:19.353279+00:00,baseline_v1
FT-T001225,Yes,0.6091,2026-09-21T16:42:19.353279+00:00,baseline_v1
FT-T001226,No,0.4513,2026-09-21T16:42:19.353279+00:00,baseline_v1
FT-T001227,No,0.4399,2026-09-21T16:42:19.353279+00:00,baseline_v1
FT-T001228,Yes,0.537,2026-09-21T16:42:19.353279+00:00,baseline_v1
FT-T001229,No,0.4542,2026-09-21T16:42:19.353279+00:00,baseline_v1
FT-T001230,No,0.3516,2026-09-21T16:42:19.353279+00:00,baseline_v1
FT-T001231,No,0.4613,2026-09-21T16:42:19.353279+00:00,baseline_v1
FT-T001232,Yes,0.667,2026-09-21T16:42:19.353279+00:00,baseline_v1
FT-T001233,No,0.3733,2026-09-21T16:42:19.353279+00:00,baseline_v1
FT-T001234,Yes,0.6002,2026-09-21T16:42:19.353279+00:00,baseline_v1
FT-T001235,Yes,0.6094,2026-09-21T16:42:19.353279+00:00,baseline_v1
FT-T001236,No,0.3798,2026-09-21T16:42:19.353279+00:00,baseline_v1
FT-T001237,Yes,0.7676,2026-09-21T16:42:19.353279+00:00,baseline_v1
FT-T001238,No,0.4062,2026-09-21T16:42:19.353279+00:00,baseline_v1
FT-T001239,Yes,0.5398,2026-09-21T16:42:19.353279+00:00,baseline_v1
FT-T001240,Yes,0.6832,2026-09-21T16:42:19.353279+00:00,baseline_v1
FT-T001241,Yes,0.7365,2026-09-21T16:42:19.353279+00:00,baseline_v1
FT-T001242,No,0.3767,2026-09-21T16:42:19.353279+00:00,baseline_v1
FT-T001243,Yes,0.6471,2026-09-21T16:42:19.353279+00:00,baseline_v1
FT-T001244,Yes,0.758,2026-09-21T16:42:19.353279+00:00,baseline_v1
FT-T001245,Yes,0.6549,2026-09-21T16:42:19.353279+00:00,baseline_v1
FT-T001246,Yes,0.554,2026-09-21T16:42:19.353279+00:00,baseline_v1
FT-T001247,Yes,0.5733,2026-09-21T16:42:19.353279+00:00,baseline_v1
FT-T001248,No,0.4344,2026-09-21T16:42:19.353279+00:00,baseline_v1
FT-T001249,Yes,0.6406,2026-09-21T16:42:19.353279+00:00,baseline_v1
FT-T001250,No,0.4113,2026-09-21T16:42:19.353279+00:00,baseline_v1
FT-T001251,Yes,0.8173,2026-09-21T16:42:19.353279+00:00,baseline_v1
FT-T001252,No,0.4313,2026-09-21T16:42:19.353279+00:00,baseline_v1
FT-T001253,No,0.3528,2026-09-21T16:42:19.353279+00:00,baseline_v1
FT-T001254,No,0.4252,2026-09-21T16:42:19.353279+00:00,baseline_v1
FT-T001255,No,0.3591,2026-09-21T16:42:19.353279+00:00,baseline_v1
FT-T001256,No,0.3534,2026-09-21T16:42:19.353279+00:00,baseline_v1
FT-T001257,Yes,0.5415,2026-09-21T16:42:19.353279+00:00,baseline_v1
FT-T001258,No,0.4343,2026-09-21T16:42:19.353279+00:00,baseline_v1
FT-T001259,Yes,0.6374,2026-09-21T16:42:19.353279+00:00,baseline_v1
FT-T001260,No,0.3613,2026-09-21T16:42:19.353279+00:00,baseline_v1
FT-T001261,No,0.4522,2026-09-21T16:42:19.353279+00:00,baseline_v1
FT-T001262,No,0.4039,2026-09-21T16:42:19.353279+00:00,baseline_v1
FT-T001263,No,0.3242,2026-09-21T16:42:19.353279+00:00,baseline_v1
FT-T001264,No,0.2794,2026-09-21T16:42:19.353279+00:00,baseline_v1
FT-T001265,No,0.482,2026-09-21T16:42:19.353279+00:00,baseline_v1
FT-T001266,No,0.3477,2026-09-21T16:42:19.353279+00:00,baseline_v1
FT-T001267,Yes,0.5831,2026-09-21T16:42:19.353279+00:00,baseline_v1
FT-T001268,No,0.3481,2026-09-21T16:42:19.353279+00:00,baseline_v1
FT-T001269,No,0.3497,2026-09-21T16:42:19.353279+00:00,baseline_v1
FT-T001270,No,0.4935,2026-09-21T16:42:19.353279+00:00,baseline_v1
FT-T001271,Yes,0.8123,2026-09-21T16:42:19.353279+00:00,baseline_v1
FT-T001272,No,0.4013,2026-09-21T16:42:19.353279+00:00,baseline_v1
FT-T001273,No,0.3806,2026-09-21T16:42:19.353279+00:00,baseline_v1
FT-T001274,Yes,0.5293,2026-09-21T16:42:19.353279+00:00,baseline_v1
FT-T001275,No,0.3477,2026-09-21T16:42:19.353279+00:00,baseline_v1
FT-T001276,No,0.3196,2026-09-21T16:42:19.353279+00:00,baseline_v1
FT-T001277,No,0.4589,2026-09-21T16:42:19.353279+00:00,baseline_v1
FT-T001278,Yes,0.5525,2026-09-21T16:42:19.353279+00:00,baseline_v1
FT-T001279,No,0.3285,2026-09-21T16:42:19.353279+00:00,baseline_v1
FT-T001280,Yes,0.5456,2026-09-21T16:42:19.353279+00:00,baseline_v1
FT-T001281,No,0.3057,2026-09-21T16:42:19.353279+00:00,baseline_v1
FT-T001282,No,0.3543,2026-09-21T16:42:19.353279+00:00,baseline_v1
FT-T001283,No,0.4999,2026-09-21T16:42:19.353279+00:00,baseline_v1
FT-T001284,No,0.4616,2026-09-21T16:42:19.353279+00:00,baseline_v1
FT-T001285,No,0.3183,2026-09-21T16:42:19.353279+00:00,baseline_v1
FT-T001286,No,0.3042,2026-09-21T16:42:19.353279+00:00,baseline_v1
FT-T001287,Yes,0.7072,2026-09-21T16:42:19.353279+00:00,baseline_v1
FT-T001288,No,0.2993,2026-09-21T16:42:19.353279+00:00,baseline_v1
FT-T001289,Yes,0.505,2026-09-21T16:42:19.353279+00:00,baseline_v1
FT-T001290,No,0.3635,2026-09-21T16:42:19.353279+00:00,baseline_v1
FT-T001291,No,0.3373,2026-09-21T16:42:19.353279+00:00,baseline_v1
FT-T001292,Yes,0.5096,2026-09-21T16:42:19.353279+00:00,baseline_v1
FT-T001293,Yes,0.5798,2026-09-21T16:42:19.353279+00:00,baseline_v1
FT-T001294,No,0.257,2026-09-21T16:42:19.353279+00:00,baseline_v1
FT-T001295,No,0.2873,2026-09-21T16:42:19.353279+00:00,baseline_v1
FT-T001296,No,0.276,2026-09-21T16:42:19.353279+00:00,baseline_v1
FT-T001297,Yes,0.6602,2026-09-21T16:42:19.353279+00:00,baseline_v1
FT-T001298,No,0.4572,2026-09-21T16:42:19.353279+00:00,baseline_v1
FT-T001299,No,0.3867,2026-09-21T16:42:19.353279+00:00,baseline_v1
FT-T001300,No,0.2428,2026-09-21T16:42:19.353279+00:00,baseline_v1
FT-T001301,No,0.2953,2026-09-21T16:42:19.353279+00:00,baseline_v1
FT-T001302,No,0.4791,2026-09-21T16:42:19.353279+00:00,baseline_v1
FT-T001303,No,0.2947,2026-09-21T16:42:19.353279+00:00,baseline_v1
FT-T001304,No,0.4285,2026-09-21T16:42:19.353279+00:00,baseline_v1
FT-T001305,No,0.2621,2026-09-21T16:42:19.353279+00:00,baseline_v1
FT-T001306,No,0.2825,2026-09-21T16:42:19.353279+00:00,baseline_v1
FT-T001307,No,0.2419,2026-09-21T16:42:19.353279+00:00,baseline_v1
FT-T001308,Yes,0.5672,2026-09-21T16:42:19.353279+00:00,baseline_v1
FT-T001309,No,0.2882,2026-09-21T16:42:19.353279+00:00,baseline_v1
FT-T001310,No,0.2682,2026-09-21T16:42:19.353279+00:00,baseline_v1
FT-T001311,No,0.3671,2026-09-21T16:42:19.353279+00:00,baseline_v1
FT-T001312,Yes,0.5911,2026-09-21T16:42:19.353279+00:00,baseline_v1
FT-T001313,No,0.1867,2026-09-21T16:42:19.353279+00:00,baseline_v1
FT-T001314,No,0.4082,2026-09-21T16:42:19.353279+00:00,baseline_v1
FT-T001315,No,0.4519,2026-09-21T16:42:19.353279+00:00,baseline_v1
FT-T001316,No,0.4855,2026-09-21T16:42:19.353279+00:00,baseline_v1
FT-T001317,No,0.338,2026-09-21T16:42:19.353279+00:00,baseline_v1
FT-T001318,No,0.4974,2026-09-21T16:42:19.353279+00:00,baseline_v1
FT-T001319,No,0.23,2026-09-21T16:42:19.353279+00:00,baseline_v1
FT-T001320,No,0.3506,2026-09-21T16:42:19.353279+00:00,baseline_v1
FT-T001321,No,0.3599,2026-09-21T16:42:19.353279+00:00,baseline_v1
FT-T001322,No,0.3172,2026-09-21T16:42:19.353279+00:00,baseline_v1
FT-T001323,No,0.2654,2026-09-21T16:42:19.353279+00:00,baseline_v1
FT-T001324,No,0.4956,2026-09-21T16:42:19.353279+00:00,baseline_v1
FT-T001325,Yes,0.5449,2026-09-21T16:42:19.353279+00:00,baseline_v1
FT-T001326,No,0.466,2026-09-21T16:42:19.353279+00:00,baseline_v1
FT-T001327,No,0.4279,2026-09-21T16:42:19.353279+00:00,baseline_v1
FT-T001328,No,0.3494,2026-09-21T16:42:19.353279+00:00,baseline_v1
FT-T001329,No,0.4636,2026-09-21T16:42:19.353279+00:00,baseline_v1
FT-T001330,No,0.3432,2026-09-21T16:42:19.353279+00:00,baseline_v1
FT-T001331,No,0.2992,2026-09-21T16:42:19.353279+00:00,baseline_v1
FT-T001332,No,0.2625,2026-09-21T16:42:19.353279+00:00,baseline_v1
FT-T001333,No,0.472,2026-09-21T16:42:19.353279+00:00,baseline_v1
FT-T001334,No,0.3031,2026-09-21T16:42:19.353279+00:00,baseline_v1
FT-T001335,Yes,0.6924,2026-09-21T16:42:19.353279+00:00,baseline_v1
FT-T001336,Yes,0.5003,2026-09-21T16:42:19.353279+00:00,baseline_v1
FT-T001337,No,0.4661,2026-09-21T16:42:19.353279+00:00,baseline_v1
FT-T001338,Yes,0.6322,2026-09-21T16:42:19.353279+00:00,baseline_v1
FT-T001339,Yes,0.7371,2026-09-21T16:42:19.353279+00:00,baseline_v1
FT-T001340,No,0.4359,2026-09-21T16:42:19.353279+00:00,baseline_v1
FT-T001341,No,0.4489,2026-09-21T16:42:19.353279+00:00,baseline_v1
FT-T001342,No,0.4548,2026-09-21T16:42:19.353279+00:00,baseline_v1
FT-T001343,No,0.4845,2026-09-21T16:42:19.353279+00:00,baseline_v1
FT-T001344,Yes,0.8438,2026-09-21T16:42:19.353279+00:00,baseline_v1
FT-T001345,Yes,0.6435,2026-09-21T16:42:19.353279+00:00,baseline_v1
FT-T001346,No,0.3681,2026-09-21T16:42:19.353279+00:00,baseline_v1
FT-T001347,Yes,0.5456,2026-09-21T16:42:19.353279+00:00,baseline_v1
FT-T001348,No,0.4996,2026-09-21T16:42:19.353279+00:00,baseline_v1
FT-T001349,No,0.4187,2026-09-21T16:42:19.353279+00:00,baseline_v1
FT-T001350,No,0.4261,2026-09-21T16:42:19.353279+00:00,baseline_v1
FT-T001351,Yes,0.833,2026-09-21T16:42:19.353279+00:00,baseline_v1
FT-T001352,No,0.4704,2026-09-21T16:42:19.353279+00:00,baseline_v1
FT-T001353,Yes,0.5109,2026-09-21T16:42:19.353279+00:00,baseline_v1
FT-T001354,No,0.4136,2026-09-21T16:42:19.353279+00:00,baseline_v1
FT-T001355,No,0.4783,2026-09-21T16:42:19.353279+00:00,baseline_v1
FT-T001356,Yes,0.7194,2026-09-21T16:42:19.353279+00:00,baseline_v1
FT-T001357,No,0.4666,2026-09-21T16:42:19.353279+00:00,baseline_v1
FT-T001358,Yes,0.7945,2026-09-21T16:42:19.353279+00:00,baseline_v1
FT-T001359,No,0.4158,2026-09-21T16:42:19.353279+00:00,baseline_v1
FT-T001360,No,0.4423,2026-09-21T16:42:19.353279+00:00,baseline_v1
FT-T001361,Yes,0.5028,2026-09-21T16:42:19.353279+00:00,baseline_v1
FT-T001362,Yes,0.5323,2026-09-21T16:42:19.353279+00:00,baseline_v1
FT-T001363,No,0.4008,2026-09-21T16:42:19.353279+00:00,baseline_v1
FT-T001364,No,0.3767,2026-09-21T16:42:19.353279+00:00,baseline_v1
FT-T001365,No,0.3967,2026-09-21T16:42:19.353279+00:00,baseline_v1
FT-T001366,Yes,0.5928,2026-09-21T16:42:19.353279+00:00,baseline_v1
FT-T001367,Yes,0.5927,2026-09-21T16:42:19.353279+00:00,baseline_v1
FT-T001368,No,0.4696,2026-09-21T16:42:19.353279+00:00,baseline_v1
FT-T001369,Yes,0.5178,2026-09-21T16:42:19.353279+00:00,baseline_v1
FT-T001370,Yes,0.6152,2026-09-21T16:42:19.353279+00:00,baseline_v1
FT-T001371,Yes,0.5952,2026-09-21T16:42:19.353279+00:00,baseline_v1
FT-T001372,No,0.3292,2026-09-21T16:42:19.353279+00:00,baseline_v1
FT-T001373,Yes,0.6653,2026-09-21T16:42:19.353279+00:00,baseline_v1
FT-T001374,No,0.4932,2026-09-21T16:42:19.353279+00:00,baseline_v1
FT-T001375,No,0.4528,2026-09-21T16:42:19.353279+00:00,baseline_v1
FT-T001376,No,0.3955,2026-09-21T16:42:19.353279+00:00,baseline_v1
FT-T001377,No,0.4373,2026-09-21T16:42:19.353279+00:00,baseline_v1
FT-T001378,No,0.4147,2026-09-21T16:42:19.353279+00:00,baseline_v1
FT-T001379,Yes,0.6298,2026-09-21T16:42:19.353279+00:00,baseline_v1
FT-T001380,Yes,0.6662,2026-09-21T16:42:19.353279+00:00,baseline_v1
FT-T001381,No,0.4257,2026-09-21T16:42:19.353279+00:00,baseline_v1
FT-T001382,Yes,0.6887,2026-09-21T16:42:19.353279+00:00,baseline_v1
FT-T001383,Yes,0.6159,2026-09-21T16:42:19.353279+00:00,baseline_v1
FT-T001384,Yes,0.671,2026-09-21T16:42:19.353279+00:00,baseline_v1
FT-T001385,No,0.395,2026-09-21T16:42:19.353279+00:00,baseline_v1
FT-T001386,No,0.3736,2026-09-21T16:42:19.353279+00:00,baseline_v1
FT-T001387,No,0.4508,2026-09-21T16:42:19.353279+00:00,baseline_v1
FT-T001388,No,0.3663,2026-09-21T16:42:19.353279+00:00,baseline_v1
FT-T001389,No,0.3678,2026-09-21T16:42:19.353279+00:00,baseline_v1
FT-T001390,Yes,0.5914,2026-09-21T16:42:19.353279+00:00,baseline_v1
FT-T001391,No,0.3535,2026-09-21T16:42:19.353279+00:00,baseline_v1
FT-T001392,Yes,0.594,2026-09-21T16:42:19.353279+00:00,baseline_v1
FT-T001393,Yes,0.7047,2026-09-21T16:42:19.353279+00:00,baseline_v1
FT-T001394,Yes,0.7862,2026-09-21T16:42:19.353279+00:00,baseline_v1
FT-T001395,No,0.4406,2026-09-21T16:42:19.353279+00:00,baseline_v1
FT-T001396,Yes,0.5089,2026-09-21T16:42:19.353279+00:00,baseline_v1
FT-T001397,Yes,0.5871,2026-09-21T16:42:19.353279+00:00,baseline_v1
FT-T001398,No,0.4677,2026-09-21T16:42:19.353279+00:00,baseline_v1
FT-T001399,Yes,0.7688,2026-09-21T16:42:19.353279+00:00,baseline_v1
FT-T001400,Yes,0.5976,2026-09-21T16:42:19.353279+00:00,baseline_v1
FT-T001401,No,0.3769,2026-09-21T16:42:19.353279+00:00,baseline_v1
FT-T001402,Yes,0.7421,2026-09-21T16:42:19.353279+00:00,baseline_v1
FT-T001403,No,0.4265,2026-09-21T16:42:19.353279+00:00,baseline_v1
FT-T001404,No,0.3848,2026-09-21T16:42:19.353279+00:00,baseline_v1
FT-T001405,Yes,0.546,2026-09-21T16:42:19.353279+00:00,baseline_v1
FT-T001406,Yes,0.7636,2026-09-21T16:42:19.353279+00:00,baseline_v1
FT-T001407,No,0.2918,2026-09-21T16:42:19.353279+00:00,baseline_v1
FT-T001408,No,0.3585,2026-09-21T16:42:19.353279+00:00,baseline_v1
FT-T001409,Yes,0.518,2026-09-21T16:42:19.353279+00:00,baseline_v1
FT-T001410,No,0.3929,2026-09-21T16:42:19.353279+00:00,baseline_v1
FT-T001411,Yes,0.5378,2026-09-21T16:42:19.353279+00:00,baseline_v1
FT-T001412,Yes,0.602,2026-09-21T16:42:19.353279+00:00,baseline_v1
FT-T001413,No,0.2854,2026-09-21T16:42:19.353279+00:00,baseline_v1
FT-T001414,Yes,0.5089,2026-09-21T16:42:19.353279+00:00,baseline_v1
FT-T001415,No,0.281,2026-09-21T16:42:19.353279+00:00,baseline_v1
FT-T001416,Yes,0.5153,2026-09-21T16:42:19.353279+00:00,baseline_v1
FT-T001417,No,0.3968,2026-09-21T16:42:19.353279+00:00,baseline_v1
FT-T001418,Yes,0.5747,2026-09-21T16:42:19.353279+00:00,baseline_v1
FT-T001419,Yes,0.5679,2026-09-21T16:42:19.353279+00:00,baseline_v1
FT-T001420,No,0.3069,2026-09-21T16:42:19.353279+00:00,baseline_v1
FT-T001421,No,0.496,2026-09-21T16:42:19.353279+00:00,baseline_v1
FT-T001422,Yes,0.5724,2026-09-21T16:42:19.353279+00:00,baseline_v1
FT-T001423,No,0.3094,2026-09-21T16:42:19.353279+00:00,baseline_v1
FT-T001424,No,0.2804,2026-09-21T16:42:19.353279+00:00,baseline_v1
FT-T001425,Yes,0.5823,2026-09-21T16:42:19.353279+00:00,baseline_v1
FT-T001426,No,0.2476,2026-09-21T16:42:19.353279+00:00,baseline_v1
FT-T001427,No,0.3558,2026-09-21T16:42:19.353279+00:00,baseline_v1
FT-T001428,Yes,0.5932,2026-09-21T16:42:19.353279+00:00,baseline_v1
FT-T001429,No,0.2943,2026-09-21T16:42:19.353279+00:00,baseline_v1
FT-T001430,No,0.4772,2026-09-21T16:42:19.353279+00:00,baseline_v1
FT-T001431,No,0.3495,2026-09-21T16:42:19.353279+00:00,baseline_v1
FT-T001432,No,0.279,2026-09-21T16:42:19.353279+00:00,baseline_v1
FT-T001433,No,0.4455,2026-09-21T16:42:19.353279+00:00,baseline_v1
FT-T001434,No,0.4741,2026-09-21T16:42:19.353279+00:00,baseline_v1
FT-T001435,No,0.3552,2026-09-21T16:42:19.353279+00:00,baseline_v1
FT-T001436,No,0.441,2026-09-21T16:42:19.353279+00:00,baseline_v1
FT-T001437,No,0.2765,2026-09-21T16:42:19.353279+00:00,baseline_v1
FT-T001438,No,0.364,2026-09-21T16:42:19.353279+00:00,baseline_v1
FT-T001439,No,0.358,2026-09-21T16:42:19.353279+00:00,baseline_v1
FT-T001440,No,0.2992,2026-09-21T16:42:19.353279+00:00,baseline_v1
FT-T001441,Yes,0.5137,2026-09-21T16:42:19.353279+00:00,baseline_v1
FT-T001442,No,0.3527,2026-09-21T16:42:19.353279+00:00,baseline_v1
FT-T001443,No,0.2909,2026-09-21T16:42:19.353279+00:00,baseline_v1
FT-T001444,Yes,0.5076,2026-09-21T16:42:19.353279+00:00,baseline_v1
FT-T001445,No,0.2544,2026-09-21T16:42:19.353279+00:00,baseline_v1
FT-T001446,No,0.4513,2026-09-21T16:42:19.353279+00:00,baseline_v1
FT-T001447,Yes,0.7387,2026-09-21T16:42:19.353279+00:00,baseline_v1
FT-T001448,No,0.4816,2026-09-21T16:42:19.353279+00:00,baseline_v1
FT-T001449,Yes,0.5162,2026-09-21T16:42:19.353279+00:00,baseline_v1
FT-T001450,Yes,0.5221,2026-09-21T16:42:19.353279+00:00,baseline_v1
FT-T001451,No,0.2059,2026-09-21T16:42:19.353279+00:00,baseline_v1
FT-T001452,No,0.2929,2026-09-21T16:42:19.353279+00:00,baseline_v1
FT-T001453,Yes,0.6787,2026-09-21T16:42:19.353279+00:00,baseline_v1
FT-T001454,No,0.4926,2026-09-21T16:42:19.353279+00:00,baseline_v1
FT-T001455,Yes,0.7217,2026-09-21T16:42:19.353279+00:00,baseline_v1
FT-T001456,No,0.4903,2026-09-21T16:42:19.353279+00:00,baseline_v1
FT-T001457,No,0.4874,2026-09-21T16:42:19.353279+00:00,baseline_v1
FT-T001458,No,0.2689,2026-09-21T16:42:19.353279+00:00,baseline_v1
FT-T001459,No,0.221,2026-09-21T16:42:19.353279+00:00,baseline_v1
FT-T001460,No,0.2422,2026-09-21T16:42:19.353279+00:00,baseline_v1
FT-T001461,No,0.2443,2026-09-21T16:42:19.353279+00:00,baseline_v1
FT-T001462,No,0.3238,2026-09-21T16:42:19.353279+00:00,baseline_v1
FT-T001463,No,0.4392,2026-09-21T16:42:19.353279+00:00,baseline_v1
FT-T001464,No,0.4808,2026-09-21T16:42:19.353279+00:00,baseline_v1
FT-T001465,No,0.2984,2026-09-21T16:42:19.353279+00:00,baseline_v1
FT-T001466,No,0.2673,2026-09-21T16:42:19.353279+00:00,baseline_v1
FT-T001467,Yes,0.5071,2026-09-21T16:42:19.353279+00:00,baseline_v1
FT-T001468,No,0.4422,2026-09-21T16:42:19.353279+00:00,baseline_v1
FT-T001469,Yes,0.7004,2026-09-21T16:42:19.353279+00:00,baseline_v1
FT-T001470,Yes,0.6476,2026-09-21T16:42:19.353279+00:00,baseline_v1
FT-T001471,No,0.3927,2026-09-21T16:42:19.353279+00:00,baseline_v1
FT-T001472,Yes,0.7871,2026-09-21T16:42:19.353279+00:00,baseline_v1
FT-T001473,Yes,0.5281,2026-09-21T16:42:19.353279+00:00,baseline_v1
FT-T001474,Yes,0.6103,2026-09-21T16:42:19.353279+00:00,baseline_v1
FT-T001475,Yes,0.6599,2026-09-21T16:42:19.353279+00:00,baseline_v1
FT-T001476,Yes,0.6556,2026-09-21T16:42:19.353279+00:00,baseline_v1
FT-T001477,Yes,0.6308,2026-09-21T16:42:19.353279+00:00,baseline_v1
FT-T001478,Yes,0.6895,2026-09-21T16:42:19.353279+00:00,baseline_v1
FT-T001479,No,0.4203,2026-09-21T16:42:19.353279+00:00,baseline_v1
FT-T001480,No,0.4338,2026-09-21T16:42:19.353279+00:00,baseline_v1
FT-T001481,No,0.4931,2026-09-21T16:42:19.353279+00:00,baseline_v1
FT-T001482,No,0.388,2026-09-21T16:42:19.353279+00:00,baseline_v1
FT-T001483,Yes,0.606,2026-09-21T16:42:19.353279+00:00,baseline_v1
FT-T001484,Yes,0.7293,2026-09-21T16:42:19.353279+00:00,baseline_v1
FT-T001485,No,0.4278,2026-09-21T16:42:19.353279+00:00,baseline_v1
FT-T001486,No,0.4106,2026-09-21T16:42:19.353279+00:00,baseline_v1
FT-T001487,Yes,0.6224,2026-09-21T16:42:19.353279+00:00,baseline_v1
FT-T001488,Yes,0.7049,2026-09-21T16:42:19.353279+00:00,baseline_v1
FT-T001489,No,0.3521,2026-09-21T16:42:19.353279+00:00,baseline_v1
FT-T001490,No,0.4349,2026-09-21T16:42:19.353279+00:00,baseline_v1
FT-T001491,Yes,0.5787,2026-09-21T16:42:19.353279+00:00,baseline_v1
FT-T001492,No,0.3859,2026-09-21T16:42:19.353279+00:00,baseline_v1
FT-T001493,No,0.4003,2026-09-21T16:42:19.353279+00:00,baseline_v1
FT-T001494,No,0.4494,2026-09-21T16:42:19.353279+00:00,baseline_v1
FT-T001495,No,0.4039,2026-09-21T16:42:19.353279+00:00,baseline_v1
FT-T001496,No,0.4442,2026-09-21T16:42:19.353279+00:00,baseline_v1
FT-T001497,No,0.3763,2026-09-21T16:42:19.353279+00:00,baseline_v1
FT-T001498,Yes,0.7416,2026-09-21T16:42:19.353279+00:00,baseline_v1
FT-T001499,No,0.4711,2026-09-21T16:42:19.353279+00:00,baseline_v1
FT-T001500,No,0.3964,2026-09-21T16:42:19.353279+00:00,baseline_v1
FT-T001501,No,0.4159,2026-09-21T16:42:19.353279+00:00,baseline_v1
FT-T001502,Yes,0.5217,2026-09-21T16:42:19.353279+00:00,baseline_v1
FT-T001503,No,0.3166,2026-09-21T16:42:19.353279+00:00,baseline_v1
FT-T001504,Yes,0.783,2026-09-21T16:42:19.353279+00:00,baseline_v1
FT-T001505,Yes,0.769,2026-09-21T16:42:19.353279+00:00,baseline_v1
FT-T001506,No,0.4118,2026-09-21T16:42:19.353279+00:00,baseline_v1
FT-T001507,No,0.3537,2026-09-21T16:42:19.353279+00:00,baseline_v1
FT-T001508,Yes,0.5762,2026-09-21T16:42:19.353279+00:00,baseline_v1
FT-T001509,No,0.3351,2026-09-21T16:42:19.353279+00:00,baseline_v1
FT-T001510,No,0.4098,2026-09-21T16:42:19.353279+00:00,baseline_v1
FT-T001511,Yes,0.754,2026-09-21T16:42:19.353279+00:00,baseline_v1
FT-T001512,No,0.4121,2026-09-21T16:42:19.353279+00:00,baseline_v1
FT-T001513,No,0.4176,2026-09-21T16:42:19.353279+00:00,baseline_v1
FT-T001514,No,0.328,2026-09-21T16:42:19.353279+00:00,baseline_v1
FT-T001515,No,0.4404,2026-09-21T16:42:19.353279+00:00,baseline_v1
FT-T001516,No,0.3172,2026-09-21T16:42:19.353279+00:00,baseline_v1
FT-T001517,No,0.3582,2026-09-21T16:42:19.353279+00:00,baseline_v1
FT-T001518,Yes,0.6199,2026-09-21T16:42:19.353279+00:00,baseline_v1
FT-T001519,No,0.3843,2026-09-21T16:42:19.353279+00:00,baseline_v1
FT-T001520,Yes,0.5444,2026-09-21T16:42:19.353279+00:00,baseline_v1
FT-T001521,No,0.4226,2026-09-21T16:42:19.353279+00:00,baseline_v1
FT-T001522,Yes,0.7298,2026-09-21T16:42:19.353279+00:00,baseline_v1
FT-T001523,No,0.449,2026-09-21T16:42:19.353279+00:00,baseline_v1
FT-T001524,No,0.4307,2026-09-21T16:42:19.353279+00:00,baseline_v1
FT-T001525,No,0.4144,2026-09-21T16:42:19.353279+00:00,baseline_v1
FT-T001526,Yes,0.6252,2026-09-21T16:42:19.353279+00:00,baseline_v1
FT-T001527,Yes,0.5389,2026-09-21T16:42:19.353279+00:00,baseline_v1
FT-T001528,Yes,0.649,2026-09-21T16:42:19.353279+00:00,baseline_v1
FT-T001529,No,0.2763,2026-09-21T16:42:19.353279+00:00,baseline_v1
FT-T001530,No,0.378,2026-09-21T16:42:19.353279+00:00,baseline_v1
FT-T001531,No,0.3347,2026-09-21T16:42:19.353279+00:00,baseline_v1
FT-T001532,Yes,0.5698,2026-09-21T16:42:19.353279+00:00,baseline_v1
FT-T001533,Yes,0.6692,2026-09-21T16:42:19.353279+00:00,baseline_v1
FT-T001534,Yes,0.5066,2026-09-21T16:42:19.353279+00:00,baseline_v1
FT-T001535,Yes,0.5358,2026-09-21T16:42:19.353279+00:00,baseline_v1
FT-T001536,No,0.3322,2026-09-21T16:42:19.353279+00:00,baseline_v1
FT-T001537,No,0.3059,2026-09-21T16:42:19.353279+00:00,baseline_v1
FT-T001538,No,0.4978,2026-09-21T16:42:19.353279+00:00,baseline_v1
FT-T001539,Yes,0.9154,2026-09-21T16:42:19.353279+00:00,baseline_v1
FT-T001540,Yes,0.5768,2026-09-21T16:42:19.353279+00:00,baseline_v1
FT-T001541,No,0.2987,2026-09-21T16:42:19.353279+00:00,baseline_v1
FT-T001542,No,0.4327,2026-09-21T16:42:19.353279+00:00,baseline_v1
FT-T001543,Yes,0.5372,2026-09-21T16:42:19.353279+00:00,baseline_v1
FT-T001544,No,0.4316,2026-09-21T16:42:19.353279+00:00,baseline_v1
FT-T001545,No,0.4437,2026-09-21T16:42:19.353279+00:00,baseline_v1
FT-T001546,No,0.328,2026-09-21T16:42:19.353279+00:00,baseline_v1
FT-T001547,Yes,0.5228,2026-09-21T16:42:19.353279+00:00,baseline_v1
FT-T001548,No,0.3439,2026-09-21T16:42:19.353279+00:00,baseline_v1
FT-T001549,No,0.4109,2026-09-21T16:42:19.353279+00:00,baseline_v1
FT-T001550,No,0.3929,2026-09-21T16:42:19.353279+00:00,baseline_v1
FT-T001551,Yes,0.5513,2026-09-21T16:42:19.353279+00:00,baseline_v1
FT-T001552,No,0.2958,2026-09-21T16:42:19.353279+00:00,baseline_v1
FT-T001553,No,0.2507,2026-09-21T16:42:19.353279+00:00,baseline_v1
FT-T001554,No,0.3466,2026-09-21T16:42:19.353279+00:00,baseline_v1
FT-T001555,Yes,0.6029,2026-09-21T16:42:19.353279+00:00,baseline_v1
FT-T001556,Yes,0.5135,2026-09-21T16:42:19.353279+00:00,baseline_v1
FT-T001557,No,0.4568,2026-09-21T16:42:19.353279+00:00,baseline_v1
FT-T001558,No,0.3868,2026-09-21T16:42:19.353279+00:00,baseline_v1
FT-T001559,Yes,0.581,2026-09-21T16:42:19.353279+00:00,baseline_v1
FT-T001560,No,0.3764,2026-09-21T16:42:19.353279+00:00,baseline_v1
FT-T001561,No,0.4478,2026-09-21T16:42:19.353279+00:00,baseline_v1
FT-T001562,Yes,0.7088,2026-09-21T16:42:19.353279+00:00,baseline_v1
FT-T001563,No,0.317,2026-09-21T16:42:19.353279+00:00,baseline_v1
FT-T001564,No,0.4731,2026-09-21T16:42:19.353279+00:00,baseline_v1
FT-T001565,No,0.2684,2026-09-21T16:42:19.353279+00:00,baseline_v1
FT-T001566,Yes,0.7829,2026-09-21T16:42:19.353279+00:00,baseline_v1
FT-T001567,No,0.4015,2026-09-21T16:42:19.353279+00:00,baseline_v1
FT-T001568,No,0.4542,2026-09-21T16:42:19.353279+00:00,baseline_v1
FT-T001569,No,0.3748,2026-09-21T16:42:19.353279+00:00,baseline_v1
FT-T001570,No,0.355,2026-09-21T16:42:19.353279+00:00,baseline_v1
FT-T001571,No,0.3108,2026-09-21T16:42:19.353279+00:00,baseline_v1
FT-T001572,No,0.2718,2026-09-21T16:42:19.353279+00:00,baseline_v1
FT-T001573,No,0.2494,2026-09-21T16:42:19.353279+00:00,baseline_v1
FT-T001574,No,0.2144,2026-09-21T16:42:19.353279+00:00,baseline_v1
FT-T001575,Yes,0.6145,2026-09-21T16:42:19.353279+00:00,baseline_v1
FT-T001576,No,0.4997,2026-09-21T16:42:19.353279+00:00,baseline_v1
FT-T001577,Yes,0.8457,2026-09-21T16:42:19.353279+00:00,baseline_v1
FT-T001578,No,0.3033,2026-09-21T16:42:19.353279+00:00,baseline_v1
FT-T001579,No,0.2577,2026-09-21T16:42:19.353279+00:00,baseline_v1
FT-T001580,No,0.2846,2026-09-21T16:42:19.353279+00:00,baseline_v1
FT-T001581,No,0.4907,2026-09-21T16:42:19.353279+00:00,baseline_v1
FT-T001582,No,0.2495,2026-09-21T16:42:19.353279+00:00,baseline_v1
FT-T001583,No,0.2483,2026-09-21T16:42:19.353279+00:00,baseline_v1
FT-T001584,No,0.4184,2026-09-21T16:42:19.353279+00:00,baseline_v1
FT-T001585,No,0.2897,2026-09-21T16:42:19.353279+00:00,baseline_v1
FT-T001586,No,0.4432,2026-09-21T16:42:19.353279+00:00,baseline_v1
FT-T001587,No,0.4758,2026-09-21T16:42:19.353279+00:00,baseline_v1
FT-T001588,No,0.2667,2026-09-21T16:42:19.353279+00:00,baseline_v1
FT-T001589,Yes,0.5474,2026-09-21T16:42:19.353279+00:00,baseline_v1
FT-T001590,No,0.4522,2026-09-21T16:42:19.353279+00:00,baseline_v1
FT-T001591,No,0.2871,2026-09-21T16:42:19.353279+00:00,baseline_v1
FT-T001592,No,0.4433,2026-09-21T16:42:19.353279+00:00,baseline_v1
FT-T001593,No,0.3,2026-09-21T16:42:19.353279+00:00,baseline_v1
FT-T001594,No,0.4743,2026-09-21T16:42:19.353279+00:00,baseline_v1
FT-T001595,No,0.4401,2026-09-21T16:42:19.353279+00:00,baseline_v1
FT-T001596,No,0.4926,2026-09-21T16:42:19.353279+00:00,baseline_v1
FT-T001597,No,0.4346,2026-09-21T16:42:19.353279+00:00,baseline_v1
FT-T001598,No,0.2349,2026-09-21T16:42:19.353279+00:00,baseline_v1
FT-T001599,No,0.2332,2026-09-21T16:42:19.353279+00:00,baseline_v1
FT-T001600,No,0.4188,2026-09-21T16:42:19.353279+00:00,baseline_v1
FT-T001601,Yes,0.6153,2026-09-21T16:42:19.353279+00:00,baseline_v1
FT-T001602,Yes,0.6505,2026-09-21T16:42:19.353279+00:00,baseline_v1
FT-T001603,No,0.4365,2026-09-21T16:42:19.353279+00:00,baseline_v1
FT-T001604,Yes,0.6691,2026-09-21T16:42:19.353279+00:00,baseline_v1
FT-T001605,No,0.362,2026-09-21T16:42:19.353279+00:00,baseline_v1
FT-T001606,Yes,0.7006,2026-09-21T16:42:19.353279+00:00,baseline_v1
FT-T001607,Yes,0.7828,2026-09-21T16:42:19.353279+00:00,baseline_v1
FT-T001608,No,0.4125,2026-09-21T16:42:19.353279+00:00,baseline_v1
FT-T001609,No,0.3978,2026-09-21T16:42:19.353279+00:00,baseline_v1
FT-T001610,Yes,0.6326,2026-09-21T16:42:19.353279+00:00,baseline_v1
FT-T001611,No,0.4316,2026-09-21T16:42:19.353279+00:00,baseline_v1
FT-T001612,No,0.4621,2026-09-21T16:42:19.353279+00:00,baseline_v1
FT-T001613,Yes,0.6458,2026-09-21T16:42:19.353279+00:00,baseline_v1
FT-T001614,Yes,0.6873,2026-09-21T16:42:19.353279+00:00,baseline_v1
FT-T001615,Yes,0.731,2026-09-21T16:42:19.353279+00:00,baseline_v1
FT-T001616,No,0.403,2026-09-21T16:42:19.353279+00:00,baseline_v1
FT-T001617,Yes,0.8025,2026-09-21T16:42:19.353279+00:00,baseline_v1
FT-T001618,Yes,0.6153,2026-09-21T16:42:19.353279+00:00,baseline_v1
FT-T001619,Yes,0.6781,2026-09-21T16:42:19.353279+00:00,baseline_v1
FT-T001620,Yes,0.6271,2026-09-21T16:42:19.353279+00:00,baseline_v1
FT-T001621,Yes,0.5231,2026-09-21T16:42:19.353279+00:00,baseline_v1
FT-T001622,Yes,0.6021,2026-09-21T16:42:19.353279+00:00,baseline_v1
FT-T001623,No,0.4646,2026-09-21T16:42:19.353279+00:00,baseline_v1
FT-T001624,No,0.4013,2026-09-21T16:42:19.353279+00:00,baseline_v1
FT-T001625,Yes,0.6126,2026-09-21T16:42:19.353279+00:00,baseline_v1
FT-T001626,Yes,0.6634,2026-09-21T16:42:19.353279+00:00,baseline_v1
FT-T001627,No,0.3618,2026-09-21T16:42:19.353279+00:00,baseline_v1
FT-T001628,Yes,0.689,2026-09-21T16:42:19.353279+00:00,baseline_v1
FT-T001629,No,0.4443,2026-09-21T16:42:19.353279+00:00,baseline_v1
FT-T001630,Yes,0.5612,2026-09-21T16:42:19.353279+00:00,baseline_v1
FT-T001631,Yes,0.6442,2026-09-21T16:42:19.353279+00:00,baseline_v1
FT-T001632,Yes,0.562,2026-09-21T16:42:19.353279+00:00,baseline_v1
FT-T001633,No,0.4114,2026-09-21T16:42:19.353279+00:00,baseline_v1
FT-T001634,Yes,0.8272,2026-09-21T16:42:19.353279+00:00,baseline_v1
FT-T001635,No,0.3672,2026-09-21T16:42:19.353279+00:00,baseline_v1
FT-T001636,Yes,0.5725,2026-09-21T16:42:19.353279+00:00,baseline_v1
FT-T001637,No,0.403,2026-09-21T16:42:19.353279+00:00,baseline_v1
FT-T001638,No,0.3531,2026-09-21T16:42:19.353279+00:00,baseline_v1
FT-T001639,No,0.4076,2026-09-21T16:42:19.353279+00:00,baseline_v1
FT-T001640,No,0.4018,2026-09-21T16:42:19.353279+00:00,baseline_v1
FT-T001641,Yes,0.6266,2026-09-21T16:42:19.353279+00:00,baseline_v1
FT-T001642,Yes,0.5274,2026-09-21T16:42:19.353279+00:00,baseline_v1
FT-T001643,Yes,0.7607,2026-09-21T16:42:19.353279+00:00,baseline_v1
FT-T001644,Yes,0.6262,2026-09-21T16:42:19.353279+00:00,baseline_v1
FT-T001645,No,0.3409,2026-09-21T16:42:19.353279+00:00,baseline_v1
FT-T001646,Yes,0.6304,2026-09-21T16:42:19.353279+00:00,baseline_v1
FT-T001647,Yes,0.5594,2026-09-21T16:42:19.353279+00:00,baseline_v1
FT-T001648,Yes,0.6381,2026-09-21T16:42:19.353279+00:00,baseline_v1
FT-T001649,Yes,0.5784,2026-09-21T16:42:19.353279+00:00,baseline_v1
FT-T001650,Yes,0.7025,2026-09-21T16:42:19.353279+00:00,baseline_v1
FT-T001651,No,0.2663,2026-09-21T16:42:19.353279+00:00,baseline_v1
FT-T001652,No,0.4001,2026-09-21T16:42:19.353279+00:00,baseline_v1
FT-T001653,No,0.3792,2026-09-21T16:42:19.353279+00:00,baseline_v1
FT-T001654,Yes,0.7025,2026-09-21T16:42:19.353279+00:00,baseline_v1
FT-T001655,Yes,0.5401,2026-09-21T16:42:19.353279+00:00,baseline_v1
FT-T001656,Yes,0.6695,2026-09-21T16:42:19.353279+00:00,baseline_v1
FT-T001657,No,0.3437,2026-09-21T16:42:19.353279+00:00,baseline_v1
FT-T001658,Yes,0.8125,2026-09-21T16:42:19.353279+00:00,baseline_v1
FT-T001659,No,0.4144,2026-09-21T16:42:19.353279+00:00,baseline_v1
FT-T001660,Yes,0.5702,2026-09-21T16:42:19.353279+00:00,baseline_v1
FT-T001661,Yes,0.5634,2026-09-21T16:42:19.353279+00:00,baseline_v1
FT-T001662,No,0.4031,2026-09-21T16:42:19.353279+00:00,baseline_v1
FT-T001663,Yes,0.5454,2026-09-21T16:42:19.353279+00:00,baseline_v1
FT-T001664,No,0.4336,2026-09-21T16:42:19.353279+00:00,baseline_v1
FT-T001665,Yes,0.5757,2026-09-21T16:42:19.353279+00:00,baseline_v1
FT-T001666,No,0.3744,2026-09-21T16:42:19.353279+00:00,baseline_v1
FT-T001667,No,0.3953,2026-09-21T16:42:19.353279+00:00,baseline_v1
FT-T001668,Yes,0.6656,2026-09-21T16:42:19.353279+00:00,baseline_v1
FT-T001669,Yes,0.6085,2026-09-21T16:42:19.353279+00:00,baseline_v1
FT-T001670,No,0.348,2026-09-21T16:42:19.353279+00:00,baseline_v1
FT-T001671,No,0.3765,2026-09-21T16:42:19.353279+00:00,baseline_v1
FT-T001672,No,0.3509,2026-09-21T16:42:19.353279+00:00,baseline_v1
FT-T001673,No,0.4535,2026-09-21T16:42:19.353279+00:00,baseline_v1
FT-T001674,Yes,0.5258,2026-09-21T16:42:19.353279+00:00,baseline_v1
FT-T001675,No,0.2933,2026-09-21T16:42:19.353279+00:00,baseline_v1
FT-T001676,No,0.3927,2026-09-21T16:42:19.353279+00:00,baseline_v1
FT-T001677,No,0.3581,2026-09-21T16:42:19.353279+00:00,baseline_v1
FT-T001678,No,0.3534,2026-09-21T16:42:19.353279+00:00,baseline_v1
FT-T001679,No,0.3438,2026-09-21T16:42:19.353279+00:00,baseline_v1
FT-T001680,No,0.3402,2026-09-21T16:42:19.353279+00:00,baseline_v1
FT-T001681,No,0.3347,2026-09-21T16:42:19.353279+00:00,baseline_v1
FT-T001682,No,0.251,2026-09-21T16:42:19.353279+00:00,baseline_v1
FT-T001683,No,0.323,2026-09-21T16:42:19.353279+00:00,baseline_v1
FT-T001684,No,0.3209,2026-09-21T16:42:19.353279+00:00,baseline_v1
FT-T001685,No,0.33,2026-09-21T16:42:19.353279+00:00,baseline_v1
FT-T001686,No,0.229,2026-09-21T16:42:19.353279+00:00,baseline_v1
FT-T001687,No,0.3487,2026-09-21T16:42:19.353279+00:00,baseline_v1
FT-T001688,No,0.3217,2026-09-21T16:42:19.353279+00:00,baseline_v1
FT-T001689,No,0.3638,2026-09-21T16:42:19.353279+00:00,baseline_v1
FT-T001690,No,0.3745,2026-09-21T16:42:19.353279+00:00,baseline_v1
FT-T001691,Yes,0.5442,2026-09-21T16:42:19.353279+00:00,baseline_v1
FT-T001692,No,0.3456,2026-09-21T16:42:19.353279+00:00,baseline_v1
FT-T001693,No,0.3339,2026-09-21T16:42:19.353279+00:00,baseline_v1
FT-T001694,Yes,0.6081,2026-09-21T16:42:19.353279+00:00,baseline_v1
FT-T001695,No,0.4367,2026-09-21T16:42:19.353279+00:00,baseline_v1
FT-T001696,Yes,0.515,2026-09-21T16:42:19.353279+00:00,baseline_v1
FT-T001697,No,0.3587,2026-09-21T16:42:19.353279+00:00,baseline_v1
FT-T001698,No,0.3756,2026-09-21T16:42:19.353279+00:00,baseline_v1
FT-T001699,No,0.3081,2026-09-21T16:42:19.353279+00:00,baseline_v1
FT-T001700,Yes,0.6399,2026-09-21T16:42:19.353279+00:00,baseline_v1
FT-T001701,No,0.2535,2026-09-21T16:42:19.353279+00:00,baseline_v1
FT-T001702,Yes,0.5163,2026-09-21T16:42:19.353279+00:00,baseline_v1
FT-T001703,Yes,0.5744,2026-09-21T16:42:19.353279+00:00,baseline_v1
FT-T001704,Yes,0.687,2026-09-21T16:42:19.353279+00:00,baseline_v1
FT-T001705,No,0.2803,2026-09-21T16:42:19.353279+00:00,baseline_v1
FT-T001706,No,0.3686,2026-09-21T16:42:19.353279+00:00,baseline_v1
FT-T001707,No,0.4537,2026-09-21T16:42:19.353279+00:00,baseline_v1
FT-T001708,No,0.245,2026-09-21T16:42:19.353279+00:00,baseline_v1
FT-T001709,No,0.2503,2026-09-21T16:42:19.353279+00:00,baseline_v1
FT-T001710,Yes,0.6859,2026-09-21T16:42:19.353279+00:00,baseline_v1
FT-T001711,No,0.234,2026-09-21T16:42:19.353279+00:00,baseline_v1
FT-T001712,Yes,0.7043,2026-09-21T16:42:19.353279+00:00,baseline_v1
FT-T001713,No,0.2537,2026-09-21T16:42:19.353279+00:00,baseline_v1
FT-T001714,No,0.3552,2026-09-21T16:42:19.353279+00:00,baseline_v1
FT-T001715,No,0.411,2026-09-21T16:42:19.353279+00:00,baseline_v1
FT-T001716,No,0.3286,2026-09-21T16:42:19.353279+00:00,baseline_v1
FT-T001717,No,0.4226,2026-09-21T16:42:19.353279+00:00,baseline_v1
FT-T001718,No,0.487,2026-09-21T16:42:19.353279+00:00,baseline_v1
FT-T001719,No,0.3006,2026-09-21T16:42:19.353279+00:00,baseline_v1
FT-T001720,No,0.3781,2026-09-21T16:42:19.353279+00:00,baseline_v1
FT-T001721,Yes,0.6838,2026-09-21T16:42:19.353279+00:00,baseline_v1
FT-T001722,No,0.2245,2026-09-21T16:42:19.353279+00:00,baseline_v1
FT-T001723,No,0.4912,2026-09-21T16:42:19.353279+00:00,baseline_v1
FT-T001724,Yes,0.6761,2026-09-21T16:42:19.353279+00:00,baseline_v1
FT-T001725,No,0.2626,2026-09-21T16:42:19.353279+00:00,baseline_v1
FT-T001726,Yes,0.6587,2026-09-21T16:42:19.353279+00:00,baseline_v1
FT-T001727,No,0.263,2026-09-21T16:42:19.353279+00:00,baseline_v1
FT-T001728,Yes,0.5217,2026-09-21T16:42:19.353279+00:00,baseline_v1
FT-T001729,Yes,0.6792,2026-09-21T16:42:19.353279+00:00,baseline_v1
FT-T001730,No,0.211,2026-09-21T16:42:19.353279+00:00,baseline_v1
FT-T001731,Yes,0.6035,2026-09-21T16:42:19.353279+00:00,baseline_v1
FT-T001732,No,0.4205,2026-09-21T16:42:19.353279+00:00,baseline_v1
FT-T001733,No,0.2582,2026-09-21T16:42:19.353279+00:00,baseline_v1
FT-T001734,Yes,0.5113,2026-09-21T16:42:19.353279+00:00,baseline_v1
FT-T001735,Yes,0.6382,2026-09-21T16:42:19.353279+00:00,baseline_v1
FT-T001736,No,0.4588,2026-09-21T16:42:19.353279+00:00,baseline_v1
FT-T001737,No,0.477,2026-09-21T16:42:19.353279+00:00,baseline_v1
FT-T001738,No,0.3297,2026-09-21T16:42:19.353279+00:00,baseline_v1
FT-T001739,Yes,0.6832,2026-09-21T16:42:19.353279+00:00,baseline_v1
FT-T001740,Yes,0.5045,2026-09-21T16:42:19.353279+00:00,baseline_v1
FT-T001741,No,0.4722,2026-09-21T16:42:19.353279+00:00,baseline_v1
FT-T001742,Yes,0.6159,2026-09-21T16:42:19.353279+00:00,baseline_v1
FT-T001743,No,0.3532,2026-09-21T16:42:19.353279+00:00,baseline_v1
FT-T001744,Yes,0.656,2026-09-21T16:42:19.353279+00:00,baseline_v1
FT-T001745,Yes,0.6146,2026-09-21T16:42:19.353279+00:00,baseline_v1
FT-T001746,Yes,0.807,2026-09-21T16:42:19.353279+00:00,baseline_v1
FT-T001747,Yes,0.6281,2026-09-21T16:42:19.353279+00:00,baseline_v1
FT-T001748,Yes,0.6213,2026-09-21T16:42:19.353279+00:00,baseline_v1
FT-T001749,No,0.3367,2026-09-21T16:42:19.353279+00:00,baseline_v1
FT-T001750,Yes,0.5222,2026-09-21T16:42:19.353279+00:00,baseline_v1
FT-T001751,No,0.4046,2026-09-21T16:42:19.353279+00:00,baseline_v1
FT-T001752,Yes,0.6516,2026-09-21T16:42:19.353279+00:00,baseline_v1
FT-T001753,No,0.4027,2026-09-21T16:42:19.353279+00:00,baseline_v1
FT-T001754,Yes,0.5952,2026-09-21T16:42:19.353279+00:00,baseline_v1
FT-T001755,No,0.4292,2026-09-21T16:42:19.353279+00:00,baseline_v1
FT-T001756,No,0.3783,2026-09-21T16:42:19.353279+00:00,baseline_v1
FT-T001757,No,0.3711,2026-09-21T16:42:19.353279+00:00,baseline_v1
FT-T001758,Yes,0.6514,2026-09-21T16:42:19.353279+00:00,baseline_v1
FT-T001759,No,0.4703,2026-09-21T16:42:19.353279+00:00,baseline_v1
FT-T001760,No,0.4773,2026-09-21T16:42:19.353279+00:00,baseline_v1
FT-T001761,No,0.4348,2026-09-21T16:42:19.353279+00:00,baseline_v1
FT-T001762,No,0.4464,2026-09-21T16:42:19.353279+00:00,baseline_v1
FT-T001763,No,0.4743,2026-09-21T16:42:19.353279+00:00,baseline_v1
FT-T001764,No,0.3972,2026-09-21T16:42:19.353279+00:00,baseline_v1
FT-T001765,Yes,0.7249,2026-09-21T16:42:19.353279+00:00,baseline_v1
FT-T001766,No,0.426,2026-09-21T16:42:19.353279+00:00,baseline_v1
FT-T001767,Yes,0.6326,2026-09-21T16:42:19.353279+00:00,baseline_v1
FT-T001768,Yes,0.5813,2026-09-21T16:42:19.353279+00:00,baseline_v1
FT-T001769,Yes,0.5096,2026-09-21T16:42:19.353279+00:00,baseline_v1
FT-T001770,Yes,0.6345,2026-09-21T16:42:19.353279+00:00,baseline_v1
FT-T001771,No,0.4404,2026-09-21T16:42:19.353279+00:00,baseline_v1
FT-T001772,No,0.4644,2026-09-21T16:42:19.353279+00:00,baseline_v1
FT-T001773,No,0.3129,2026-09-21T16:42:19.353279+00:00,baseline_v1
FT-T001774,Yes,0.5407,2026-09-21T16:42:19.353279+00:00,baseline_v1
FT-T001775,No,0.3126,2026-09-21T16:42:19.353279+00:00,baseline_v1
FT-T001776,No,0.3018,2026-09-21T16:42:19.353279+00:00,baseline_v1
FT-T001777,No,0.3221,2026-09-21T16:42:19.353279+00:00,baseline_v1
FT-T001778,Yes,0.6157,2026-09-21T16:42:19.353279+00:00,baseline_v1
FT-T001779,No,0.4035,2026-09-21T16:42:19.353279+00:00,baseline_v1
FT-T001780,Yes,0.5743,2026-09-21T16:42:19.353279+00:00,baseline_v1
FT-T001781,No,0.3365,2026-09-21T16:42:19.353279+00:00,baseline_v1
FT-T001782,No,0.2741,2026-09-21T16:42:19.353279+00:00,baseline_v1
FT-T001783,Yes,0.5476,2026-09-21T16:42:19.353279+00:00,baseline_v1
FT-T001784,No,0.3031,2026-09-21T16:42:19.353279+00:00,baseline_v1
FT-T001785,Yes,0.5909,2026-09-21T16:42:19.353279+00:00,baseline_v1
FT-T001786,No,0.4864,2026-09-21T16:42:19.353279+00:00,baseline_v1
FT-T001787,Yes,0.5917,2026-09-21T16:42:19.353279+00:00,baseline_v1
FT-T001788,Yes,0.5477,2026-09-21T16:42:19.353279+00:00,baseline_v1
FT-T001789,No,0.3397,2026-09-21T16:42:19.353279+00:00,baseline_v1
FT-T001790,Yes,0.5393,2026-09-21T16:42:19.353279+00:00,baseline_v1
FT-T001791,No,0.3259,2026-09-21T16:42:19.353279+00:00,baseline_v1
FT-T001792,No,0.3132,2026-09-21T16:42:19.353279+00:00,baseline_v1
FT-T001793,No,0.3411,2026-09-21T16:42:19.353279+00:00,baseline_v1
FT-T001794,No,0.2994,2026-09-21T16:42:19.353279+00:00,baseline_v1
FT-T001795,No,0.3399,2026-09-21T16:42:19.353279+00:00,baseline_v1
FT-T001796,Yes,0.5489,2026-09-21T16:42:19.353279+00:00,baseline_v1
FT-T001797,Yes,0.7395,2026-09-21T16:42:19.353279+00:00,baseline_v1
FT-T001798,No,0.3247,2026-09-21T16:42:19.353279+00:00,baseline_v1
FT-T001799,No,0.3343,2026-09-21T16:42:19.353279+00:00,baseline_v1
FT-T001800,Yes,0.6104,2026-09-21T16:42:19.353279+00:00,baseline_v1
FT-T001801,No,0.2871,2026-09-21T16:42:19.353279+00:00,baseline_v1
FT-T001802,No,0.4912,2026-09-21T16:42:19.353279+00:00,baseline_v1
FT-T001803,No,0.3641,2026-09-21T16:42:19.353279+00:00,baseline_v1
FT-T001804,Yes,0.5838,2026-09-21T16:42:19.353279+00:00,baseline_v1
FT-T001805,Yes,0.7242,2026-09-21T16:42:19.353279+00:00,baseline_v1
FT-T001806,Yes,0.5373,2026-09-21T16:42:19.353279+00:00,baseline_v1
FT-T001807,No,0.3405,2026-09-21T16:42:19.353279+00:00,baseline_v1
FT-T001808,No,0.3696,2026-09-21T16:42:19.353279+00:00,baseline_v1
FT-T001809,No,0.3004,2026-09-21T16:42:19.353279+00:00,baseline_v1
FT-T001810,No,0.2878,2026-09-21T16:42:19.353279+00:00,baseline_v1
FT-T001811,Yes,0.6518,2026-09-21T16:42:19.353279+00:00,baseline_v1
FT-T001812,No,0.4974,2026-09-21T16:42:19.353279+00:00,baseline_v1
FT-T001813,No,0.2358,2026-09-21T16:42:19.353279+00:00,baseline_v1
FT-T001814,No,0.3358,2026-09-21T16:42:19.353279+00:00,baseline_v1
FT-T001815,Yes,0.5039,2026-09-21T16:42:19.353279+00:00,baseline_v1
FT-T001816,No,0.2846,2026-09-21T16:42:19.353279+00:00,baseline_v1
FT-T001817,No,0.3617,2026-09-21T16:42:19.353279+00:00,baseline_v1
FT-T001818,Yes,0.5483,2026-09-21T16:42:19.353279+00:00,baseline_v1
FT-T001819,No,0.2828,2026-09-21T16:42:19.353279+00:00,baseline_v1
FT-T001820,No,0.3982,2026-09-21T16:42:19.353279+00:00,baseline_v1
FT-T001821,No,0.2917,2026-09-21T16:42:19.353279+00:00,baseline_v1
FT-T001822,Yes,0.6782,2026-09-21T16:42:19.353279+00:00,baseline_v1
FT-T001823,No,0.305,2026-09-21T16:42:19.353279+00:00,baseline_v1
FT-T001824,No,0.3292,2026-09-21T16:42:19.353279+00:00,baseline_v1
FT-T001825,No,0.4103,2026-09-21T16:42:19.353279+00:00,baseline_v1
FT-T001826,No,0.2914,2026-09-21T16:42:19.353279+00:00,baseline_v1
FT-T001827,No,0.3224,2026-09-21T16:42:19.353279+00:00,baseline_v1
FT-T001828,No,0.4144,2026-09-21T16:42:19.353279+00:00,baseline_v1
FT-T001829,No,0.35,2026-09-21T16:42:19.353279+00:00,baseline_v1
FT-T001830,No,0.4977,2026-09-21T16:42:19.353279+00:00,baseline_v1
FT-T001831,Yes,0.7647,2026-09-21T16:42:19.353279+00:00,baseline_v1
FT-T001832,No,0.4861,2026-09-21T16:42:19.353279+00:00,baseline_v1
FT-T001833,Yes,0.5134,2026-09-21T16:42:19.353279+00:00,baseline_v1
FT-T001834,Yes,0.5152,2026-09-21T16:42:19.353279+00:00,baseline_v1
FT-T001835,No,0.2424,2026-09-21T16:42:19.353279+00:00,baseline_v1
FT-T001836,No,0.2607,2026-09-21T16:42:19.353279+00:00,baseline_v1
FT-T001837,No,0.2489,2026-09-21T16:42:19.353279+00:00,baseline_v1
FT-T001838,Yes,0.5036,2026-09-21T16:42:19.353279+00:00,baseline_v1
FT-T001839,Yes,0.6542,2026-09-21T16:42:19.353279+00:00,baseline_v1
FT-T001840,Yes,0.5625,2026-09-21T16:42:19.353279+00:00,baseline_v1
FT-T001841,No,0.4957,2026-09-21T16:42:19.353279+00:00,baseline_v1
FT-T001842,Yes,0.5047,2026-09-21T16:42:19.353279+00:00,baseline_v1
FT-T001843,No,0.2682,2026-09-21T16:42:19.353279+00:00,baseline_v1
FT-T001844,No,0.4585,2026-09-21T16:42:19.353279+00:00,baseline_v1
FT-T001845,No,0.2644,2026-09-21T16:42:19.353279+00:00,baseline_v1
FT-T001846,No,0.2714,2026-09-21T16:42:19.353279+00:00,baseline_v1
FT-T001847,No,0.3411,2026-09-21T16:42:19.353279+00:00,baseline_v1
FT-T001848,No,0.211,2026-09-21T16:42:19.353279+00:00,baseline_v1
FT-T001849,No,0.3758,2026-09-21T16:42:19.353279+00:00,baseline_v1
FT-T001850,No,0.4869,2026-09-21T16:42:19.353279+00:00,baseline_v1
FT-T001851,No,0.2847,2026-09-21T16:42:19.353279+00:00,baseline_v1
FT-T001852,No,0.3242,2026-09-21T16:42:19.353279+00:00,baseline_v1
FT-T001853,Yes,0.5456,2026-09-21T16:42:19.353279+00:00,baseline_v1
FT-T001854,No,0.366,2026-09-21T16:42:19.353279+00:00,baseline_v1
FT-T001855,No,0.4445,2026-09-21T16:42:19.353279+00:00,baseline_v1
FT-T001856,No,0.3008,2026-09-21T16:42:19.353279+00:00,baseline_v1
FT-T001857,No,0.2492,2026-09-21T16:42:19.353279+00:00,baseline_v1
FT-T001858,No,0.2758,2026-09-21T16:42:19.353279+00:00,baseline_v1
FT-T001859,No,0.2469,2026-09-21T16:42:19.353279+00:00,baseline_v1
FT-T001860,No,0.2029,2026-09-21T16:42:19.353279+00:00,baseline_v1
FT-T001861,No,0.4017,2026-09-21T16:42:19.353279+00:00,baseline_v1
FT-T001862,No,0.258,2026-09-21T16:42:19.353279+00:00,baseline_v1
FT-T001863,No,0.2489,2026-09-21T16:42:19.353279+00:00,baseline_v1
FT-T001864,Yes,0.7146,2026-09-21T16:42:19.353279+00:00,baseline_v1
FT-T001865,No,0.4921,2026-09-21T16:42:19.353279+00:00,baseline_v1
FT-T001866,No,0.4469,2026-09-21T16:42:19.353279+00:00,baseline_v1
FT-T001867,No,0.2811,2026-09-21T16:42:19.353279+00:00,baseline_v1
FT-T001868,No,0.4785,2026-09-21T16:42:19.353279+00:00,baseline_v1
FT-T001869,Yes,0.6297,2026-09-21T16:42:19.353279+00:00,baseline_v1
FT-T001870,No,0.4185,2026-09-21T16:42:19.353279+00:00,baseline_v1
FT-T001871,Yes,0.6222,2026-09-21T16:42:19.353279+00:00,baseline_v1
FT-T001872,Yes,0.6152,2026-09-21T16:42:19.353279+00:00,baseline_v1
FT-T001873,Yes,0.5232,2026-09-21T16:42:19.353279+00:00,baseline_v1
FT-T001874,Yes,0.739,2026-09-21T16:42:19.353279+00:00,baseline_v1
FT-T001875,Yes,0.7011,2026-09-21T16:42:19.353279+00:00,baseline_v1
FT-T001876,No,0.4668,2026-09-21T16:42:19.353279+00:00,baseline_v1
FT-T001877,No,0.3821,2026-09-21T16:42:19.353279+00:00,baseline_v1
FT-T001878,Yes,0.6738,2026-09-21T16:42:19.353279+00:00,baseline_v1
FT-T001879,No,0.3517,2026-09-21T16:42:19.353279+00:00,baseline_v1
FT-T001880,Yes,0.6297,2026-09-21T16:42:19.353279+00:00,baseline_v1
FT-T001881,No,0.4264,2026-09-21T16:42:19.353279+00:00,baseline_v1
FT-T001882,Yes,0.6906,2026-09-21T16:42:19.353279+00:00,baseline_v1
FT-T001883,Yes,0.6596,2026-09-21T16:42:19.353279+00:00,baseline_v1
FT-T001884,Yes,0.7648,2026-09-21T16:42:19.353279+00:00,baseline_v1
FT-T001885,Yes,0.7102,2026-09-21T16:42:19.353279+00:00,baseline_v1
FT-T001886,Yes,0.6894,2026-09-21T16:42:19.353279+00:00,baseline_v1
FT-T001887,Yes,0.8064,2026-09-21T16:42:19.353279+00:00,baseline_v1
FT-T001888,No,0.4409,2026-09-21T16:42:19.353279+00:00,baseline_v1
FT-T001889,Yes,0.6117,2026-09-21T16:42:19.353279+00:00,baseline_v1
FT-T001890,No,0.4798,2026-09-21T16:42:19.353279+00:00,baseline_v1
FT-T001891,No,0.3912,2026-09-21T16:42:19.353279+00:00,baseline_v1
FT-T001892,Yes,0.5643,2026-09-21T16:42:19.353279+00:00,baseline_v1
FT-T001893,Yes,0.6257,2026-09-21T16:42:19.353279+00:00,baseline_v1
FT-T001894,Yes,0.6759,2026-09-21T16:42:19.353279+00:00,baseline_v1
FT-T001895,No,0.459,2026-09-21T16:42:19.353279+00:00,baseline_v1
FT-T001896,No,0.3678,2026-09-21T16:42:19.353279+00:00,baseline_v1
FT-T001897,No,0.3575,2026-09-21T16:42:19.353279+00:00,baseline_v1
FT-T001898,No,0.4574,2026-09-21T16:42:19.353279+00:00,baseline_v1
FT-T001899,Yes,0.5944,2026-09-21T16:42:19.353279+00:00,baseline_v1
FT-T001900,Yes,0.6263,2026-09-21T16:42:19.353279+00:00,baseline_v1
FT-T001901,No,0.3686,2026-09-21T16:42:19.353279+00:00,baseline_v1
FT-T001902,Yes,0.5903,2026-09-21T16:42:19.353279+00:00,baseline_v1
FT-T001903,Yes,0.5864,2026-09-21T16:42:19.353279+00:00,baseline_v1
FT-T001904,Yes,0.594,2026-09-21T16:42:19.353279+00:00,baseline_v1
FT-T001905,No,0.3677,2026-09-21T16:42:19.353279+00:00,baseline_v1
FT-T001906,Yes,0.5381,2026-09-21T16:42:19.353279+00:00,baseline_v1
FT-T001907,Yes,0.5627,2026-09-21T16:42:19.353279+00:00,baseline_v1
FT-T001908,Yes,0.5527,2026-09-21T16:42:19.353279+00:00,baseline_v1
FT-T001909,No,0.3413,2026-09-21T16:42:19.353279+00:00,baseline_v1
FT-T001910,No,0.3796,2026-09-21T16:42:19.353279+00:00,baseline_v1
FT-T001911,Yes,0.5823,2026-09-21T16:42:19.353279+00:00,baseline_v1
FT-T001912,No,0.3009,2026-09-21T16:42:19.353279+00:00,baseline_v1
FT-T001913,Yes,0.6022,2026-09-21T16:42:19.353279+00:00,baseline_v1
FT-T001914,No,0.3624,2026-09-21T16:42:19.353279+00:00,baseline_v1
FT-T001915,Yes,0.6303,2026-09-21T16:42:19.353279+00:00,baseline_v1
FT-T001916,No,0.3599,2026-09-21T16:42:19.353279+00:00,baseline_v1
FT-T001917,Yes,0.5548,2026-09-21T16:42:19.353279+00:00,baseline_v1
FT-T001918,Yes,0.5751,2026-09-21T16:42:19.353279+00:00,baseline_v1
FT-T001919,Yes,0.586,2026-09-21T16:42:19.353279+00:00,baseline_v1
FT-T001920,No,0.3722,2026-09-21T16:42:19.353279+00:00,baseline_v1
FT-T001921,Yes,0.6042,2026-09-21T16:42:19.353279+00:00,baseline_v1
FT-T001922,No,0.302,2026-09-21T16:42:19.353279+00:00,baseline_v1
FT-T001923,Yes,0.7375,2026-09-21T16:42:19.353279+00:00,baseline_v1
FT-T001924,No,0.3386,2026-09-21T16:42:19.353279+00:00,baseline_v1
FT-T001925,No,0.4606,2026-09-21T16:42:19.353279+00:00,baseline_v1
FT-T001926,Yes,0.5734,2026-09-21T16:42:19.353279+00:00,baseline_v1
FT-T001927,No,0.355,2026-09-21T16:42:19.353279+00:00,baseline_v1
FT-T001928,Yes,0.8582,2026-09-21T16:42:19.353279+00:00,baseline_v1
FT-T001929,No,0.3456,2026-09-21T16:42:19.353279+00:00,baseline_v1
FT-T001930,Yes,0.5336,2026-09-21T16:42:19.353279+00:00,baseline_v1
FT-T001931,No,0.39,2026-09-21T16:42:19.353279+00:00,baseline_v1
FT-T001932,Yes,0.5286,2026-09-21T16:42:19.353279+00:00,baseline_v1
FT-T001933,Yes,0.6428,2026-09-21T16:42:19.353279+00:00,baseline_v1
FT-T001934,Yes,0.5431,2026-09-21T16:42:19.353279+00:00,baseline_v1
FT-T001935,No,0.3387,2026-09-21T16:42:19.353279+00:00,baseline_v1
FT-T001936,Yes,0.5191,2026-09-21T16:42:19.353279+00:00,baseline_v1
FT-T001937,No,0.4152,2026-09-21T16:42:19.353279+00:00,baseline_v1
FT-T001938,Yes,0.563,2026-09-21T16:42:19.353279+00:00,baseline_v1
FT-T001939,No,0.3885,2026-09-21T16:42:19.353279+00:00,baseline_v1
FT-T001940,Yes,0.6044,2026-09-21T16:42:19.353279+00:00,baseline_v1
FT-T001941,No,0.4732,2026-09-21T16:42:19.353279+00:00,baseline_v1
FT-T001942,Yes,0.6212,2026-09-21T16:42:19.353279+00:00,baseline_v1
FT-T001943,No,0.3188,2026-09-21T16:42:19.353279+00:00,baseline_v1
FT-T001944,Yes,0.8213,2026-09-21T16:42:19.353279+00:00,baseline_v1
FT-T001945,No,0.2658,2026-09-21T16:42:19.353279+00:00,baseline_v1
FT-T001946,Yes,0.6674,2026-09-21T16:42:19.353279+00:00,baseline_v1
FT-T001947,No,0.3424,2026-09-21T16:42:19.353279+00:00,baseline_v1
FT-T001948,Yes,0.6448,2026-09-21T16:42:19.353279+00:00,baseline_v1
FT-T001949,Yes,0.5528,2026-09-21T16:42:19.353279+00:00,baseline_v1
FT-T001950,No,0.4677,2026-09-21T16:42:19.353279+00:00,baseline_v1
FT-T001951,No,0.2987,2026-09-21T16:42:19.353279+00:00,baseline_v1
FT-T001952,No,0.2841,2026-09-21T16:42:19.353279+00:00,baseline_v1
FT-T001953,No,0.3265,2026-09-21T16:42:19.353279+00:00,baseline_v1
FT-T001954,No,0.326,2026-09-21T16:42:19.353279+00:00,baseline_v1
FT-T001955,Yes,0.6106,2026-09-21T16:42:19.353279+00:00,baseline_v1
FT-T001956,Yes,0.5261,2026-09-21T16:42:19.353279+00:00,baseline_v1
FT-T001957,No,0.303,2026-09-21T16:42:19.353279+00:00,baseline_v1
FT-T001958,No,0.2549,2026-09-21T16:42:19.353279+00:00,baseline_v1
FT-T001959,No,0.2947,2026-09-21T16:42:19.353279+00:00,baseline_v1
FT-T001960,No,0.2474,2026-09-21T16:42:19.353279+00:00,baseline_v1
FT-T001961,Yes,0.7982,2026-09-21T16:42:19.353279+00:00,baseline_v1
FT-T001962,No,0.2564,2026-09-21T16:42:19.353279+00:00,baseline_v1
FT-T001963,No,0.275,2026-09-21T16:42:19.353279+00:00,baseline_v1
FT-T001964,Yes,0.5713,2026-09-21T16:42:19.353279+00:00,baseline_v1
FT-T001965,Yes,0.6305,2026-09-21T16:42:19.353279+00:00,baseline_v1
FT-T001966,No,0.2704,2026-09-21T16:42:19.353279+00:00,baseline_v1
FT-T001967,No,0.3901,2026-09-21T16:42:19.353279+00:00,baseline_v1
FT-T001968,Yes,0.5298,2026-09-21T16:42:19.353279+00:00,baseline_v1
FT-T001969,Yes,0.5477,2026-09-21T16:42:19.353279+00:00,baseline_v1
FT-T001970,Yes,0.5359,2026-09-21T16:42:19.353279+00:00,baseline_v1
FT-T001971,No,0.2692,2026-09-21T16:42:19.353279+00:00,baseline_v1
FT-T001972,Yes,0.7788,2026-09-21T16:42:19.353279+00:00,baseline_v1
FT-T001973,No,0.4642,2026-09-21T16:42:19.353279+00:00,baseline_v1
FT-T001974,Yes,0.5386,2026-09-21T16:42:19.353279+00:00,baseline_v1
FT-T001975,No,0.3612,2026-09-21T16:42:19.353279+00:00,baseline_v1
FT-T001976,No,0.4621,2026-09-21T16:42:19.353279+00:00,baseline_v1
FT-T001977,No,0.2952,2026-09-21T16:42:19.353279+00:00,baseline_v1
FT-T001978,No,0.4843,2026-09-21T16:42:19.353279+00:00,baseline_v1
FT-T001979,No,0.4074,2026-09-21T16:42:19.353279+00:00,baseline_v1
FT-T001980,No,0.2156,2026-09-21T16:42:19.353279+00:00,baseline_v1
FT-T001981,No,0.2514,2026-09-21T16:42:19.353279+00:00,baseline_v1
FT-T001982,Yes,0.5273,2026-09-21T16:42:19.353279+00:00,baseline_v1
FT-T001983,Yes,0.6781,2026-09-21T16:42:19.353279+00:00,baseline_v1
FT-T001984,No,0.4951,2026-09-21T16:42:19.353279+00:00,baseline_v1
FT-T001985,No,0.2903,2026-09-21T16:42:19.353279+00:00,baseline_v1
FT-T001986,No,0.3059,2026-09-21T16:42:19.353279+00:00,baseline_v1
FT-T001987,No,0.2179,2026-09-21T16:42:19.353279+00:00,baseline_v1
FT-T001988,No,0.2761,2026-09-21T16:42:19.353279+00:00,baseline_v1
FT-T001989,No,0.2548,2026-09-21T16:42:19.353279+00:00,baseline_v1
FT-T001990,Yes,0.5522,2026-09-21T16:42:19.353279+00:00,baseline_v1
FT-T001991,Yes,0.5419,2026-09-21T16:42:19.353279+00:00,baseline_v1
FT-T001992,No,0.3099,2026-09-21T16:42:19.353279+00:00,baseline_v1
FT-T001993,Yes,0.512,2026-09-21T16:42:19.353279+00:00,baseline_v1
FT-T001994,No,0.2461,2026-09-21T16:42:19.353279+00:00,baseline_v1
FT-T001995,No,0.23,2026-09-21T16:42:19.353279+00:00,baseline_v1
FT-T001996,No,0.3779,2026-09-21T16:42:19.353279+00:00,baseline_v1
FT-T001997,Yes,0.5302,2026-09-21T16:42:19.353279+00:00,baseline_v1
FT-T001998,No,0.4329,2026-09-21T16:42:19.353279+00:00,baseline_v1
FT-T001999,No,0.2039,2026-09-21T16:42:19.353279+00:00,baseline_v1
FT-T002000,No,0.2641,2026-09-21T16:42:19.353279+00:00,baseline_v1
FT-T002001,No,0.4831,2026-09-21T16:42:19.353279+00:00,baseline_v1
FT-T002002,Yes,0.6868,2026-09-21T16:42:19.353279+00:00,baseline_v1
FT-T002003,Yes,0.8296,2026-09-21T16:42:19.353279+00:00,baseline_v1
FT-T002004,Yes,0.5279,2026-09-21T16:42:19.353279+00:00,baseline_v1
FT-T002005,No,0.4324,2026-09-21T16:42:19.353279+00:00,baseline_v1
FT-T002006,Yes,0.7096,2026-09-21T16:42:19.353279+00:00,baseline_v1
FT-T002007,Yes,0.5754,2026-09-21T16:42:19.353279+00:00,baseline_v1
FT-T002008,No,0.465,2026-09-21T16:42:19.353279+00:00,baseline_v1
FT-T002009,No,0.4287,2026-09-21T16:42:19.353279+00:00,baseline_v1
FT-T002010,No,0.4127,2026-09-21T16:42:19.353279+00:00,baseline_v1
FT-T002011,Yes,0.554,2026-09-21T16:42:19.353279+00:00,baseline_v1
FT-T002012,Yes,0.662,2026-09-21T16:42:19.353279+00:00,baseline_v1
FT-T002013,Yes,0.6625,2026-09-21T16:42:19.353279+00:00,baseline_v1
FT-T002014,Yes,0.808,2026-09-21T16:42:19.353279+00:00,baseline_v1
FT-T002015,Yes,0.7428,2026-09-21T16:42:19.353279+00:00,baseline_v1
FT-T002016,No,0.4765,2026-09-21T16:42:19.353279+00:00,baseline_v1
FT-T002017,Yes,0.789,2026-09-21T16:42:19.353279+00:00,baseline_v1
FT-T002018,Yes,0.6668,2026-09-21T16:42:19.353279+00:00,baseline_v1
FT-T002019,Yes,0.5498,2026-09-21T16:42:19.353279+00:00,baseline_v1
FT-T002020,Yes,0.7339,2026-09-21T16:42:19.353279+00:00,baseline_v1
FT-T002021,No,0.41,2026-09-21T16:42:19.353279+00:00,baseline_v1
FT-T002022,No,0.4051,2026-09-21T16:42:19.353279+00:00,baseline_v1
FT-T002023,Yes,0.6323,2026-09-21T16:42:19.353279+00:00,baseline_v1
FT-T002024,No,0.3891,2026-09-21T16:42:19.353279+00:00,baseline_v1
FT-T002025,No,0.461,2026-09-21T16:42:19.353279+00:00,baseline_v1
FT-T002026,Yes,0.5849,2026-09-21T16:42:19.353279+00:00,baseline_v1
FT-T002027,Yes,0.6178,2026-09-21T16:42:19.353279+00:00,baseline_v1
FT-T002028,Yes,0.5203,2026-09-21T16:42:19.353279+00:00,baseline_v1
FT-T002029,No,0.3531,2026-09-21T16:42:19.353279+00:00,baseline_v1
FT-T002030,No,0.3795,2026-09-21T16:42:19.353279+00:00,baseline_v1
FT-T002031,No,0.4738,2026-09-21T16:42:19.353279+00:00,baseline_v1
FT-T002032,Yes,0.5735,2026-09-21T16:42:19.353279+00:00,baseline_v1
FT-T002033,No,0.4565,2026-09-21T16:42:19.353279+00:00,baseline_v1
FT-T002034,Yes,0.6702,2026-09-21T16:42:19.353279+00:00,baseline_v1
FT-T002035,No,0.4346,2026-09-21T16:42:19.353279+00:00,baseline_v1
FT-T002036,No,0.3901,2026-09-21T16:42:19.353279+00:00,baseline_v1
FT-T002037,No,0.4913,2026-09-21T16:42:19.353279+00:00,baseline_v1
FT-T002038,Yes,0.546,2026-09-21T16:42:19.353279+00:00,baseline_v1
FT-T002039,Yes,0.5449,2026-09-21T16:42:19.353279+00:00,baseline_v1
FT-T002040,Yes,0.5769,2026-09-21T16:42:19.353279+00:00,baseline_v1
FT-T002041,Yes,0.8417,2026-09-21T16:42:19.353279+00:00,baseline_v1
FT-T002042,No,0.3421,2026-09-21T16:42:19.353279+00:00,baseline_v1
FT-T002043,No,0.4482,2026-09-21T16:42:19.353279+00:00,baseline_v1
FT-T002044,Yes,0.7582,2026-09-21T16:42:19.353279+00:00,baseline_v1
FT-T002045,Yes,0.7468,2026-09-21T16:42:19.353279+00:00,baseline_v1
FT-T002046,Yes,0.7613,2026-09-21T16:42:19.353279+00:00,baseline_v1
FT-T002047,Yes,0.725,2026-09-21T16:42:19.353279+00:00,baseline_v1
FT-T002048,No,0.4318,2026-09-21T16:42:19.353279+00:00,baseline_v1
FT-T002049,Yes,0.5674,2026-09-21T16:42:19.353279+00:00,baseline_v1
FT-T002050,No,0.38,2026-09-21T16:42:19.353279+00:00,baseline_v1
FT-T002051,Yes,0.6588,2026-09-21T16:42:19.353279+00:00,baseline_v1
FT-T002052,No,0.4168,2026-09-21T16:42:19.353279+00:00,baseline_v1
FT-T002053,No,0.4144,2026-09-21T16:42:19.353279+00:00,baseline_v1
FT-T002054,No,0.3962,2026-09-21T16:42:19.353279+00:00,baseline_v1
FT-T002055,Yes,0.6308,2026-09-21T16:42:19.353279+00:00,baseline_v1
FT-T002056,Yes,0.6758,2026-09-21T16:42:19.353279+00:00,baseline_v1
FT-T002057,Yes,0.6185,2026-09-21T16:42:19.353279+00:00,baseline_v1
FT-T002058,No,0.3521,2026-09-21T16:42:19.353279+00:00,baseline_v1
FT-T002059,No,0.3167,2026-09-21T16:42:19.353279+00:00,baseline_v1
FT-T002060,No,0.369,2026-09-21T16:42:19.353279+00:00,baseline_v1
FT-T002061,No,0.3838,2026-09-21T16:42:19.353279+00:00,baseline_v1
FT-T002062,No,0.3765,2026-09-21T16:42:19.353279+00:00,baseline_v1
FT-T002063,No,0.3509,2026-09-21T16:42:19.353279+00:00,baseline_v1
FT-T002064,No,0.2937,2026-09-21T16:42:19.353279+00:00,baseline_v1
FT-T002065,No,0.3291,2026-09-21T16:42:19.353279+00:00,baseline_v1
FT-T002066,Yes,0.6697,2026-09-21T16:42:19.353279+00:00,baseline_v1
FT-T002067,Yes,0.5718,2026-09-21T16:42:19.353279+00:00,baseline_v1
FT-T002068,No,0.3339,2026-09-21T16:42:19.353279+00:00,baseline_v1
FT-T002069,No,0.3741,2026-09-21T16:42:19.353279+00:00,baseline_v1
FT-T002070,Yes,0.5568,2026-09-21T16:42:19.353279+00:00,baseline_v1
FT-T002071,No,0.3108,2026-09-21T16:42:19.353279+00:00,baseline_v1
FT-T002072,No,0.2938,2026-09-21T16:42:19.353279+00:00,baseline_v1
FT-T002073,No,0.2744,2026-09-21T16:42:19.353279+00:00,baseline_v1
FT-T002074,Yes,0.5267,2026-09-21T16:42:19.353279+00:00,baseline_v1
FT-T002075,No,0.3387,2026-09-21T16:42:19.353279+00:00,baseline_v1
FT-T002076,No,0.3391,2026-09-21T16:42:19.353279+00:00,baseline_v1
FT-T002077,Yes,0.5159,2026-09-21T16:42:19.353279+00:00,baseline_v1
FT-T002078,No,0.3259,2026-09-21T16:42:19.353279+00:00,baseline_v1
FT-T002079,No,0.2907,2026-09-21T16:42:19.353279+00:00,baseline_v1
FT-T002080,Yes,0.6103,2026-09-21T16:42:19.353279+00:00,baseline_v1
FT-T002081,Yes,0.6773,2026-09-21T16:42:19.353279+00:00,baseline_v1
FT-T002082,Yes,0.5638,2026-09-21T16:42:19.353279+00:00,baseline_v1
FT-T002083,Yes,0.7687,2026-09-21T16:42:19.353279+00:00,baseline_v1
FT-T002084,No,0.4672,2026-09-21T16:42:19.353279+00:00,baseline_v1
FT-T002085,No,0.3258,2026-09-21T16:42:19.353279+00:00,baseline_v1
FT-T002086,No,0.2862,2026-09-21T16:42:19.353279+00:00,baseline_v1
FT-T002087,No,0.4666,2026-09-21T16:42:19.353279+00:00,baseline_v1
FT-T002088,No,0.3034,2026-09-21T16:42:19.353279+00:00,baseline_v1
FT-T002089,No,0.3363,2026-09-21T16:42:19.353279+00:00,baseline_v1
FT-T002090,No,0.2995,2026-09-21T16:42:19.353279+00:00,baseline_v1
FT-T002091,No,0.3056,2026-09-21T16:42:19.353279+00:00,baseline_v1
FT-T002092,No,0.4273,2026-09-21T16:42:19.353279+00:00,baseline_v1
FT-T002093,Yes,0.6492,2026-09-21T16:42:19.353279+00:00,baseline_v1
FT-T002094,No,0.3616,2026-09-21T16:42:19.353279+00:00,baseline_v1
FT-T002095,Yes,0.5276,2026-09-21T16:42:19.353279+00:00,baseline_v1
FT-T002096,No,0.2743,2026-09-21T16:42:19.353279+00:00,baseline_v1
FT-T002097,Yes,0.5199,2026-09-21T16:42:19.353279+00:00,baseline_v1
FT-T002098,No,0.3067,2026-09-21T16:42:19.353279+00:00,baseline_v1
FT-T002099,No,0.3294,2026-09-21T16:42:19.353279+00:00,baseline_v1
FT-T002100,No,0.4733,2026-09-21T16:42:19.353279+00:00,baseline_v1
FT-T002101,No,0.2725,2026-09-21T16:42:19.353279+00:00,baseline_v1
FT-T002102,No,0.2819,2026-09-21T16:42:19.353279+00:00,baseline_v1
FT-T002103,No,0.4514,2026-09-21T16:42:19.353279+00:00,baseline_v1
FT-T002104,No,0.3942,2026-09-21T16:42:19.353279+00:00,baseline_v1
FT-T002105,Yes,0.6351,2026-09-21T16:42:19.353279+00:00,baseline_v1
FT-T002106,Yes,0.5201,2026-09-21T16:42:19.353279+00:00,baseline_v1
FT-T002107,Yes,0.558,2026-09-21T16:42:19.353279+00:00,baseline_v1
FT-T002108,No,0.4788,2026-09-21T16:42:19.353279+00:00,baseline_v1
FT-T002109,Yes,0.754,2026-09-21T16:42:19.353279+00:00,baseline_v1
FT-T002110,No,0.3314,2026-09-21T16:42:19.353279+00:00,baseline_v1
FT-T002111,No,0.3829,2026-09-21T16:42:19.353279+00:00,baseline_v1
FT-T002112,No,0.2974,2026-09-21T16:42:19.353279+00:00,baseline_v1
FT-T002113,Yes,0.5057,2026-09-21T16:42:19.353279+00:00,baseline_v1
FT-T002114,No,0.4691,2026-09-21T16:42:19.353279+00:00,baseline_v1
FT-T002115,No,0.2952,2026-09-21T16:42:19.353279+00:00,baseline_v1
FT-T002116,No,0.2856,2026-09-21T16:42:19.353279+00:00,baseline_v1
FT-T002117,No,0.4567,2026-09-21T16:42:19.353279+00:00,baseline_v1
FT-T002118,No,0.2105,2026-09-21T16:42:19.353279+00:00,baseline_v1
FT-T002119,Yes,0.7581,2026-09-21T16:42:19.353279+00:00,baseline_v1
FT-T002120,No,0.2835,2026-09-21T16:42:19.353279+00:00,baseline_v1
FT-T002121,No,0.4171,2026-09-21T16:42:19.353279+00:00,baseline_v1
FT-T002122,No,0.2552,2026-09-21T16:42:19.353279+00:00,baseline_v1
FT-T002123,No,0.4463,2026-09-21T16:42:19.353279+00:00,baseline_v1
FT-T002124,No,0.4047,2026-09-21T16:42:19.353279+00:00,baseline_v1
FT-T002125,No,0.388,2026-09-21T16:42:19.353279+00:00,baseline_v1
FT-T002126,No,0.4168,2026-09-21T16:42:19.353279+00:00,baseline_v1
FT-T002127,No,0.4551,2026-09-21T16:42:19.353279+00:00,baseline_v1
FT-T002128,No,0.3397,2026-09-21T16:42:19.353279+00:00,baseline_v1
FT-T002129,No,0.3736,2026-09-21T16:42:19.353279+00:00,baseline_v1
FT-T002130,Yes,0.6204,2026-09-21T16:42:19.353279+00:00,baseline_v1
FT-T002131,No,0.4115,2026-09-21T16:42:19.353279+00:00,baseline_v1
FT-T002132,No,0.2357,2026-09-21T16:42:19.353279+00:00,baseline_v1
FT-T002133,No,0.2691,2026-09-21T16:42:19.353279+00:00,baseline_v1
FT-T002134,No,0.2347,2026-09-21T16:42:19.353279+00:00,baseline_v1
FT-T002135,Yes,0.8824,2026-09-21T16:42:19.353279+00:00,baseline_v1
FT-T002136,Yes,0.546,2026-09-21T16:42:19.353279+00:00,baseline_v1
FT-T002137,Yes,0.5428,2026-09-21T16:42:19.353279+00:00,baseline_v1
FT-T002138,Yes,0.6767,2026-09-21T16:42:19.353279+00:00,baseline_v1
FT-T002139,Yes,0.5402,2026-09-21T16:42:19.353279+00:00,baseline_v1
FT-T002140,Yes,0.5321,2026-09-21T16:42:19.353279+00:00,baseline_v1
FT-T002141,Yes,0.6249,2026-09-21T16:42:19.353279+00:00,baseline_v1
FT-T002142,Yes,0.663,2026-09-21T16:42:19.353279+00:00,baseline_v1
FT-T002143,Yes,0.5888,2026-09-21T16:42:19.353279+00:00,baseline_v1
FT-T002144,No,0.4598,2026-09-21T16:42:19.353279+00:00,baseline_v1
FT-T002145,Yes,0.6197,2026-09-21T16:42:19.353279+00:00,baseline_v1
FT-T002146,Yes,0.6474,2026-09-21T16:42:19.353279+00:00,baseline_v1
FT-T002147,No,0.4597,2026-09-21T16:42:19.353279+00:00,baseline_v1
FT-T002148,Yes,0.8225,2026-09-21T16:42:19.353279+00:00,baseline_v1
FT-T002149,Yes,0.559,2026-09-21T16:42:19.353279+00:00,baseline_v1
FT-T002150,No,0.3723,2026-09-21T16:42:19.353279+00:00,baseline_v1
FT-T002151,No,0.4936,2026-09-21T16:42:19.353279+00:00,baseline_v1
FT-T002152,No,0.4656,2026-09-21T16:42:19.353279+00:00,baseline_v1
FT-T002153,No,0.3201,2026-09-21T16:42:19.353279+00:00,baseline_v1
FT-T002154,No,0.3959,2026-09-21T16:42:19.353279+00:00,baseline_v1
FT-T002155,Yes,0.5295,2026-09-21T16:42:19.353279+00:00,baseline_v1
FT-T002156,Yes,0.6429,2026-09-21T16:42:19.353279+00:00,baseline_v1
FT-T002157,Yes,0.7136,2026-09-21T16:42:19.353279+00:00,baseline_v1
FT-T002158,No,0.4041,2026-09-21T16:42:19.353279+00:00,baseline_v1
FT-T002159,No,0.4163,2026-09-21T16:42:19.353279+00:00,baseline_v1
FT-T002160,No,0.429,2026-09-21T16:42:19.353279+00:00,baseline_v1
FT-T002161,Yes,0.539,2026-09-21T16:42:19.353279+00:00,baseline_v1
FT-T002162,Yes,0.6269,2026-09-21T16:42:19.353279+00:00,baseline_v1
FT-T002163,Yes,0.8144,2026-09-21T16:42:19.353279+00:00,baseline_v1
FT-T002164,No,0.3811,2026-09-21T16:42:19.353279+00:00,baseline_v1
FT-T002165,Yes,0.7427,2026-09-21T16:42:19.353279+00:00,baseline_v1
FT-T002166,No,0.4556,2026-09-21T16:42:19.353279+00:00,baseline_v1
FT-T002167,No,0.4067,2026-09-21T16:42:19.353279+00:00,baseline_v1
FT-T002168,Yes,0.6264,2026-09-21T16:42:19.353279+00:00,baseline_v1
FT-T002169,Yes,0.5753,2026-09-21T16:42:19.353279+00:00,baseline_v1
FT-T002170,Yes,0.6548,2026-09-21T16:42:19.353279+00:00,baseline_v1
FT-T002171,Yes,0.5658,2026-09-21T16:42:19.353279+00:00,baseline_v1
FT-T002172,Yes,0.6906,2026-09-21T16:42:19.353279+00:00,baseline_v1
FT-T002173,No,0.4862,2026-09-21T16:42:19.353279+00:00,baseline_v1
FT-T002174,No,0.3457,2026-09-21T16:42:19.353279+00:00,baseline_v1
FT-T002175,Yes,0.612,2026-09-21T16:42:19.353279+00:00,baseline_v1
FT-T002176,Yes,0.6882,2026-09-21T16:42:19.353279+00:00,baseline_v1
FT-T002177,Yes,0.8033,2026-09-21T16:42:19.353279+00:00,baseline_v1
FT-T002178,No,0.3527,2026-09-21T16:42:19.353279+00:00,baseline_v1
FT-T002179,No,0.3938,2026-09-21T16:42:19.353279+00:00,baseline_v1
FT-T002180,No,0.3723,2026-09-21T16:42:19.353279+00:00,baseline_v1
FT-T002181,No,0.3909,2026-09-21T16:42:19.353279+00:00,baseline_v1
FT-T002182,No,0.4945,2026-09-21T16:42:19.353279+00:00,baseline_v1
FT-T002183,Yes,0.7566,2026-09-21T16:42:19.353279+00:00,baseline_v1
FT-T002184,No,0.4048,2026-09-21T16:42:19.353279+00:00,baseline_v1
FT-T002185,No,0.44,2026-09-21T16:42:19.353279+00:00,baseline_v1
FT-T002186,No,0.3423,2026-09-21T16:42:19.353279+00:00,baseline_v1
FT-T002187,Yes,0.5831,2026-09-21T16:42:19.353279+00:00,baseline_v1
FT-T002188,No,0.4798,2026-09-21T16:42:19.353279+00:00,baseline_v1
FT-T002189,Yes,0.5219,2026-09-21T16:42:19.353279+00:00,baseline_v1
FT-T002190,Yes,0.7837,2026-09-21T16:42:19.353279+00:00,baseline_v1
FT-T002191,Yes,0.5229,2026-09-21T16:42:19.353279+00:00,baseline_v1
FT-T002192,No,0.3604,2026-09-21T16:42:19.353279+00:00,baseline_v1
FT-T002193,Yes,0.5767,2026-09-21T16:42:19.353279+00:00,baseline_v1
FT-T002194,No,0.3313,2026-09-21T16:42:19.353279+00:00,baseline_v1
FT-T002195,No,0.4078,2026-09-21T16:42:19.353279+00:00,baseline_v1
FT-T002196,Yes,0.5367,2026-09-21T16:42:19.353279+00:00,baseline_v1
FT-T002197,No,0.4917,2026-09-21T16:42:19.353279+00:00,baseline_v1
FT-T002198,Yes,0.6512,2026-09-21T16:42:19.353279+00:00,baseline_v1
FT-T002199,No,0.3931,2026-09-21T16:42:19.353279+00:00,baseline_v1
FT-T002200,Yes,0.6011,2026-09-21T16:42:19.353279+00:00,baseline_v1
FT-T002201,No,0.3437,2026-09-21T16:42:19.353279+00:00,baseline_v1
FT-T002202,No,0.3957,2026-09-21T16:42:19.353279+00:00,baseline_v1
FT-T002203,No,0.3381,2026-09-21T16:42:19.353279+00:00,baseline_v1
FT-T002204,Yes,0.5173,2026-09-21T16:42:19.353279+00:00,baseline_v1
FT-T002205,No,0.4644,2026-09-21T16:42:19.353279+00:00,baseline_v1
FT-T002206,No,0.3522,2026-09-21T16:42:19.353279+00:00,baseline_v1
FT-T002207,Yes,0.5233,2026-09-21T16:42:19.353279+00:00,baseline_v1
FT-T002208,No,0.3283,2026-09-21T16:42:19.353279+00:00,baseline_v1
FT-T002209,Yes,0.7217,2026-09-21T16:42:19.353279+00:00,baseline_v1
FT-T002210,Yes,0.5658,2026-09-21T16:42:19.353279+00:00,baseline_v1
FT-T002211,No,0.4117,2026-09-21T16:42:19.353279+00:00,baseline_v1
FT-T002212,No,0.3296,2026-09-21T16:42:19.353279+00:00,baseline_v1
FT-T002213,Yes,0.5037,2026-09-21T16:42:19.353279+00:00,baseline_v1
FT-T002214,No,0.4479,2026-09-21T16:42:19.353279+00:00,baseline_v1
FT-T002215,Yes,0.5513,2026-09-21T16:42:19.353279+00:00,baseline_v1
FT-T002216,No,0.2955,2026-09-21T16:42:19.353279+00:00,baseline_v1
FT-T002217,Yes,0.5392,2026-09-21T16:42:19.353279+00:00,baseline_v1
FT-T002218,No,0.2564,2026-09-21T16:42:19.353279+00:00,baseline_v1
FT-T002219,Yes,0.566,2026-09-21T16:42:19.353279+00:00,baseline_v1
FT-T002220,Yes,0.5127,2026-09-21T16:42:19.353279+00:00,baseline_v1
FT-T002221,Yes,0.7801,2026-09-21T16:42:19.353279+00:00,baseline_v1
FT-T002222,No,0.3841,2026-09-21T16:42:19.353279+00:00,baseline_v1
FT-T002223,No,0.3341,2026-09-21T16:42:19.353279+00:00,baseline_v1
FT-T002224,Yes,0.5892,2026-09-21T16:42:19.353279+00:00,baseline_v1
FT-T002225,Yes,0.6153,2026-09-21T16:42:19.353279+00:00,baseline_v1
FT-T002226,Yes,0.6166,2026-09-21T16:42:19.353279+00:00,baseline_v1
FT-T002227,Yes,0.5469,2026-09-21T16:42:19.353279+00:00,baseline_v1
FT-T002228,Yes,0.8959,2026-09-21T16:42:19.353279+00:00,baseline_v1
FT-T002229,No,0.4398,2026-09-21T16:42:19.353279+00:00,baseline_v1
FT-T002230,Yes,0.5625,2026-09-21T16:42:19.353279+00:00,baseline_v1
FT-T002231,No,0.2582,2026-09-21T16:42:19.353279+00:00,baseline_v1
FT-T002232,No,0.3052,2026-09-21T16:42:19.353279+00:00,baseline_v1
FT-T002233,No,0.3561,2026-09-21T16:42:19.353279+00:00,baseline_v1
FT-T002234,Yes,0.519,2026-09-21T16:42:19.353279+00:00,baseline_v1
FT-T002235,Yes,0.5032,2026-09-21T16:42:19.353279+00:00,baseline_v1
FT-T002236,No,0.3347,2026-09-21T16:42:19.353279+00:00,baseline_v1
FT-T002237,No,0.489,2026-09-21T16:42:19.353279+00:00,baseline_v1
FT-T002238,No,0.3,2026-09-21T16:42:19.353279+00:00,baseline_v1
FT-T002239,No,0.2812,2026-09-21T16:42:19.353279+00:00,baseline_v1
FT-T002240,No,0.4326,2026-09-21T16:42:19.353279+00:00,baseline_v1
FT-T002241,Yes,0.504,2026-09-21T16:42:19.353279+00:00,baseline_v1
FT-T002242,No,0.3295,2026-09-21T16:42:19.353279+00:00,baseline_v1
FT-T002243,No,0.3443,2026-09-21T16:42:19.353279+00:00,baseline_v1
FT-T002244,No,0.4201,2026-09-21T16:42:19.353279+00:00,baseline_v1
FT-T002245,Yes,0.6758,2026-09-21T16:42:19.353279+00:00,baseline_v1
FT-T002246,No,0.2404,2026-09-21T16:42:19.353279+00:00,baseline_v1
FT-T002247,Yes,0.5216,2026-09-21T16:42:19.353279+00:00,baseline_v1
FT-T002248,No,0.3717,2026-09-21T16:42:19.353279+00:00,baseline_v1
FT-T002249,No,0.3442,2026-09-21T16:42:19.353279+00:00,baseline_v1
FT-T002250,No,0.4559,2026-09-21T16:42:19.353279+00:00,baseline_v1
FT-T002251,No,0.4627,2026-09-21T16:42:19.353279+00:00,baseline_v1
FT-T002252,No,0.3129,2026-09-21T16:42:19.353279+00:00,baseline_v1
FT-T002253,No,0.339,2026-09-21T16:42:19.353279+00:00,baseline_v1
FT-T002254,No,0.2447,2026-09-21T16:42:19.353279+00:00,baseline_v1
FT-T002255,No,0.2876,2026-09-21T16:42:19.353279+00:00,baseline_v1
FT-T002256,Yes,0.5949,2026-09-21T16:42:19.353279+00:00,baseline_v1
FT-T002257,Yes,0.7173,2026-09-21T16:42:19.353279+00:00,baseline_v1
FT-T002258,No,0.2798,2026-09-21T16:42:19.353279+00:00,baseline_v1
FT-T002259,Yes,0.5465,2026-09-21T16:42:19.353279+00:00,baseline_v1
FT-T002260,Yes,0.7257,2026-09-21T16:42:19.353279+00:00,baseline_v1
FT-T002261,No,0.3119,2026-09-21T16:42:19.353279+00:00,baseline_v1
FT-T002262,No,0.3874,2026-09-21T16:42:19.353279+00:00,baseline_v1
FT-T002263,Yes,0.6183,2026-09-21T16:42:19.353279+00:00,baseline_v1
FT-T002264,No,0.2733,2026-09-21T16:42:19.353279+00:00,baseline_v1
FT-T002265,No,0.2349,2026-09-21T16:42:19.353279+00:00,baseline_v1
FT-T002266,No,0.2829,2026-09-21T16:42:19.353279+00:00,baseline_v1
FT-T002267,Yes,0.7087,2026-09-21T16:42:19.353279+00:00,baseline_v1
FT-T002268,Yes,0.8059,2026-09-21T16:42:19.353279+00:00,baseline_v1
FT-T002269,No,0.4897,2026-09-21T16:42:19.353279+00:00,baseline_v1
FT-T002270,Yes,0.5744,2026-09-21T16:42:19.353279+00:00,baseline_v1
FT-T002271,Yes,0.5133,2026-09-21T16:42:19.353279+00:00,baseline_v1
FT-T002272,Yes,0.7241,2026-09-21T16:42:19.353279+00:00,baseline_v1
FT-T002273,Yes,0.7467,2026-09-21T16:42:19.353279+00:00,baseline_v1
FT-T002274,Yes,0.6582,2026-09-21T16:42:19.353279+00:00,baseline_v1
FT-T002275,No,0.3701,2026-09-21T16:42:19.353279+00:00,baseline_v1
FT-T002276,Yes,0.8351,2026-09-21T16:42:19.353279+00:00,baseline_v1
FT-T002277,No,0.4025,2026-09-21T16:42:19.353279+00:00,baseline_v1
FT-T002278,No,0.4671,2026-09-21T16:42:19.353279+00:00,baseline_v1
FT-T002279,Yes,0.6402,2026-09-21T16:42:19.353279+00:00,baseline_v1
FT-T002280,No,0.4281,2026-09-21T16:42:19.353279+00:00,baseline_v1
FT-T002281,Yes,0.7015,2026-09-21T16:42:19.353279+00:00,baseline_v1
FT-T002282,Yes,0.5652,2026-09-21T16:42:19.353279+00:00,baseline_v1
FT-T002283,Yes,0.6981,2026-09-21T16:42:19.353279+00:00,baseline_v1
FT-T002284,No,0.441,2026-09-21T16:42:19.353279+00:00,baseline_v1
FT-T002285,No,0.3701,2026-09-21T16:42:19.353279+00:00,baseline_v1
FT-T002286,No,0.3449,2026-09-21T16:42:19.353279+00:00,baseline_v1
FT-T002287,Yes,0.6459,2026-09-21T16:42:19.353279+00:00,baseline_v1
FT-T002288,Yes,0.7307,2026-09-21T16:42:19.353279+00:00,baseline_v1
FT-T002289,Yes,0.5166,2026-09-21T16:42:19.353279+00:00,baseline_v1
FT-T002290,No,0.4026,2026-09-21T16:42:19.353279+00:00,baseline_v1
FT-T002291,Yes,0.8708,2026-09-21T16:42:19.353279+00:00,baseline_v1
FT-T002292,No,0.4253,2026-09-21T16:42:19.353279+00:00,baseline_v1
FT-T002293,Yes,0.6263,2026-09-21T16:42:19.353279+00:00,baseline_v1
FT-T002294,No,0.4244,2026-09-21T16:42:19.353279+00:00,baseline_v1
FT-T002295,No,0.4211,2026-09-21T16:42:19.353279+00:00,baseline_v1
FT-T002296,No,0.3744,2026-09-21T16:42:19.353279+00:00,baseline_v1
FT-T002297,No,0.3437,2026-09-21T16:42:19.353279+00:00,baseline_v1
FT-T002298,Yes,0.5927,2026-09-21T16:42:19.353279+00:00,baseline_v1
FT-T002299,Yes,0.6746,2026-09-21T16:42:19.353279+00:00,baseline_v1
FT-T002300,Yes,0.6295,2026-09-21T16:42:19.353279+00:00,baseline_v1
FT-T002301,No,0.4153,2026-09-21T16:42:19.353279+00:00,baseline_v1
FT-T002302,Yes,0.5895,2026-09-21T16:42:19.353279+00:00,baseline_v1
FT-T002303,Yes,0.6491,2026-09-21T16:42:19.353279+00:00,baseline_v1
FT-T002304,No,0.4146,2026-09-21T16:42:19.353279+00:00,baseline_v1
FT-T002305,Yes,0.6331,2026-09-21T16:42:19.353279+00:00,baseline_v1
FT-T002306,No,0.412,2026-09-21T16:42:19.353279+00:00,baseline_v1
FT-T002307,Yes,0.686,2026-09-21T16:42:19.353279+00:00,baseline_v1
FT-T002308,No,0.4426,2026-09-21T16:42:19.353279+00:00,baseline_v1
FT-T002309,Yes,0.6699,2026-09-21T16:42:19.353279+00:00,baseline_v1
FT-T002310,No,0.4034,2026-09-21T16:42:19.353279+00:00,baseline_v1
FT-T002311,No,0.4366,2026-09-21T16:42:19.353279+00:00,baseline_v1
FT-T002312,Yes,0.7045,2026-09-21T16:42:19.353279+00:00,baseline_v1
FT-T002313,Yes,0.6683,2026-09-21T16:42:19.353279+00:00,baseline_v1
FT-T002314,No,0.3176,2026-09-21T16:42:19.353279+00:00,baseline_v1
FT-T002315,Yes,0.5324,2026-09-21T16:42:19.353279+00:00,baseline_v1
FT-T002316,Yes,0.5489,2026-09-21T16:42:19.353279+00:00,baseline_v1
FT-T002317,Yes,0.7554,2026-09-21T16:42:19.353279+00:00,baseline_v1
FT-T002318,Yes,0.6221,2026-09-21T16:42:19.353279+00:00,baseline_v1
FT-T002319,Yes,0.5592,2026-09-21T16:42:19.353279+00:00,baseline_v1
FT-T002320,Yes,0.6078,2026-09-21T16:42:19.353279+00:00,baseline_v1
FT-T002321,No,0.4026,2026-09-21T16:42:19.353279+00:00,baseline_v1
FT-T002322,No,0.4337,2026-09-21T16:42:19.353279+00:00,baseline_v1
FT-T002323,Yes,0.6326,2026-09-21T16:42:19.353279+00:00,baseline_v1
FT-T002324,No,0.3339,2026-09-21T16:42:19.353279+00:00,baseline_v1
FT-T002325,Yes,0.5277,2026-09-21T16:42:19.353279+00:00,baseline_v1
FT-T002326,Yes,0.5664,2026-09-21T16:42:19.353279+00:00,baseline_v1
FT-T002327,No,0.4608,2026-09-21T16:42:19.353279+00:00,baseline_v1
FT-T002328,No,0.3213,2026-09-21T16:42:19.353279+00:00,baseline_v1
FT-T002329,No,0.3919,2026-09-21T16:42:19.353279+00:00,baseline_v1
FT-T002330,No,0.4417,2026-09-21T16:42:19.353279+00:00,baseline_v1
FT-T002331,No,0.4481,2026-09-21T16:42:19.353279+00:00,baseline_v1
FT-T002332,Yes,0.5483,2026-09-21T16:42:19.353279+00:00,baseline_v1
FT-T002333,No,0.3741,2026-09-21T16:42:19.353279+00:00,baseline_v1
FT-T002334,No,0.3759,2026-09-21T16:42:19.353279+00:00,baseline_v1
FT-T002335,Yes,0.5808,2026-09-21T16:42:19.353279+00:00,baseline_v1
FT-T002336,No,0.4168,2026-09-21T16:42:19.353279+00:00,baseline_v1
FT-T002337,No,0.4855,2026-09-21T16:42:19.353279+00:00,baseline_v1
FT-T002338,Yes,0.569,2026-09-21T16:42:19.353279+00:00,baseline_v1
FT-T002339,No,0.3469,2026-09-21T16:42:19.353279+00:00,baseline_v1
FT-T002340,No,0.3198,2026-09-21T16:42:19.353279+00:00,baseline_v1
FT-T002341,No,0.4466,2026-09-21T16:42:19.353279+00:00,baseline_v1
FT-T002342,No,0.4983,2026-09-21T16:42:19.353279+00:00,baseline_v1
FT-T002343,Yes,0.5869,2026-09-21T16:42:19.353279+00:00,baseline_v1
FT-T002344,Yes,0.5478,2026-09-21T16:42:19.353279+00:00,baseline_v1
FT-T002345,Yes,0.5603,2026-09-21T16:42:19.353279+00:00,baseline_v1
FT-T002346,No,0.4131,2026-09-21T16:42:19.353279+00:00,baseline_v1
FT-T002347,No,0.4002,2026-09-21T16:42:19.353279+00:00,baseline_v1
FT-T002348,No,0.2546,2026-09-21T16:42:19.353279+00:00,baseline_v1
FT-T002349,No,0.3597,2026-09-21T16:42:19.353279+00:00,baseline_v1
FT-T002350,No,0.4542,2026-09-21T16:42:19.353279+00:00,baseline_v1
FT-T002351,Yes,0.6717,2026-09-21T16:42:19.353279+00:00,baseline_v1
FT-T002352,Yes,0.5871,2026-09-21T16:42:19.353279+00:00,baseline_v1
FT-T002353,Yes,0.5065,2026-09-21T16:42:19.353279+00:00,baseline_v1
FT-T002354,Yes,0.5622,2026-09-21T16:42:19.353279+00:00,baseline_v1
FT-T002355,No,0.3006,2026-09-21T16:42:19.353279+00:00,baseline_v1
FT-T002356,No,0.3052,2026-09-21T16:42:19.353279+00:00,baseline_v1
FT-T002357,No,0.3607,2026-09-21T16:42:19.353279+00:00,baseline_v1
FT-T002358,No,0.2792,2026-09-21T16:42:19.353279+00:00,baseline_v1
FT-T002359,No,0.3158,2026-09-21T16:42:19.353279+00:00,baseline_v1
FT-T002360,Yes,0.7603,2026-09-21T16:42:19.353279+00:00,baseline_v1
FT-T002361,No,0.2762,2026-09-21T16:42:19.353279+00:00,baseline_v1
FT-T002362,Yes,0.5565,2026-09-21T16:42:19.353279+00:00,baseline_v1
FT-T002363,Yes,0.5824,2026-09-21T16:42:19.353279+00:00,baseline_v1
FT-T002364,No,0.2846,2026-09-21T16:42:19.353279+00:00,baseline_v1
FT-T002365,Yes,0.6431,2026-09-21T16:42:19.353279+00:00,baseline_v1
FT-T002366,Yes,0.5005,2026-09-21T16:42:19.353279+00:00,baseline_v1
FT-T002367,No,0.3072,2026-09-21T16:42:19.353279+00:00,baseline_v1
FT-T002368,No,0.2878,2026-09-21T16:42:19.353279+00:00,baseline_v1
FT-T002369,Yes,0.7109,2026-09-21T16:42:19.353279+00:00,baseline_v1
FT-T002370,No,0.3462,2026-09-21T16:42:19.353279+00:00,baseline_v1
FT-T002371,Yes,0.6074,2026-09-21T16:42:19.353279+00:00,baseline_v1
FT-T002372,No,0.2933,2026-09-21T16:42:19.353279+00:00,baseline_v1
FT-T002373,No,0.2789,2026-09-21T16:42:19.353279+00:00,baseline_v1
FT-T002374,No,0.4946,2026-09-21T16:42:19.353279+00:00,baseline_v1
FT-T002375,No,0.2857,2026-09-21T16:42:19.353279+00:00,baseline_v1
FT-T002376,No,0.4829,2026-09-21T16:42:19.353279+00:00,baseline_v1
FT-T002377,No,0.2311,2026-09-21T16:42:19.353279+00:00,baseline_v1
FT-T002378,Yes,0.5022,2026-09-21T16:42:19.353279+00:00,baseline_v1
FT-T002379,Yes,0.5343,2026-09-21T16:42:19.353279+00:00,baseline_v1
FT-T002380,Yes,0.6467,2026-09-21T16:42:19.353279+00:00,baseline_v1
FT-T002381,No,0.3156,2026-09-21T16:42:19.353279+00:00,baseline_v1
FT-T002382,No,0.23,2026-09-21T16:42:19.353279+00:00,baseline_v1
FT-T002383,No,0.2994,2026-09-21T16:42:19.353279+00:00,baseline_v1
FT-T002384,No,0.2727,2026-09-21T16:42:19.353279+00:00,baseline_v1
FT-T002385,No,0.2331,2026-09-21T16:42:19.353279+00:00,baseline_v1
FT-T002386,No,0.3531,2026-09-21T16:42:19.353279+00:00,baseline_v1
FT-T002387,No,0.3476,2026-09-21T16:42:19.353279+00:00,baseline_v1
FT-T002388,No,0.3037,2026-09-21T16:42:19.353279+00:00,baseline_v1
FT-T002389,No,0.2649,2026-09-21T16:42:19.353279+00:00,baseline_v1
FT-T002390,No,0.2445,2026-09-21T16:42:19.353279+00:00,baseline_v1
FT-T002391,No,0.2698,2026-09-21T16:42:19.353279+00:00,baseline_v1
FT-T002392,No,0.3807,2026-09-21T16:42:19.353279+00:00,baseline_v1
FT-T002393,Yes,0.6198,2026-09-21T16:42:19.353279+00:00,baseline_v1
FT-T002394,Yes,0.5967,2026-09-21T16:42:19.353279+00:00,baseline_v1
FT-T002395,No,0.261,2026-09-21T16:42:19.353279+00:00,baseline_v1
FT-T002396,No,0.3999,2026-09-21T16:42:19.353279+00:00,baseline_v1
FT-T002397,No,0.2339,2026-09-21T16:42:19.353279+00:00,baseline_v1
FT-T002398,No,0.2602,2026-09-21T16:42:19.353279+00:00,baseline_v1
FT-T002399,Yes,0.5587,2026-09-21T16:42:19.353279+00:00,baseline_v1
FT-T002400,No,0.4797,2026-09-21T16:42:19.353279+00:00,baseline_v1
FT-T002401,Yes,0.5078,2026-09-21T16:42:19.353279+00:00,baseline_v1
FT-T002402,Yes,0.5278,2026-09-21T16:42:19.353279+00:00,baseline_v1
FT-T002403,No,0.4204,2026-09-21T16:42:19.353279+00:00,baseline_v1
FT-T002404,Yes,0.6239,2026-09-21T16:42:19.353279+00:00,baseline_v1
FT-T002405,Yes,0.6597,2026-09-21T16:42:19.353279+00:00,baseline_v1
FT-T002406,Yes,0.6464,2026-09-21T16:42:19.353279+00:00,baseline_v1
FT-T002407,No,0.4454,2026-09-21T16:42:19.353279+00:00,baseline_v1
FT-T002408,Yes,0.6423,2026-09-21T16:42:19.353279+00:00,baseline_v1
FT-T002409,No,0.4606,2026-09-21T16:42:19.353279+00:00,baseline_v1
FT-T002410,No,0.3754,2026-09-21T16:42:19.353279+00:00,baseline_v1
FT-T002411,Yes,0.5248,2026-09-21T16:42:19.353279+00:00,baseline_v1
FT-T002412,Yes,0.7285,2026-09-21T16:42:19.353279+00:00,baseline_v1
FT-T002413,No,0.4448,2026-09-21T16:42:19.353279+00:00,baseline_v1
FT-T002414,No,0.4098,2026-09-21T16:42:19.353279+00:00,baseline_v1
FT-T002415,Yes,0.6506,2026-09-21T16:42:19.353279+00:00,baseline_v1
FT-T002416,Yes,0.5264,2026-09-21T16:42:19.353279+00:00,baseline_v1
FT-T002417,Yes,0.7083,2026-09-21T16:42:19.353279+00:00,baseline_v1
FT-T002418,No,0.375,2026-09-21T16:42:19.353279+00:00,baseline_v1
FT-T002419,Yes,0.7001,2026-09-21T16:42:19.353279+00:00,baseline_v1
FT-T002420,Yes,0.6893,2026-09-21T16:42:19.353279+00:00,baseline_v1
FT-T002421,Yes,0.5745,2026-09-21T16:42:19.353279+00:00,baseline_v1
FT-T002422,No,0.4268,2026-09-21T16:42:19.353279+00:00,baseline_v1
FT-T002423,No,0.4587,2026-09-21T16:42:19.353279+00:00,baseline_v1
FT-T002424,No,0.4227,2026-09-21T16:42:19.353279+00:00,baseline_v1
FT-T002425,No,0.4274,2026-09-21T16:42:19.353279+00:00,baseline_v1
FT-T002426,Yes,0.6145,2026-09-21T16:42:19.353279+00:00,baseline_v1
FT-T002427,No,0.3151,2026-09-21T16:42:19.353279+00:00,baseline_v1
FT-T002428,No,0.4465,2026-09-21T16:42:19.353279+00:00,baseline_v1
FT-T002429,No,0.4715,2026-09-21T16:42:19.353279+00:00,baseline_v1
FT-T002430,No,0.4503,2026-09-21T16:42:19.353279+00:00,baseline_v1
FT-T002431,Yes,0.6124,2026-09-21T16:42:19.353279+00:00,baseline_v1
FT-T002432,No,0.4154,2026-09-21T16:42:19.353279+00:00,baseline_v1
FT-T002433,Yes,0.6364,2026-09-21T16:42:19.353279+00:00,baseline_v1
FT-T002434,Yes,0.564,2026-09-21T16:42:19.353279+00:00,baseline_v1
FT-T002435,Yes,0.5575,2026-09-21T16:42:19.353279+00:00,baseline_v1
FT-T002436,No,0.3671,2026-09-21T16:42:19.353279+00:00,baseline_v1
FT-T002437,No,0.3321,2026-09-21T16:42:19.353279+00:00,baseline_v1
FT-T002438,Yes,0.6332,2026-09-21T16:42:19.353279+00:00,baseline_v1
FT-T002439,Yes,0.528,2026-09-21T16:42:19.353279+00:00,baseline_v1
FT-T002440,No,0.4093,2026-09-21T16:42:19.353279+00:00,baseline_v1
FT-T002441,No,0.3837,2026-09-21T16:42:19.353279+00:00,baseline_v1
FT-T002442,No,0.299,2026-09-21T16:42:19.353279+00:00,baseline_v1
FT-T002443,No,0.405,2026-09-21T16:42:19.353279+00:00,baseline_v1
FT-T002444,Yes,0.6144,2026-09-21T16:42:19.353279+00:00,baseline_v1
FT-T002445,No,0.4145,2026-09-21T16:42:19.353279+00:00,baseline_v1
FT-T002446,No,0.4105,2026-09-21T16:42:19.353279+00:00,baseline_v1
FT-T002447,No,0.493,2026-09-21T16:42:19.353279+00:00,baseline_v1
FT-T002448,No,0.3057,2026-09-21T16:42:19.353279+00:00,baseline_v1
FT-T002449,Yes,0.5369,2026-09-21T16:42:19.353279+00:00,baseline_v1
FT-T002450,No,0.3825,2026-09-21T16:42:19.353279+00:00,baseline_v1
FT-T002451,No,0.4192,2026-09-21T16:42:19.353279+00:00,baseline_v1
FT-T002452,No,0.3547,2026-09-21T16:42:19.353279+00:00,baseline_v1
FT-T002453,Yes,0.5664,2026-09-21T16:42:19.353279+00:00,baseline_v1
FT-T002454,Yes,0.593,2026-09-21T16:42:19.353279+00:00,baseline_v1
FT-T002455,No,0.4008,2026-09-21T16:42:19.353279+00:00,baseline_v1
FT-T002456,Yes,0.7782,2026-09-21T16:42:19.353279+00:00,baseline_v1
FT-T002457,No,0.4044,2026-09-21T16:42:19.353279+00:00,baseline_v1
FT-T002458,No,0.3697,2026-09-21T16:42:19.353279+00:00,baseline_v1
FT-T002459,No,0.2929,2026-09-21T16:42:19.353279+00:00,baseline_v1
FT-T002460,Yes,0.7659,2026-09-21T16:42:19.353279+00:00,baseline_v1
FT-T002461,Yes,0.5621,2026-09-21T16:42:19.353279+00:00,baseline_v1
FT-T002462,Yes,0.5811,2026-09-21T16:42:19.353279+00:00,baseline_v1
FT-T002463,No,0.4033,2026-09-21T16:42:19.353279+00:00,baseline_v1
FT-T002464,No,0.3787,2026-09-21T16:42:19.353279+00:00,baseline_v1
FT-T002465,Yes,0.6851,2026-09-21T16:42:19.353279+00:00,baseline_v1
FT-T002466,No,0.4085,2026-09-21T16:42:19.353279+00:00,baseline_v1
FT-T002467,Yes,0.5235,2026-09-21T16:42:19.353279+00:00,baseline_v1
FT-T002468,No,0.3477,2026-09-21T16:42:19.353279+00:00,baseline_v1
FT-T002469,No,0.2902,2026-09-21T16:42:19.353279+00:00,baseline_v1
FT-T002470,No,0.3132,2026-09-21T16:42:19.353279+00:00,baseline_v1
FT-T002471,No,0.3088,2026-09-21T16:42:19.353279+00:00,baseline_v1
FT-T002472,Yes,0.5431,2026-09-21T16:42:19.353279+00:00,baseline_v1
FT-T002473,No,0.3116,2026-09-21T16:42:19.353279+00:00,baseline_v1
FT-T002474,No,0.3776,2026-09-21T16:42:19.353279+00:00,baseline_v1
FT-T002475,No,0.4572,2026-09-21T16:42:19.353279+00:00,baseline_v1
FT-T002476,No,0.3038,2026-09-21T16:42:19.353279+00:00,baseline_v1
FT-T002477,No,0.4298,2026-09-21T16:42:19.353279+00:00,baseline_v1
FT-T002478,No,0.3547,2026-09-21T16:42:19.353279+00:00,baseline_v1
FT-T002479,No,0.4206,2026-09-21T16:42:19.353279+00:00,baseline_v1
FT-T002480,Yes,0.6054,2026-09-21T16:42:19.353279+00:00,baseline_v1
FT-T002481,No,0.2718,2026-09-21T16:42:19.353279+00:00,baseline_v1
FT-T002482,No,0.3009,2026-09-21T16:42:19.353279+00:00,baseline_v1
FT-T002483,Yes,0.6205,2026-09-21T16:42:19.353279+00:00,baseline_v1
FT-T002484,Yes,0.5764,2026-09-21T16:42:19.353279+00:00,baseline_v1
FT-T002485,Yes,0.6604,2026-09-21T16:42:19.353279+00:00,baseline_v1
FT-T002486,No,0.4862,2026-09-21T16:42:19.353279+00:00,baseline_v1
FT-T002487,No,0.3337,2026-09-21T16:42:19.353279+00:00,baseline_v1
FT-T002488,Yes,0.5241,2026-09-21T16:42:19.353279+00:00,baseline_v1
FT-T002489,Yes,0.5362,2026-09-21T16:42:19.353279+00:00,baseline_v1
FT-T002490,No,0.2818,2026-09-21T16:42:19.353279+00:00,baseline_v1
FT-T002491,No,0.4844,2026-09-21T16:42:19.353279+00:00,baseline_v1
FT-T002492,Yes,0.5665,2026-09-21T16:42:19.353279+00:00,baseline_v1
FT-T002493,No,0.3185,2026-09-21T16:42:19.353279+00:00,baseline_v1
FT-T002494,No,0.3528,2026-09-21T16:42:19.353279+00:00,baseline_v1
FT-T002495,No,0.3339,2026-09-21T16:42:19.353279+00:00,baseline_v1
FT-T002496,No,0.2429,2026-09-21T16:42:19.353279+00:00,baseline_v1
FT-T002497,No,0.3346,2026-09-21T16:42:19.353279+00:00,baseline_v1
FT-T002498,No,0.3076,2026-09-21T16:42:19.353279+00:00,baseline_v1
FT-T002499,No,0.2558,2026-09-21T16:42:19.353279+00:00,baseline_v1
FT-T002500,No,0.2746,2026-09-21T16:42:19.353279+00:00,baseline_v1
FT-T002501,No,0.2523,2026-09-21T16:42:19.353279+00:00,baseline_v1
FT-T002502,No,0.4692,2026-09-21T16:42:19.353279+00:00,baseline_v1
FT-T002503,No,0.4631,2026-09-21T16:42:19.353279+00:00,baseline_v1
FT-T002504,Yes,0.5142,2026-09-21T16:42:19.353279+00:00,baseline_v1
FT-T002505,No,0.3282,2026-09-21T16:42:19.353279+00:00,baseline_v1
FT-T002506,No,0.4766,2026-09-21T16:42:19.353279+00:00,baseline_v1
FT-T002507,No,0.2626,2026-09-21T16:42:19.353279+00:00,baseline_v1
FT-T002508,Yes,0.5267,2026-09-21T16:42:19.353279+00:00,baseline_v1
FT-T002509,Yes,0.5412,2026-09-21T16:42:19.353279+00:00,baseline_v1
FT-T002510,No,0.2374,2026-09-21T16:42:19.353279+00:00,baseline_v1
FT-T002511,No,0.2723,2026-09-21T16:42:19.353279+00:00,baseline_v1
FT-T002512,No,0.2391,2026-09-21T16:42:19.353279+00:00,baseline_v1
FT-T002513,Yes,0.5891,2026-09-21T16:42:19.353279+00:00,baseline_v1
FT-T002514,No,0.4465,2026-09-21T16:42:19.353279+00:00,baseline_v1
FT-T002515,No,0.3527,2026-09-21T16:42:19.353279+00:00,baseline_v1
FT-T002516,No,0.2597,2026-09-21T16:42:19.353279+00:00,baseline_v1
FT-T002517,No,0.3763,2026-09-21T16:42:19.353279+00:00,baseline_v1
FT-T002518,No,0.2656,2026-09-21T16:42:19.353279+00:00,baseline_v1
FT-T002519,No,0.2846,2026-09-21T16:42:19.353279+00:00,baseline_v1
FT-T002520,No,0.2419,2026-09-21T16:42:19.353279+00:00,baseline_v1
FT-T002521,No,0.2478,2026-09-21T16:42:19.353279+00:00,baseline_v1
FT-T002522,No,0.408,2026-09-21T16:42:19.353279+00:00,baseline_v1
FT-T002523,No,0.2599,2026-09-21T16:42:19.353279+00:00,baseline_v1
FT-T002524,No,0.324,2026-09-21T16:42:19.353279+00:00,baseline_v1
FT-T002525,No,0.2411,2026-09-21T16:42:19.353279+00:00,baseline_v1
FT-T002526,No,0.3888,2026-09-21T16:42:19.353279+00:00,baseline_v1
FT-T002527,No,0.4403,2026-09-21T16:42:19.353279+00:00,baseline_v1
FT-T002528,No,0.166,2026-09-21T16:42:19.353279+00:00,baseline_v1
FT-T002529,No,0.471,2026-09-21T16:42:19.353279+00:00,baseline_v1
FT-T002530,No,0.267,2026-09-21T16:42:19.353279+00:00,baseline_v1
FT-T002531,No,0.3984,2026-09-21T16:42:19.353279+00:00,baseline_v1
FT-T002532,No,0.491,2026-09-21T16:42:19.353279+00:00,baseline_v1
FT-T002533,Yes,0.7055,2026-09-21T16:42:19.353279+00:00,baseline_v1
FT-T002534,No,0.4673,2026-09-21T16:42:19.353279+00:00,baseline_v1
FT-T002535,Yes,0.6087,2026-09-21T16:42:19.353279+00:00,baseline_v1
FT-T002536,Yes,0.5489,2026-09-21T16:42:19.353279+00:00,baseline_v1
FT-T002537,Yes,0.6327,2026-09-21T16:42:19.353279+00:00,baseline_v1
FT-T002538,No,0.4657,2026-09-21T16:42:19.353279+00:00,baseline_v1
FT-T002539,No,0.4771,2026-09-21T16:42:19.353279+00:00,baseline_v1
FT-T002540,No,0.4876,2026-09-21T16:42:19.353279+00:00,baseline_v1
FT-T002541,No,0.4141,2026-09-21T16:42:19.353279+00:00,baseline_v1
FT-T002542,No,0.476,2026-09-21T16:42:19.353279+00:00,baseline_v1
FT-T002543,No,0.4891,2026-09-21T16:42:19.353279+00:00,baseline_v1
FT-T002544,Yes,0.6705,2026-09-21T16:42:19.353279+00:00,baseline_v1
FT-T002545,Yes,0.7692,2026-09-21T16:42:19.353279+00:00,baseline_v1
FT-T002546,No,0.443,2026-09-21T16:42:19.353279+00:00,baseline_v1
FT-T002547,Yes,0.6736,2026-09-21T16:42:19.353279+00:00,baseline_v1
FT-T002548,No,0.4489,2026-09-21T16:42:19.353279+00:00,baseline_v1
FT-T002549,Yes,0.7181,2026-09-21T16:42:19.353279+00:00,baseline_v1
FT-T002550,Yes,0.5981,2026-09-21T16:42:19.353279+00:00,baseline_v1
FT-T002551,No,0.4679,2026-09-21T16:42:19.353279+00:00,baseline_v1
FT-T002552,Yes,0.5215,2026-09-21T16:42:19.353279+00:00,baseline_v1
FT-T002553,No,0.3978,2026-09-21T16:42:19.353279+00:00,baseline_v1
FT-T002554,No,0.4391,2026-09-21T16:42:19.353279+00:00,baseline_v1
FT-T002555,Yes,0.7147,2026-09-21T16:42:19.353279+00:00,baseline_v1
FT-T002556,Yes,0.6768,2026-09-21T16:42:19.353279+00:00,baseline_v1
FT-T002557,Yes,0.5402,2026-09-21T16:42:19.353279+00:00,baseline_v1
FT-T002558,No,0.3272,2026-09-21T16:42:19.353279+00:00,baseline_v1
FT-T002559,Yes,0.6904,2026-09-21T16:42:19.353279+00:00,baseline_v1
FT-T002560,No,0.4008,2026-09-21T16:42:19.353279+00:00,baseline_v1
FT-T002561,Yes,0.5251,2026-09-21T16:42:19.353279+00:00,baseline_v1
FT-T002562,No,0.4596,2026-09-21T16:42:19.353279+00:00,baseline_v1
FT-T002563,No,0.4343,2026-09-21T16:42:19.353279+00:00,baseline_v1
FT-T002564,No,0.3181,2026-09-21T16:42:19.353279+00:00,baseline_v1
FT-T002565,No,0.4536,2026-09-21T16:42:19.353279+00:00,baseline_v1
FT-T002566,Yes,0.7815,2026-09-21T16:42:19.353279+00:00,baseline_v1
FT-T002567,No,0.4437,2026-09-21T16:42:19.353279+00:00,baseline_v1
FT-T002568,No,0.3331,2026-09-21T16:42:19.353279+00:00,baseline_v1
FT-T002569,Yes,0.589,2026-09-21T16:42:19.353279+00:00,baseline_v1
FT-T002570,Yes,0.6457,2026-09-21T16:42:19.353279+00:00,baseline_v1
FT-T002571,Yes,0.5985,2026-09-21T16:42:19.353279+00:00,baseline_v1
FT-T002572,Yes,0.7622,2026-09-21T16:42:19.353279+00:00,baseline_v1
FT-T002573,Yes,0.7515,2026-09-21T16:42:19.353279+00:00,baseline_v1
FT-T002574,Yes,0.6172,2026-09-21T16:42:19.353279+00:00,baseline_v1
FT-T002575,No,0.4374,2026-09-21T16:42:19.353279+00:00,baseline_v1
FT-T002576,Yes,0.6079,2026-09-21T16:42:19.353279+00:00,baseline_v1
FT-T002577,No,0.3679,2026-09-21T16:42:19.353279+00:00,baseline_v1
FT-T002578,Yes,0.6256,2026-09-21T16:42:19.353279+00:00,baseline_v1
FT-T002579,No,0.3154,2026-09-21T16:42:19.353279+00:00,baseline_v1
FT-T002580,No,0.3705,2026-09-21T16:42:19.353279+00:00,baseline_v1
FT-T002581,Yes,0.6186,2026-09-21T16:42:19.353279+00:00,baseline_v1
FT-T002582,Yes,0.8142,2026-09-21T16:42:19.353279+00:00,baseline_v1
FT-T002583,Yes,0.5674,2026-09-21T16:42:19.353279+00:00,baseline_v1
FT-T002584,No,0.2863,2026-09-21T16:42:19.353279+00:00,baseline_v1
FT-T002585,No,0.2982,2026-09-21T16:42:19.353279+00:00,baseline_v1
FT-T002586,No,0.3573,2026-09-21T16:42:19.353279+00:00,baseline_v1
FT-T002587,Yes,0.606,2026-09-21T16:42:19.353279+00:00,baseline_v1
FT-T002588,Yes,0.6851,2026-09-21T16:42:19.353279+00:00,baseline_v1
FT-T002589,Yes,0.7685,2026-09-21T16:42:19.353279+00:00,baseline_v1
FT-T002590,No,0.3401,2026-09-21T16:42:19.353279+00:00,baseline_v1
FT-T002591,Yes,0.5434,2026-09-21T16:42:19.353279+00:00,baseline_v1
FT-T002592,No,0.3526,2026-09-21T16:42:19.353279+00:00,baseline_v1
FT-T002593,No,0.4849,2026-09-21T16:42:19.353279+00:00,baseline_v1
FT-T002594,No,0.3215,2026-09-21T16:42:19.353279+00:00,baseline_v1
FT-T002595,Yes,0.5254,2026-09-21T16:42:19.353279+00:00,baseline_v1
FT-T002596,Yes,0.592,2026-09-21T16:42:19.353279+00:00,baseline_v1
FT-T002597,No,0.382,2026-09-21T16:42:19.353279+00:00,baseline_v1
FT-T002598,No,0.4515,2026-09-21T16:42:19.353279+00:00,baseline_v1
FT-T002599,Yes,0.5471,2026-09-21T16:42:19.353279+00:00,baseline_v1
FT-T002600,No,0.3776,2026-09-21T16:42:19.353279+00:00,baseline_v1
FT-T002601,Yes,0.6598,2026-09-21T16:42:19.353279+00:00,baseline_v1
FT-T002602,Yes,0.7158,2026-09-21T16:42:19.353279+00:00,baseline_v1
FT-T002603,No,0.3661,2026-09-21T16:42:19.353279+00:00,baseline_v1
FT-T002604,No,0.3295,2026-09-21T16:42:19.353279+00:00,baseline_v1
FT-T002605,Yes,0.579,2026-09-21T16:42:19.353279+00:00,baseline_v1
FT-T002606,Yes,0.6385,2026-09-21T16:42:19.353279+00:00,baseline_v1
FT-T002607,Yes,0.5954,2026-09-21T16:42:19.353279+00:00,baseline_v1
FT-T002608,No,0.4649,2026-09-21T16:42:19.353279+00:00,baseline_v1
FT-T002609,Yes,0.6273,2026-09-21T16:42:19.353279+00:00,baseline_v1
FT-T002610,No,0.4769,2026-09-21T16:42:19.353279+00:00,baseline_v1
FT-T002611,No,0.4883,2026-09-21T16:42:19.353279+00:00,baseline_v1
FT-T002612,No,0.3249,2026-09-21T16:42:19.353279+00:00,baseline_v1
FT-T002613,No,0.3188,2026-09-21T16:42:19.353279+00:00,baseline_v1
FT-T002614,No,0.4496,2026-09-21T16:42:19.353279+00:00,baseline_v1
FT-T002615,No,0.4341,2026-09-21T16:42:19.353279+00:00,baseline_v1
FT-T002616,No,0.3409,2026-09-21T16:42:19.353279+00:00,baseline_v1
FT-T002617,No,0.4887,2026-09-21T16:42:19.353279+00:00,baseline_v1
FT-T002618,No,0.2882,2026-09-21T16:42:19.353279+00:00,baseline_v1
FT-T002619,No,0.2605,2026-09-21T16:42:19.353279+00:00,baseline_v1
FT-T002620,Yes,0.5479,2026-09-21T16:42:19.353279+00:00,baseline_v1
FT-T002621,No,0.3179,2026-09-21T16:42:19.353279+00:00,baseline_v1
FT-T002622,No,0.2628,2026-09-21T16:42:19.353279+00:00,baseline_v1
FT-T002623,No,0.4817,2026-09-21T16:42:19.353279+00:00,baseline_v1
FT-T002624,No,0.4779,2026-09-21T16:42:19.353279+00:00,baseline_v1
FT-T002625,Yes,0.6083,2026-09-21T16:42:19.353279+00:00,baseline_v1
FT-T002626,Yes,0.6162,2026-09-21T16:42:19.353279+00:00,baseline_v1
FT-T002627,No,0.483,2026-09-21T16:42:19.353279+00:00,baseline_v1
FT-T002628,No,0.2471,2026-09-21T16:42:19.353279+00:00,baseline_v1
FT-T002629,Yes,0.6605,2026-09-21T16:42:19.353279+00:00,baseline_v1
FT-T002630,Yes,0.5217,2026-09-21T16:42:19.353279+00:00,baseline_v1
FT-T002631,No,0.3014,2026-09-21T16:42:19.353279+00:00,baseline_v1
FT-T002632,Yes,0.5888,2026-09-21T16:42:19.353279+00:00,baseline_v1
FT-T002633,No,0.4141,2026-09-21T16:42:19.353279+00:00,baseline_v1
FT-T002634,Yes,0.7174,2026-09-21T16:42:19.353279+00:00,baseline_v1
FT-T002635,Yes,0.6417,2026-09-21T16:42:19.353279+00:00,baseline_v1
FT-T002636,No,0.4173,2026-09-21T16:42:19.353279+00:00,baseline_v1
FT-T002637,No,0.255,2026-09-21T16:42:19.353279+00:00,baseline_v1
FT-T002638,No,0.3119,2026-09-21T16:42:19.353279+00:00,baseline_v1
FT-T002639,No,0.2703,2026-09-21T16:42:19.353279+00:00,baseline_v1
FT-T002640,No,0.4809,2026-09-21T16:42:19.353279+00:00,baseline_v1
FT-T002641,No,0.4247,2026-09-21T16:42:19.353279+00:00,baseline_v1
FT-T002642,Yes,0.6375,2026-09-21T16:42:19.353279+00:00,baseline_v1
FT-T002643,No,0.2725,2026-09-21T16:42:19.353279+00:00,baseline_v1
FT-T002644,Yes,0.5233,2026-09-21T16:42:19.353279+00:00,baseline_v1
FT-T002645,No,0.3365,2026-09-21T16:42:19.353279+00:00,baseline_v1
FT-T002646,No,0.4431,2026-09-21T16:42:19.353279+00:00,baseline_v1
FT-T002647,No,0.4515,2026-09-21T16:42:19.353279+00:00,baseline_v1
FT-T002648,No,0.4516,2026-09-21T16:42:19.353279+00:00,baseline_v1
FT-T002649,No,0.2055,2026-09-21T16:42:19.353279+00:00,baseline_v1
FT-T002650,Yes,0.6572,2026-09-21T16:42:19.353279+00:00,baseline_v1
FT-T002651,No,0.4271,2026-09-21T16:42:19.353279+00:00,baseline_v1
FT-T002652,Yes,0.5355,2026-09-21T16:42:19.353279+00:00,baseline_v1
FT-T002653,No,0.3412,2026-09-21T16:42:19.353279+00:00,baseline_v1
FT-T002654,No,0.2724,2026-09-21T16:42:19.353279+00:00,baseline_v1
FT-T002655,No,0.4131,2026-09-21T16:42:19.353279+00:00,baseline_v1
FT-T002656,No,0.2533,2026-09-21T16:42:19.353279+00:00,baseline_v1
FT-T002657,No,0.2649,2026-09-21T16:42:19.353279+00:00,baseline_v1
FT-T002658,No,0.2457,2026-09-21T16:42:19.353279+00:00,baseline_v1
FT-T002659,No,0.2783,2026-09-21T16:42:19.353279+00:00,baseline_v1
FT-T002660,No,0.1845,2026-09-21T16:42:19.353279+00:00,baseline_v1
FT-T002661,No,0.2212,2026-09-21T16:42:19.353279+00:00,baseline_v1
FT-T002662,No,0.4194,2026-09-21T16:42:19.353279+00:00,baseline_v1
FT-T002663,No,0.2617,2026-09-21T16:42:19.353279+00:00,baseline_v1
FT-T002664,No,0.4696,2026-09-21T16:42:19.353279+00:00,baseline_v1
FT-T002665,No,0.2876,2026-09-21T16:42:19.353279+00:00,baseline_v1
FT-T002666,No,0.4484,2026-09-21T16:42:19.353279+00:00,baseline_v1
FT-T002667,No,0.2692,2026-09-21T16:42:19.353279+00:00,baseline_v1
FT-T002668,Yes,0.7994,2026-09-21T16:42:19.353279+00:00,baseline_v1
FT-T002669,Yes,0.8124,2026-09-21T16:42:19.353279+00:00,baseline_v1
FT-T002670,Yes,0.608,2026-09-21T16:42:19.353279+00:00,baseline_v1
FT-T002671,No,0.4198,2026-09-21T16:42:19.353279+00:00,baseline_v1
FT-T002672,Yes,0.5242,2026-09-21T16:42:19.353279+00:00,baseline_v1
FT-T002673,Yes,0.8489,2026-09-21T16:42:19.353279+00:00,baseline_v1
FT-T002674,No,0.4828,2026-09-21T16:42:19.353279+00:00,baseline_v1
FT-T002675,Yes,0.7113,2026-09-21T16:42:19.353279+00:00,baseline_v1
FT-T002676,No,0.4511,2026-09-21T16:42:19.353279+00:00,baseline_v1
FT-T002677,Yes,0.6251,2026-09-21T16:42:19.353279+00:00,baseline_v1
FT-T002678,No,0.3801,2026-09-21T16:42:19.353279+00:00,baseline_v1
FT-T002679,Yes,0.6534,2026-09-21T16:42:19.353279+00:00,baseline_v1
FT-T002680,No,0.4797,2026-09-21T16:42:19.353279+00:00,baseline_v1
FT-T002681,No,0.3468,2026-09-21T16:42:19.353279+00:00,baseline_v1
FT-T002682,Yes,0.7681,2026-09-21T16:42:19.353279+00:00,baseline_v1
FT-T002683,Yes,0.674,2026-09-21T16:42:19.353279+00:00,baseline_v1
FT-T002684,Yes,0.6178,2026-09-21T16:42:19.353279+00:00,baseline_v1
FT-T002685,No,0.3544,2026-09-21T16:42:19.353279+00:00,baseline_v1
FT-T002686,No,0.4508,2026-09-21T16:42:19.353279+00:00,baseline_v1
FT-T002687,Yes,0.7059,2026-09-21T16:42:19.353279+00:00,baseline_v1
FT-T002688,Yes,0.8457,2026-09-21T16:42:19.353279+00:00,baseline_v1
FT-T002689,Yes,0.6919,2026-09-21T16:42:19.353279+00:00,baseline_v1
FT-T002690,Yes,0.6537,2026-09-21T16:42:19.353279+00:00,baseline_v1
FT-T002691,Yes,0.6714,2026-09-21T16:42:19.353279+00:00,baseline_v1
FT-T002692,No,0.4374,2026-09-21T16:42:19.353279+00:00,baseline_v1
FT-T002693,Yes,0.8239,2026-09-21T16:42:19.353279+00:00,baseline_v1
FT-T002694,No,0.3659,2026-09-21T16:42:19.353279+00:00,baseline_v1
FT-T002695,Yes,0.6032,2026-09-21T16:42:19.353279+00:00,baseline_v1
FT-T002696,No,0.4193,2026-09-21T16:42:19.353279+00:00,baseline_v1
FT-T002697,Yes,0.6981,2026-09-21T16:42:19.353279+00:00,baseline_v1
FT-T002698,No,0.4029,2026-09-21T16:42:19.353279+00:00,baseline_v1
FT-T002699,Yes,0.5793,2026-09-21T16:42:19.353279+00:00,baseline_v1
FT-T002700,Yes,0.6193,2026-09-21T16:42:19.353279+00:00,baseline_v1
FT-T002701,No,0.3855,2026-09-21T16:42:19.353279+00:00,baseline_v1
FT-T002702,No,0.4696,2026-09-21T16:42:19.353279+00:00,baseline_v1
FT-T002703,No,0.3869,2026-09-21T16:42:19.353279+00:00,baseline_v1
FT-T002704,Yes,0.7507,2026-09-21T16:42:19.353279+00:00,baseline_v1
FT-T002705,No,0.3357,2026-09-21T16:42:19.353279+00:00,baseline_v1
FT-T002706,Yes,0.5221,2026-09-21T16:42:19.353279+00:00,baseline_v1
FT-T002707,No,0.4249,2026-09-21T16:42:19.353279+00:00,baseline_v1
FT-T002708,No,0.4794,2026-09-21T16:42:19.353279+00:00,baseline_v1
FT-T002709,Yes,0.6262,2026-09-21T16:42:19.353279+00:00,baseline_v1
FT-T002710,Yes,0.6385,2026-09-21T16:42:19.353279+00:00,baseline_v1
FT-T002711,No,0.4014,2026-09-21T16:42:19.353279+00:00,baseline_v1
FT-T002712,No,0.3438,2026-09-21T16:42:19.353279+00:00,baseline_v1
FT-T002713,No,0.3604,2026-09-21T16:42:19.353279+00:00,baseline_v1
FT-T002714,Yes,0.6238,2026-09-21T16:42:19.353279+00:00,baseline_v1
FT-T002715,No,0.4472,2026-09-21T16:42:19.353279+00:00,baseline_v1
FT-T002716,No,0.3778,2026-09-21T16:42:19.353279+00:00,baseline_v1
FT-T002717,Yes,0.5727,2026-09-21T16:42:19.353279+00:00,baseline_v1
FT-T002718,No,0.3563,2026-09-21T16:42:19.353279+00:00,baseline_v1
FT-T002719,No,0.3005,2026-09-21T16:42:19.353279+00:00,baseline_v1
FT-T002720,Yes,0.5755,2026-09-21T16:42:19.353279+00:00,baseline_v1
FT-T002721,No,0.4477,2026-09-21T16:42:19.353279+00:00,baseline_v1
FT-T002722,No,0.4408,2026-09-21T16:42:19.353279+00:00,baseline_v1
FT-T002723,No,0.4364,2026-09-21T16:42:19.353279+00:00,baseline_v1
FT-T002724,Yes,0.5957,2026-09-21T16:42:19.353279+00:00,baseline_v1
FT-T002725,Yes,0.5411,2026-09-21T16:42:19.353279+00:00,baseline_v1
FT-T002726,No,0.3252,2026-09-21T16:42:19.353279+00:00,baseline_v1
FT-T002727,Yes,0.544,2026-09-21T16:42:19.353279+00:00,baseline_v1
FT-T002728,Yes,0.5184,2026-09-21T16:42:19.353279+00:00,baseline_v1
FT-T002729,No,0.4099,2026-09-21T16:42:19.353279+00:00,baseline_v1
FT-T002730,No,0.3741,2026-09-21T16:42:19.353279+00:00,baseline_v1
FT-T002731,No,0.4076,2026-09-21T16:42:19.353279+00:00,baseline_v1
FT-T002732,Yes,0.567,2026-09-21T16:42:19.353279+00:00,baseline_v1
FT-T002733,Yes,0.7687,2026-09-21T16:42:19.353279+00:00,baseline_v1
FT-T002734,No,0.3299,2026-09-21T16:42:19.353279+00:00,baseline_v1
FT-T002735,No,0.3319,2026-09-21T16:42:19.353279+00:00,baseline_v1
FT-T002736,Yes,0.5177,2026-09-21T16:42:19.353279+00:00,baseline_v1
FT-T002737,No,0.338,2026-09-21T16:42:19.353279+00:00,baseline_v1
FT-T002738,Yes,0.787,2026-09-21T16:42:19.353279+00:00,baseline_v1
FT-T002739,No,0.457,2026-09-21T16:42:19.353279+00:00,baseline_v1
FT-T002740,No,0.3432,2026-09-21T16:42:19.353279+00:00,baseline_v1
FT-T002741,No,0.3429,2026-09-21T16:42:19.353279+00:00,baseline_v1
FT-T002742,No,0.3078,2026-09-21T16:42:19.353279+00:00,baseline_v1
FT-T002743,No,0.3309,2026-09-21T16:42:19.353279+00:00,baseline_v1
FT-T002744,Yes,0.5735,2026-09-21T16:42:19.353279+00:00,baseline_v1
FT-T002745,No,0.3356,2026-09-21T16:42:19.353279+00:00,baseline_v1
FT-T002746,No,0.3046,2026-09-21T16:42:19.353279+00:00,baseline_v1
FT-T002747,No,0.3072,2026-09-21T16:42:19.353279+00:00,baseline_v1
FT-T002748,No,0.386,2026-09-21T16:42:19.353279+00:00,baseline_v1
FT-T002749,Yes,0.591,2026-09-21T16:42:19.353279+00:00,baseline_v1
FT-T002750,No,0.3145,2026-09-21T16:42:19.353279+00:00,baseline_v1
FT-T002751,No,0.3052,2026-09-21T16:42:19.353279+00:00,baseline_v1
FT-T002752,No,0.3388,2026-09-21T16:42:19.353279+00:00,baseline_v1
FT-T002753,No,0.2912,2026-09-21T16:42:19.353279+00:00,baseline_v1
FT-T002754,No,0.3474,2026-09-21T16:42:19.353279+00:00,baseline_v1
FT-T002755,Yes,0.5735,2026-09-21T16:42:19.353279+00:00,baseline_v1
FT-T002756,Yes,0.525,2026-09-21T16:42:19.353279+00:00,baseline_v1
FT-T002757,Yes,0.537,2026-09-21T16:42:19.353279+00:00,baseline_v1
FT-T002758,No,0.3496,2026-09-21T16:42:19.353279+00:00,baseline_v1
FT-T002759,Yes,0.551,2026-09-21T16:42:19.353279+00:00,baseline_v1
FT-T002760,Yes,0.5118,2026-09-21T16:42:19.353279+00:00,baseline_v1
FT-T002761,No,0.4585,2026-09-21T16:42:19.353279+00:00,baseline_v1
FT-T002762,Yes,0.5845,2026-09-21T16:42:19.353279+00:00,baseline_v1
FT-T002763,No,0.2988,2026-09-21T16:42:19.353279+00:00,baseline_v1
FT-T002764,No,0.3028,2026-09-21T16:42:19.353279+00:00,baseline_v1
FT-T002765,No,0.3012,2026-09-21T16:42:19.353279+00:00,baseline_v1
FT-T002766,No,0.4895,2026-09-21T16:42:19.353279+00:00,baseline_v1
FT-T002767,No,0.2057,2026-09-21T16:42:19.353279+00:00,baseline_v1
FT-T002768,Yes,0.6832,2026-09-21T16:42:19.353279+00:00,baseline_v1
FT-T002769,Yes,0.5253,2026-09-21T16:42:19.353279+00:00,baseline_v1
FT-T002770,No,0.248,2026-09-21T16:42:19.353279+00:00,baseline_v1
FT-T002771,No,0.2544,2026-09-21T16:42:19.353279+00:00,baseline_v1
FT-T002772,Yes,0.5383,2026-09-21T16:42:19.353279+00:00,baseline_v1
FT-T002773,No,0.3048,2026-09-21T16:42:19.353279+00:00,baseline_v1
FT-T002774,No,0.2473,2026-09-21T16:42:19.353279+00:00,baseline_v1
FT-T002775,No,0.3247,2026-09-21T16:42:19.353279+00:00,baseline_v1
FT-T002776,No,0.2802,2026-09-21T16:42:19.353279+00:00,baseline_v1
FT-T002777,No,0.3008,2026-09-21T16:42:19.353279+00:00,baseline_v1
FT-T002778,No,0.1985,2026-09-21T16:42:19.353279+00:00,baseline_v1
FT-T002779,No,0.3208,2026-09-21T16:42:19.353279+00:00,baseline_v1
FT-T002780,No,0.4292,2026-09-21T16:42:19.353279+00:00,baseline_v1
FT-T002781,Yes,0.6179,2026-09-21T16:42:19.353279+00:00,baseline_v1
FT-T002782,No,0.4385,2026-09-21T16:42:19.353279+00:00,baseline_v1
FT-T002783,No,0.2434,2026-09-21T16:42:19.353279+00:00,baseline_v1
FT-T002784,No,0.4131,2026-09-21T16:42:19.353279+00:00,baseline_v1
FT-T002785,No,0.4064,2026-09-21T16:42:19.353279+00:00,baseline_v1
FT-T002786,No,0.4256,2026-09-21T16:42:19.353279+00:00,baseline_v1
FT-T002787,No,0.2936,2026-09-21T16:42:19.353279+00:00,baseline_v1
FT-T002788,No,0.2919,2026-09-21T16:42:19.353279+00:00,baseline_v1
FT-T002789,No,0.4284,2026-09-21T16:42:19.353279+00:00,baseline_v1
FT-T002790,No,0.3385,2026-09-21T16:42:19.353279+00:00,baseline_v1
FT-T002791,No,0.4321,2026-09-21T16:42:19.353279+00:00,baseline_v1
FT-T002792,No,0.4675,2026-09-21T16:42:19.353279+00:00,baseline_v1
FT-T002793,No,0.2632,2026-09-21T16:42:19.353279+00:00,baseline_v1
FT-T002794,No,0.2698,2026-09-21T16:42:19.353279+00:00,baseline_v1
FT-T002795,No,0.2111,2026-09-21T16:42:19.353279+00:00,baseline_v1
FT-T002796,No,0.2552,2026-09-21T16:42:19.353279+00:00,baseline_v1
FT-T002797,No,0.2707,2026-09-21T16:42:19.353279+00:00,baseline_v1
FT-T002798,No,0.2238,2026-09-21T16:42:19.353279+00:00,baseline_v1
FT-T002799,No,0.2295,2026-09-21T16:42:19.353279+00:00,baseline_v1
FT-T002800,No,0.2301,2026-09-21T16:42:19.353279+00:00,baseline_v1
FT-T002801,Yes,0.6425,2026-09-21T16:42:19.353279+00:00,baseline_v1
FT-T002802,Yes,0.6652,2026-09-21T16:42:19.353279+00:00,baseline_v1
FT-T002803,Yes,0.6957,2026-09-21T16:42:19.353279+00:00,baseline_v1
FT-T002804,Yes,0.5052,2026-09-21T16:42:19.353279+00:00,baseline_v1
FT-T002805,Yes,0.8106,2026-09-21T16:42:19.353279+00:00,baseline_v1
FT-T002806,No,0.4154,2026-09-21T16:42:19.353279+00:00,baseline_v1
FT-T002807,Yes,0.6608,2026-09-21T16:42:19.353279+00:00,baseline_v1
FT-T002808,Yes,0.6273,2026-09-21T16:42:19.353279+00:00,baseline_v1
FT-T002809,No,0.3488,2026-09-21T16:42:19.353279+00:00,baseline_v1
FT-T002810,Yes,0.5021,2026-09-21T16:42:19.353279+00:00,baseline_v1
FT-T002811,Yes,0.7573,2026-09-21T16:42:19.353279+00:00,baseline_v1
FT-T002812,Yes,0.6021,2026-09-21T16:42:19.353279+00:00,baseline_v1
FT-T002813,Yes,0.6486,2026-09-21T16:42:19.353279+00:00,baseline_v1
FT-T002814,No,0.4723,2026-09-21T16:42:19.353279+00:00,baseline_v1
FT-T002815,No,0.3812,2026-09-21T16:42:19.353279+00:00,baseline_v1
FT-T002816,Yes,0.5544,2026-09-21T16:42:19.353279+00:00,baseline_v1
FT-T002817,No,0.4959,2026-09-21T16:42:19.353279+00:00,baseline_v1
FT-T002818,No,0.4061,2026-09-21T16:42:19.353279+00:00,baseline_v1
FT-T002819,No,0.4889,2026-09-21T16:42:19.353279+00:00,baseline_v1
FT-T002820,Yes,0.6424,2026-09-21T16:42:19.353279+00:00,baseline_v1
FT-T002821,No,0.4993,2026-09-21T16:42:19.353279+00:00,baseline_v1
FT-T002822,Yes,0.6375,2026-09-21T16:42:19.353279+00:00,baseline_v1
FT-T002823,No,0.3703,2026-09-21T16:42:19.353279+00:00,baseline_v1
FT-T002824,Yes,0.5556,2026-09-21T16:42:19.353279+00:00,baseline_v1
FT-T002825,No,0.3912,2026-09-21T16:42:19.353279+00:00,baseline_v1
FT-T002826,Yes,0.8291,2026-09-21T16:42:19.353279+00:00,baseline_v1
FT-T002827,Yes,0.6977,2026-09-21T16:42:19.353279+00:00,baseline_v1
FT-T002828,Yes,0.5222,2026-09-21T16:42:19.353279+00:00,baseline_v1
FT-T002829,Yes,0.74,2026-09-21T16:42:19.353279+00:00,baseline_v1
FT-T002830,Yes,0.5222,2026-09-21T16:42:19.353279+00:00,baseline_v1
FT-T002831,Yes,0.6251,2026-09-21T16:42:19.353279+00:00,baseline_v1
FT-T002832,No,0.4423,2026-09-21T16:42:19.353279+00:00,baseline_v1
FT-T002833,No,0.4292,2026-09-21T16:42:19.353279+00:00,baseline_v1
FT-T002834,No,0.3935,2026-09-21T16:42:19.353279+00:00,baseline_v1
FT-T002835,Yes,0.6202,2026-09-21T16:42:19.353279+00:00,baseline_v1
FT-T002836,Yes,0.6594,2026-09-21T16:42:19.353279+00:00,baseline_v1
FT-T002837,No,0.328,2026-09-21T16:42:19.353279+00:00,baseline_v1
FT-T002838,No,0.3682,2026-09-21T16:42:19.353279+00:00,baseline_v1
FT-T002839,No,0.3565,2026-09-21T16:42:19.353279+00:00,baseline_v1
FT-T002840,Yes,0.5632,2026-09-21T16:42:19.353279+00:00,baseline_v1
FT-T002841,No,0.4895,2026-09-21T16:42:19.353279+00:00,baseline_v1
FT-T002842,No,0.4141,2026-09-21T16:42:19.353279+00:00,baseline_v1
FT-T002843,Yes,0.7008,2026-09-21T16:42:19.353279+00:00,baseline_v1
FT-T002844,Yes,0.7497,2026-09-21T16:42:19.353279+00:00,baseline_v1
FT-T002845,Yes,0.6519,2026-09-21T16:42:19.353279+00:00,baseline_v1
FT-T002846,No,0.3673,2026-09-21T16:42:19.353279+00:00,baseline_v1
FT-T002847,No,0.337,2026-09-21T16:42:19.353279+00:00,baseline_v1
FT-T002848,No,0.3239,2026-09-21T16:42:19.353279+00:00,baseline_v1
FT-T002849,No,0.4538,2026-09-21T16:42:19.353279+00:00,baseline_v1
FT-T002850,No,0.3319,2026-09-21T16:42:19.353279+00:00,baseline_v1
FT-T002851,Yes,0.6975,2026-09-21T16:42:19.353279+00:00,baseline_v1
FT-T002852,No,0.3856,2026-09-21T16:42:19.353279+00:00,baseline_v1
FT-T002853,No,0.3457,2026-09-21T16:42:19.353279+00:00,baseline_v1
FT-T002854,Yes,0.6097,2026-09-21T16:42:19.353279+00:00,baseline_v1
FT-T002855,No,0.3961,2026-09-21T16:42:19.353279+00:00,baseline_v1
FT-T002856,Yes,0.5911,2026-09-21T16:42:19.353279+00:00,baseline_v1
FT-T002857,No,0.3188,2026-09-21T16:42:19.353279+00:00,baseline_v1
FT-T002858,No,0.4307,2026-09-21T16:42:19.353279+00:00,baseline_v1
FT-T002859,Yes,0.6573,2026-09-21T16:42:19.353279+00:00,baseline_v1
FT-T002860,Yes,0.5047,2026-09-21T16:42:19.353279+00:00,baseline_v1
FT-T002861,No,0.351,2026-09-21T16:42:19.353279+00:00,baseline_v1
FT-T002862,No,0.443,2026-09-21T16:42:19.353279+00:00,baseline_v1
FT-T002863,No,0.4077,2026-09-21T16:42:19.353279+00:00,baseline_v1
FT-T002864,Yes,0.5832,2026-09-21T16:42:19.353279+00:00,baseline_v1
FT-T002865,No,0.336,2026-09-21T16:42:19.353279+00:00,baseline_v1
FT-T002866,No,0.3441,2026-09-21T16:42:19.353279+00:00,baseline_v1
FT-T002867,No,0.4551,2026-09-21T16:42:19.353279+00:00,baseline_v1
FT-T002868,No,0.3162,2026-09-21T16:42:19.353279+00:00,baseline_v1
FT-T002869,No,0.3343,2026-09-21T16:42:19.353279+00:00,baseline_v1
FT-T002870,No,0.3458,2026-09-21T16:42:19.353279+00:00,baseline_v1
FT-T002871,No,0.3584,2026-09-21T16:42:19.353279+00:00,baseline_v1
FT-T002872,No,0.291,2026-09-21T16:42:19.353279+00:00,baseline_v1
FT-T002873,Yes,0.8144,2026-09-21T16:42:19.353279+00:00,baseline_v1
FT-T002874,No,0.3296,2026-09-21T16:42:19.353279+00:00,baseline_v1
FT-T002875,Yes,0.5288,2026-09-21T16:42:19.353279+00:00,baseline_v1
FT-T002876,Yes,0.5426,2026-09-21T16:42:19.353279+00:00,baseline_v1
FT-T002877,No,0.3736,2026-09-21T16:42:19.353279+00:00,baseline_v1
FT-T002878,No,0.3338,2026-09-21T16:42:19.353279+00:00,baseline_v1
FT-T002879,No,0.3217,2026-09-21T16:42:19.353279+00:00,baseline_v1
FT-T002880,Yes,0.7299,2026-09-21T16:42:19.353279+00:00,baseline_v1
FT-T002881,No,0.274,2026-09-21T16:42:19.353279+00:00,baseline_v1
FT-T002882,Yes,0.557,2026-09-21T16:42:19.353279+00:00,baseline_v1
FT-T002883,No,0.4581,2026-09-21T16:42:19.353279+00:00,baseline_v1
FT-T002884,Yes,0.7335,2026-09-21T16:42:19.353279+00:00,baseline_v1
FT-T002885,Yes,0.5723,2026-09-21T16:42:19.353279+00:00,baseline_v1
FT-T002886,No,0.4524,2026-09-21T16:42:19.353279+00:00,baseline_v1
FT-T002887,No,0.4994,2026-09-21T16:42:19.353279+00:00,baseline_v1
FT-T002888,Yes,0.61,2026-09-21T16:42:19.353279+00:00,baseline_v1
FT-T002889,Yes,0.5539,2026-09-21T16:42:19.353279+00:00,baseline_v1
FT-T002890,Yes,0.6311,2026-09-21T16:42:19.353279+00:00,baseline_v1
FT-T002891,No,0.4675,2026-09-21T16:42:19.353279+00:00,baseline_v1
FT-T002892,No,0.4574,2026-09-21T16:42:19.353279+00:00,baseline_v1
FT-T002893,No,0.4146,2026-09-21T16:42:19.353279+00:00,baseline_v1
FT-T002894,No,0.2699,2026-09-21T16:42:19.353279+00:00,baseline_v1
FT-T002895,No,0.2978,2026-09-21T16:42:19.353279+00:00,baseline_v1
FT-T002896,No,0.4392,2026-09-21T16:42:19.353279+00:00,baseline_v1
FT-T002897,No,0.3364,2026-09-21T16:42:19.353279+00:00,baseline_v1
FT-T002898,Yes,0.5577,2026-09-21T16:42:19.353279+00:00,baseline_v1
FT-T002899,Yes,0.7075,2026-09-21T16:42:19.353279+00:00,baseline_v1
FT-T002900,No,0.4981,2026-09-21T16:42:19.353279+00:00,baseline_v1
FT-T002901,No,0.4468,2026-09-21T16:42:19.353279+00:00,baseline_v1
FT-T002902,No,0.2628,2026-09-21T16:42:19.353279+00:00,baseline_v1
FT-T002903,Yes,0.7103,2026-09-21T16:42:19.353279+00:00,baseline_v1
FT-T002904,No,0.2691,2026-09-21T16:42:19.353279+00:00,baseline_v1
FT-T002905,No,0.2684,2026-09-21T16:42:19.353279+00:00,baseline_v1
FT-T002906,Yes,0.5307,2026-09-21T16:42:19.353279+00:00,baseline_v1
FT-T002907,No,0.2533,2026-09-21T16:42:19.353279+00:00,baseline_v1
FT-T002908,Yes,0.5969,2026-09-21T16:42:19.353279+00:00,baseline_v1
FT-T002909,No,0.2509,2026-09-21T16:42:19.353279+00:00,baseline_v1
FT-T002910,No,0.2581,2026-09-21T16:42:19.353279+00:00,baseline_v1
FT-T002911,No,0.362,2026-09-21T16:42:19.353279+00:00,baseline_v1
FT-T002912,No,0.258,2026-09-21T16:42:19.353279+00:00,baseline_v1
FT-T002913,Yes,0.5983,2026-09-21T16:42:19.353279+00:00,baseline_v1
FT-T002914,Yes,0.5883,2026-09-21T16:42:19.353279+00:00,baseline_v1
FT-T002915,No,0.2582,2026-09-21T16:42:19.353279+00:00,baseline_v1
FT-T002916,No,0.3174,2026-09-21T16:42:19.353279+00:00,baseline_v1
FT-T002917,Yes,0.5505,2026-09-21T16:42:19.353279+00:00,baseline_v1
FT-T002918,No,0.4622,2026-09-21T16:42:19.353279+00:00,baseline_v1
FT-T002919,No,0.2018,2026-09-21T16:42:19.353279+00:00,baseline_v1
FT-T002920,No,0.2542,2026-09-21T16:42:19.353279+00:00,baseline_v1
FT-T002921,No,0.32,2026-09-21T16:42:19.353279+00:00,baseline_v1
FT-T002922,No,0.1978,2026-09-21T16:42:19.353279+00:00,baseline_v1
FT-T002923,No,0.2912,2026-09-21T16:42:19.353279+00:00,baseline_v1
FT-T002924,No,0.2709,2026-09-21T16:42:19.353279+00:00,baseline_v1
FT-T002925,Yes,0.507,2026-09-21T16:42:19.353279+00:00,baseline_v1
FT-T002926,No,0.2786,2026-09-21T16:42:19.353279+00:00,baseline_v1
FT-T002927,No,0.4057,2026-09-21T16:42:19.353279+00:00,baseline_v1
FT-T002928,No,0.3714,2026-09-21T16:42:19.353279+00:00,baseline_v1
FT-T002929,No,0.2324,2026-09-21T16:42:19.353279+00:00,baseline_v1
FT-T002930,No,0.409,2026-09-21T16:42:19.353279+00:00,baseline_v1
FT-T002931,No,0.4683,2026-09-21T16:42:19.353279+00:00,baseline_v1
FT-T002932,No,0.4783,2026-09-21T16:42:19.353279+00:00,baseline_v1
FT-T002933,No,0.2148,2026-09-21T16:42:19.353279+00:00,baseline_v1
FT-T002934,No,0.2969,2026-09-21T16:42:19.353279+00:00,baseline_v1
FT-T002935,Yes,0.739,2026-09-21T16:42:19.353279+00:00,baseline_v1
FT-T002936,No,0.4338,2026-09-21T16:42:19.353279+00:00,baseline_v1
FT-T002937,Yes,0.6812,2026-09-21T16:42:19.353279+00:00,baseline_v1
FT-T002938,Yes,0.6867,2026-09-21T16:42:19.353279+00:00,baseline_v1
FT-T002939,Yes,0.5325,2026-09-21T16:42:19.353279+00:00,baseline_v1
FT-T002940,Yes,0.6608,2026-09-21T16:42:19.353279+00:00,baseline_v1
FT-T002941,No,0.3998,2026-09-21T16:42:19.353279+00:00,baseline_v1
FT-T002942,Yes,0.6932,2026-09-21T16:42:19.353279+00:00,baseline_v1
FT-T002943,No,0.467,2026-09-21T16:42:19.353279+00:00,baseline_v1
FT-T002944,No,0.4357,2026-09-21T16:42:19.353279+00:00,baseline_v1
FT-T002945,No,0.4436,2026-09-21T16:42:19.353279+00:00,baseline_v1
FT-T002946,Yes,0.528,2026-09-21T16:42:19.353279+00:00,baseline_v1
FT-T002947,Yes,0.7117,2026-09-21T16:42:19.353279+00:00,baseline_v1
FT-T002948,No,0.4408,2026-09-21T16:42:19.353279+00:00,baseline_v1
FT-T002949,Yes,0.664,2026-09-21T16:42:19.353279+00:00,baseline_v1
FT-T002950,No,0.4918,2026-09-21T16:42:19.353279+00:00,baseline_v1
FT-T002951,Yes,0.6124,2026-09-21T16:42:19.353279+00:00,baseline_v1
FT-T002952,Yes,0.5911,2026-09-21T16:42:19.353279+00:00,baseline_v1
FT-T002953,Yes,0.5219,2026-09-21T16:42:19.353279+00:00,baseline_v1
FT-T002954,Yes,0.7715,2026-09-21T16:42:19.353279+00:00,baseline_v1
FT-T002955,Yes,0.5649,2026-09-21T16:42:19.353279+00:00,baseline_v1
FT-T002956,No,0.3938,2026-09-21T16:42:19.353279+00:00,baseline_v1
FT-T002957,No,0.3086,2026-09-21T16:42:19.353279+00:00,baseline_v1
FT-T002958,No,0.4122,2026-09-21T16:42:19.353279+00:00,baseline_v1
FT-T002959,No,0.407,2026-09-21T16:42:19.353279+00:00,baseline_v1
FT-T002960,No,0.4341,2026-09-21T16:42:19.353279+00:00,baseline_v1
FT-T002961,Yes,0.5876,2026-09-21T16:42:19.353279+00:00,baseline_v1
FT-T002962,Yes,0.5181,2026-09-21T16:42:19.353279+00:00,baseline_v1
FT-T002963,Yes,0.5793,2026-09-21T16:42:19.353279+00:00,baseline_v1
FT-T002964,Yes,0.7198,2026-09-21T16:42:19.353279+00:00,baseline_v1
FT-T002965,Yes,0.6906,2026-09-21T16:42:19.353279+00:00,baseline_v1
FT-T002966,No,0.349,2026-09-21T16:42:19.353279+00:00,baseline_v1
FT-T002967,No,0.4105,2026-09-21T16:42:19.353279+00:00,baseline_v1
FT-T002968,Yes,0.6729,2026-09-21T16:42:19.353279+00:00,baseline_v1
FT-T002969,No,0.4502,2026-09-21T16:42:19.353279+00:00,baseline_v1
FT-T002970,Yes,0.5805,2026-09-21T16:42:19.353279+00:00,baseline_v1
FT-T002971,No,0.4173,2026-09-21T16:42:19.353279+00:00,baseline_v1
FT-T002972,Yes,0.7478,2026-09-21T16:42:19.353279+00:00,baseline_v1
FT-T002973,No,0.3913,2026-09-21T16:42:19.353279+00:00,baseline_v1
FT-T002974,No,0.4957,2026-09-21T16:42:19.353279+00:00,baseline_v1
FT-T002975,No,0.3694,2026-09-21T16:42:19.353279+00:00,baseline_v1
FT-T002976,Yes,0.8898,2026-09-21T16:42:19.353279+00:00,baseline_v1
FT-T002977,Yes,0.6254,2026-09-21T16:42:19.353279+00:00,baseline_v1
FT-T002978,No,0.3894,2026-09-21T16:42:19.353279+00:00,baseline_v1
FT-T002979,Yes,0.637,2026-09-21T16:42:19.353279+00:00,baseline_v1
FT-T002980,Yes,0.7508,2026-09-21T16:42:19.353279+00:00,baseline_v1
FT-T002981,Yes,0.5942,2026-09-21T16:42:19.353279+00:00,baseline_v1
FT-T002982,Yes,0.711,2026-09-21T16:42:19.353279+00:00,baseline_v1
FT-T002983,Yes,0.6509,2026-09-21T16:42:19.353279+00:00,baseline_v1
FT-T002984,Yes,0.6883,2026-09-21T16:42:19.353279+00:00,baseline_v1
FT-T002985,Yes,0.5152,2026-09-21T16:42:19.353279+00:00,baseline_v1
FT-T002986,Yes,0.6057,2026-09-21T16:42:19.353279+00:00,baseline_v1
FT-T002987,No,0.3318,2026-09-21T16:42:19.353279+00:00,baseline_v1
FT-T002988,No,0.3331,2026-09-21T16:42:19.353279+00:00,baseline_v1
FT-T002989,Yes,0.5882,2026-09-21T16:42:19.353279+00:00,baseline_v1
FT-T002990,Yes,0.5477,2026-09-21T16:42:19.353279+00:00,baseline_v1
FT-T002991,Yes,0.7561,2026-09-21T16:42:19.353279+00:00,baseline_v1
FT-T002992,No,0.3876,2026-09-21T16:42:19.353279+00:00,baseline_v1
FT-T002993,No,0.4556,2026-09-21T16:42:19.353279+00:00,baseline_v1
FT-T002994,Yes,0.7559,2026-09-21T16:42:19.353279+00:00,baseline_v1
FT-T002995,Yes,0.6158,2026-09-21T16:42:19.353279+00:00,baseline_v1
FT-T002996,No,0.2757,2026-09-21T16:42:19.353279+00:00,baseline_v1
FT-T002997,No,0.481,2026-09-21T16:42:19.353279+00:00,baseline_v1
FT-T002998,No,0.4777,2026-09-21T16:42:19.353279+00:00,baseline_v1
FT-T002999,Yes,0.5413,2026-09-21T16:42:19.353279+00:00,baseline_v1
FT-T003000,No,0.4725,2026-09-21T16:42:19.353279+00:00,baseline_v1
FT-T003001,Yes,0.6085,2026-09-21T16:42:19.353279+00:00,baseline_v1
FT-T003002,Yes,0.6375,2026-09-21T16:42:19.353279+00:00,baseline_v1
FT-T003003,No,0.3086,2026-09-21T16:42:19.353279+00:00,baseline_v1
FT-T003004,Yes,0.6123,2026-09-21T16:42:19.353279+00:00,baseline_v1
FT-T003005,No,0.3254,2026-09-21T16:42:19.353279+00:00,baseline_v1
FT-T003006,Yes,0.5937,2026-09-21T16:42:19.353279+00:00,baseline_v1
FT-T003007,No,0.3472,2026-09-21T16:42:19.353279+00:00,baseline_v1
FT-T003008,No,0.3222,2026-09-21T16:42:19.353279+00:00,baseline_v1
FT-T003009,Yes,0.6338,2026-09-21T16:42:19.353279+00:00,baseline_v1
FT-T003010,Yes,0.733,2026-09-21T16:42:19.353279+00:00,baseline_v1
FT-T003011,Yes,0.706,2026-09-21T16:42:19.353279+00:00,baseline_v1
FT-T003012,Yes,0.5693,2026-09-21T16:42:19.353279+00:00,baseline_v1
FT-T003013,Yes,0.6953,2026-09-21T16:42:19.353279+00:00,baseline_v1
FT-T003014,Yes,0.566,2026-09-21T16:42:19.353279+00:00,baseline_v1
FT-T003015,No,0.2645,2026-09-21T16:42:19.353279+00:00,baseline_v1
FT-T003016,Yes,0.5687,2026-09-21T16:42:19.353279+00:00,baseline_v1
FT-T003017,Yes,0.5385,2026-09-21T16:42:19.353279+00:00,baseline_v1
FT-T003018,No,0.4885,2026-09-21T16:42:19.353279+00:00,baseline_v1
FT-T003019,Yes,0.6104,2026-09-21T16:42:19.353279+00:00,baseline_v1
FT-T003020,No,0.3146,2026-09-21T16:42:19.353279+00:00,baseline_v1
FT-T003021,Yes,0.518,2026-09-21T16:42:19.353279+00:00,baseline_v1
FT-T003022,No,0.2874,2026-09-21T16:42:19.353279+00:00,baseline_v1
FT-T003023,No,0.2525,2026-09-21T16:42:19.353279+00:00,baseline_v1
FT-T003024,No,0.322,2026-09-21T16:42:19.353279+00:00,baseline_v1
FT-T003025,Yes,0.5483,2026-09-21T16:42:19.353279+00:00,baseline_v1
FT-T003026,No,0.4845,2026-09-21T16:42:19.353279+00:00,baseline_v1
FT-T003027,Yes,0.6667,2026-09-21T16:42:19.353279+00:00,baseline_v1
FT-T003028,No,0.2982,2026-09-21T16:42:19.353279+00:00,baseline_v1
FT-T003029,No,0.3366,2026-09-21T16:42:19.353279+00:00,baseline_v1
FT-T003030,Yes,0.5921,2026-09-21T16:42:19.353279+00:00,baseline_v1
FT-T003031,No,0.3205,2026-09-21T16:42:19.353279+00:00,baseline_v1
FT-T003032,Yes,0.5091,2026-09-21T16:42:19.353279+00:00,baseline_v1
FT-T003033,No,0.3287,2026-09-21T16:42:19.353279+00:00,baseline_v1
FT-T003034,Yes,0.5847,2026-09-21T16:42:19.353279+00:00,baseline_v1
FT-T003035,No,0.468,2026-09-21T16:42:19.353279+00:00,baseline_v1
FT-T003036,Yes,0.5079,2026-09-21T16:42:19.353279+00:00,baseline_v1
FT-T003037,No,0.2985,2026-09-21T16:42:19.353279+00:00,baseline_v1
FT-T003038,No,0.4314,2026-09-21T16:42:19.353279+00:00,baseline_v1
FT-T003039,Yes,0.5476,2026-09-21T16:42:19.353279+00:00,baseline_v1
FT-T003040,No,0.342,2026-09-21T16:42:19.353279+00:00,baseline_v1
FT-T003041,No,0.3034,2026-09-21T16:42:19.353279+00:00,baseline_v1
FT-T003042,No,0.4928,2026-09-21T16:42:19.353279+00:00,baseline_v1
FT-T003043,Yes,0.5733,2026-09-21T16:42:19.353279+00:00,baseline_v1
FT-T003044,No,0.3532,2026-09-21T16:42:19.353279+00:00,baseline_v1
FT-T003045,No,0.3407,2026-09-21T16:42:19.353279+00:00,baseline_v1
FT-T003046,No,0.4658,2026-09-21T16:42:19.353279+00:00,baseline_v1
FT-T003047,No,0.499,2026-09-21T16:42:19.353279+00:00,baseline_v1
FT-T003048,No,0.4824,2026-09-21T16:42:19.353279+00:00,baseline_v1
FT-T003049,No,0.2817,2026-09-21T16:42:19.353279+00:00,baseline_v1
FT-T003050,Yes,0.684,2026-09-21T16:42:19.353279+00:00,baseline_v1
FT-T003051,No,0.242,2026-09-21T16:42:19.353279+00:00,baseline_v1
FT-T003052,No,0.3278,2026-09-21T16:42:19.353279+00:00,baseline_v1
FT-T003053,No,0.2728,2026-09-21T16:42:19.353279+00:00,baseline_v1
FT-T003054,Yes,0.7127,2026-09-21T16:42:19.353279+00:00,baseline_v1
FT-T003055,No,0.4921,2026-09-21T16:42:19.353279+00:00,baseline_v1
FT-T003056,No,0.2698,2026-09-21T16:42:19.353279+00:00,baseline_v1
FT-T003057,No,0.2671,2026-09-21T16:42:19.353279+00:00,baseline_v1
FT-T003058,No,0.2258,2026-09-21T16:42:19.353279+00:00,baseline_v1
FT-T003059,No,0.4639,2026-09-21T16:42:19.353279+00:00,baseline_v1
FT-T003060,Yes,0.6356,2026-09-21T16:42:19.353279+00:00,baseline_v1
FT-T003061,No,0.3516,2026-09-21T16:42:19.353279+00:00,baseline_v1
FT-T003062,No,0.2847,2026-09-21T16:42:19.353279+00:00,baseline_v1
FT-T003063,No,0.4076,2026-09-21T16:42:19.353279+00:00,baseline_v1
FT-T003064,No,0.2131,2026-09-21T16:42:19.353279+00:00,baseline_v1
FT-T003065,No,0.2471,2026-09-21T16:42:19.353279+00:00,baseline_v1
FT-T003066,No,0.408,2026-09-21T16:42:19.353279+00:00,baseline_v1
FT-T003067,No,0.2243,2026-09-21T16:42:19.353279+00:00,baseline_v1
FT-T003068,Yes,0.7259,2026-09-21T16:42:19.353279+00:00,baseline_v1
FT-T003069,Yes,0.6426,2026-09-21T16:42:19.353279+00:00,baseline_v1
FT-T003070,Yes,0.5448,2026-09-21T16:42:19.353279+00:00,baseline_v1
FT-T003071,Yes,0.6039,2026-09-21T16:42:19.353279+00:00,baseline_v1
FT-T003072,No,0.4085,2026-09-21T16:42:19.353279+00:00,baseline_v1
FT-T003073,Yes,0.8532,2026-09-21T16:42:19.353279+00:00,baseline_v1
FT-T003074,Yes,0.6386,2026-09-21T16:42:19.353279+00:00,baseline_v1
FT-T003075,Yes,0.8342,2026-09-21T16:42:19.353279+00:00,baseline_v1
FT-T003076,Yes,0.7675,2026-09-21T16:42:19.353279+00:00,baseline_v1
FT-T003077,No,0.4782,2026-09-21T16:42:19.353279+00:00,baseline_v1
FT-T003078,Yes,0.7486,2026-09-21T16:42:19.353279+00:00,baseline_v1
FT-T003079,No,0.4046,2026-09-21T16:42:19.353279+00:00,baseline_v1
FT-T003080,No,0.4796,2026-09-21T16:42:19.353279+00:00,baseline_v1
FT-T003081,Yes,0.5178,2026-09-21T16:42:19.353279+00:00,baseline_v1
FT-T003082,No,0.2983,2026-09-21T16:42:19.353279+00:00,baseline_v1
FT-T003083,Yes,0.7655,2026-09-21T16:42:19.353279+00:00,baseline_v1
FT-T003084,No,0.3763,2026-09-21T16:42:19.353279+00:00,baseline_v1
FT-T003085,No,0.4748,2026-09-21T16:42:19.353279+00:00,baseline_v1
FT-T003086,Yes,0.5807,2026-09-21T16:42:19.353279+00:00,baseline_v1
FT-T003087,No,0.4566,2026-09-21T16:42:19.353279+00:00,baseline_v1
FT-T003088,No,0.4562,2026-09-21T16:42:19.353279+00:00,baseline_v1
FT-T003089,No,0.4749,2026-09-21T16:42:19.353279+00:00,baseline_v1
FT-T003090,No,0.3436,2026-09-21T16:42:19.353279+00:00,baseline_v1
FT-T003091,Yes,0.6976,2026-09-21T16:42:19.353279+00:00,baseline_v1
FT-T003092,Yes,0.6772,2026-09-21T16:42:19.353279+00:00,baseline_v1
FT-T003093,Yes,0.7948,2026-09-21T16:42:19.353279+00:00,baseline_v1
FT-T003094,No,0.4599,2026-09-21T16:42:19.353279+00:00,baseline_v1
FT-T003095,No,0.3715,2026-09-21T16:42:19.353279+00:00,baseline_v1
FT-T003096,No,0.3461,2026-09-21T16:42:19.353279+00:00,baseline_v1
FT-T003097,Yes,0.5262,2026-09-21T16:42:19.353279+00:00,baseline_v1
FT-T003098,No,0.4013,2026-09-21T16:42:19.353279+00:00,baseline_v1
FT-T003099,Yes,0.501,2026-09-21T16:42:19.353279+00:00,baseline_v1
FT-T003100,No,0.3952,2026-09-21T16:42:19.353279+00:00,baseline_v1
FT-T003101,No,0.4053,2026-09-21T16:42:19.353279+00:00,baseline_v1
FT-T003102,Yes,0.5663,2026-09-21T16:42:19.353279+00:00,baseline_v1
FT-T003103,No,0.4709,2026-09-21T16:42:19.353279+00:00,baseline_v1
FT-T003104,Yes,0.5358,2026-09-21T16:42:19.353279+00:00,baseline_v1
FT-T003105,No,0.4503,2026-09-21T16:42:19.353279+00:00,baseline_v1
FT-T003106,No,0.4183,2026-09-21T16:42:19.353279+00:00,baseline_v1
FT-T003107,No,0.4484,2026-09-21T16:42:19.353279+00:00,baseline_v1
FT-T003108,No,0.3796,2026-09-21T16:42:19.353279+00:00,baseline_v1
FT-T003109,Yes,0.5221,2026-09-21T16:42:19.353279+00:00,baseline_v1
FT-T003110,No,0.451,2026-09-21T16:42:19.353279+00:00,baseline_v1
FT-T003111,No,0.3068,2026-09-21T16:42:19.353279+00:00,baseline_v1
FT-T003112,No,0.3025,2026-09-21T16:42:19.353279+00:00,baseline_v1
FT-T003113,No,0.3763,2026-09-21T16:42:19.353279+00:00,baseline_v1
FT-T003114,Yes,0.601,2026-09-21T16:42:19.353279+00:00,baseline_v1
FT-T003115,No,0.2963,2026-09-21T16:42:19.353279+00:00,baseline_v1
FT-T003116,Yes,0.654,2026-09-21T16:42:19.353279+00:00,baseline_v1
FT-T003117,No,0.3345,2026-09-21T16:42:19.353279+00:00,baseline_v1
FT-T003118,Yes,0.5874,2026-09-21T16:42:19.353279+00:00,baseline_v1
FT-T003119,Yes,0.5995,2026-09-21T16:42:19.353279+00:00,baseline_v1
FT-T003120,Yes,0.5559,2026-09-21T16:42:19.353279+00:00,baseline_v1
FT-T003121,Yes,0.6213,2026-09-21T16:42:19.353279+00:00,baseline_v1
FT-T003122,No,0.4223,2026-09-21T16:42:19.353279+00:00,baseline_v1
FT-T003123,No,0.4946,2026-09-21T16:42:19.353279+00:00,baseline_v1
FT-T003124,Yes,0.7666,2026-09-21T16:42:19.353279+00:00,baseline_v1
FT-T003125,No,0.3918,2026-09-21T16:42:19.353279+00:00,baseline_v1
FT-T003126,Yes,0.5891,2026-09-21T16:42:19.353279+00:00,baseline_v1
FT-T003127,Yes,0.7413,2026-09-21T16:42:19.353279+00:00,baseline_v1
FT-T003128,No,0.4286,2026-09-21T16:42:19.353279+00:00,baseline_v1
FT-T003129,Yes,0.5389,2026-09-21T16:42:19.353279+00:00,baseline_v1
FT-T003130,No,0.4056,2026-09-21T16:42:19.353279+00:00,baseline_v1
FT-T003131,Yes,0.567,2026-09-21T16:42:19.353279+00:00,baseline_v1
FT-T003132,Yes,0.5446,2026-09-21T16:42:19.353279+00:00,baseline_v1
FT-T003133,No,0.4345,2026-09-21T16:42:19.353279+00:00,baseline_v1
FT-T003134,No,0.374,2026-09-21T16:42:19.353279+00:00,baseline_v1
FT-T003135,Yes,0.506,2026-09-21T16:42:19.353279+00:00,baseline_v1
FT-T003136,Yes,0.5722,2026-09-21T16:42:19.353279+00:00,baseline_v1
FT-T003137,Yes,0.5266,2026-09-21T16:42:19.353279+00:00,baseline_v1
FT-T003138,Yes,0.6465,2026-09-21T16:42:19.353279+00:00,baseline_v1
FT-T003139,No,0.2928,2026-09-21T16:42:19.353279+00:00,baseline_v1
FT-T003140,No,0.3609,2026-09-21T16:42:19.353279+00:00,baseline_v1
FT-T003141,Yes,0.8428,2026-09-21T16:42:19.353279+00:00,baseline_v1
FT-T003142,No,0.334,2026-09-21T16:42:19.353279+00:00,baseline_v1
FT-T003143,No,0.3346,2026-09-21T16:42:19.353279+00:00,baseline_v1
FT-T003144,No,0.482,2026-09-21T16:42:19.353279+00:00,baseline_v1
FT-T003145,Yes,0.5171,2026-09-21T16:42:19.353279+00:00,baseline_v1
FT-T003146,No,0.4322,2026-09-21T16:42:19.353279+00:00,baseline_v1
FT-T003147,Yes,0.5554,2026-09-21T16:42:19.353279+00:00,baseline_v1
FT-T003148,No,0.4168,2026-09-21T16:42:19.353279+00:00,baseline_v1
FT-T003149,No,0.4139,2026-09-21T16:42:19.353279+00:00,baseline_v1
FT-T003150,No,0.3501,2026-09-21T16:42:19.353279+00:00,baseline_v1
FT-T003151,No,0.3603,2026-09-21T16:42:19.353279+00:00,baseline_v1
FT-T003152,No,0.3878,2026-09-21T16:42:19.353279+00:00,baseline_v1
FT-T003153,No,0.3236,2026-09-21T16:42:19.353279+00:00,baseline_v1
FT-T003154,No,0.3151,2026-09-21T16:42:19.353279+00:00,baseline_v1
FT-T003155,No,0.3165,2026-09-21T16:42:19.353279+00:00,baseline_v1
FT-T003156,No,0.3838,2026-09-21T16:42:19.353279+00:00,baseline_v1
FT-T003157,No,0.2603,2026-09-21T16:42:19.353279+00:00,baseline_v1
FT-T003158,No,0.2591,2026-09-21T16:42:19.353279+00:00,baseline_v1
FT-T003159,No,0.4629,2026-09-21T16:42:19.353279+00:00,baseline_v1
FT-T003160,No,0.282,2026-09-21T16:42:19.353279+00:00,baseline_v1
FT-T003161,Yes,0.5361,2026-09-21T16:42:19.353279+00:00,baseline_v1
FT-T003162,Yes,0.7526,2026-09-21T16:42:19.353279+00:00,baseline_v1
FT-T003163,No,0.2661,2026-09-21T16:42:19.353279+00:00,baseline_v1
FT-T003164,Yes,0.5496,2026-09-21T16:42:19.353279+00:00,baseline_v1
FT-T003165,Yes,0.7978,2026-09-21T16:42:19.353279+00:00,baseline_v1
FT-T003166,No,0.2461,2026-09-21T16:42:19.353279+00:00,baseline_v1
FT-T003167,No,0.4026,2026-09-21T16:42:19.353279+00:00,baseline_v1
FT-T003168,No,0.3324,2026-09-21T16:42:19.353279+00:00,baseline_v1
FT-T003169,No,0.3355,2026-09-21T16:42:19.353279+00:00,baseline_v1
FT-T003170,No,0.4887,2026-09-21T16:42:19.353279+00:00,baseline_v1
FT-T003171,Yes,0.7474,2026-09-21T16:42:19.353279+00:00,baseline_v1
FT-T003172,Yes,0.5824,2026-09-21T16:42:19.353279+00:00,baseline_v1
FT-T003173,Yes,0.5917,2026-09-21T16:42:19.353279+00:00,baseline_v1
FT-T003174,No,0.3081,2026-09-21T16:42:19.353279+00:00,baseline_v1
FT-T003175,No,0.2221,2026-09-21T16:42:19.353279+00:00,baseline_v1
FT-T003176,Yes,0.5434,2026-09-21T16:42:19.353279+00:00,baseline_v1
FT-T003177,No,0.2946,2026-09-21T16:42:19.353279+00:00,baseline_v1
FT-T003178,No,0.2804,2026-09-21T16:42:19.353279+00:00,baseline_v1
FT-T003179,Yes,0.5194,2026-09-21T16:42:19.353279+00:00,baseline_v1
FT-T003180,No,0.2308,2026-09-21T16:42:19.353279+00:00,baseline_v1
FT-T003181,Yes,0.5944,2026-09-21T16:42:19.353279+00:00,baseline_v1
FT-T003182,No,0.2835,2026-09-21T16:42:19.353279+00:00,baseline_v1
FT-T003183,No,0.4971,2026-09-21T16:42:19.353279+00:00,baseline_v1
FT-T003184,No,0.4926,2026-09-21T16:42:19.353279+00:00,baseline_v1
FT-T003185,No,0.4524,2026-09-21T16:42:19.353279+00:00,baseline_v1
FT-T003186,No,0.494,2026-09-21T16:42:19.353279+00:00,baseline_v1
FT-T003187,No,0.2975,2026-09-21T16:42:19.353279+00:00,baseline_v1
FT-T003188,No,0.479,2026-09-21T16:42:19.353279+00:00,baseline_v1
FT-T003189,Yes,0.6147,2026-09-21T16:42:19.353279+00:00,baseline_v1
FT-T003190,No,0.4852,2026-09-21T16:42:19.353279+00:00,baseline_v1
FT-T003191,Yes,0.6511,2026-09-21T16:42:19.353279+00:00,baseline_v1
FT-T003192,Yes,0.5449,2026-09-21T16:42:19.353279+00:00,baseline_v1
FT-T003193,Yes,0.5413,2026-09-21T16:42:19.353279+00:00,baseline_v1
FT-T003194,No,0.4251,2026-09-21T16:42:19.353279+00:00,baseline_v1
FT-T003195,Yes,0.579,2026-09-21T16:42:19.353279+00:00,baseline_v1
FT-T003196,No,0.3923,2026-09-21T16:42:19.353279+00:00,baseline_v1
FT-T003197,No,0.461,2026-09-21T16:42:19.353279+00:00,baseline_v1
FT-T003198,No,0.2619,2026-09-21T16:42:19.353279+00:00,baseline_v1
FT-T003199,Yes,0.7529,2026-09-21T16:42:19.353279+00:00,baseline_v1
FT-T003200,No,0.4143,2026-09-21T16:42:19.353279+00:00,baseline_v1
FT-T003201,Yes,0.665,2026-09-21T16:42:19.353279+00:00,baseline_v1
FT-T003202,No,0.4319,2026-09-21T16:42:19.353279+00:00,baseline_v1
FT-T003203,No,0.4371,2026-09-21T16:42:19.353279+00:00,baseline_v1
FT-T003204,Yes,0.6655,2026-09-21T16:42:19.353279+00:00,baseline_v1
FT-T003205,No,0.4858,2026-09-21T16:42:19.353279+00:00,baseline_v1
FT-T003206,No,0.378,2026-09-21T16:42:19.353279+00:00,baseline_v1
FT-T003207,No,0.4269,2026-09-21T16:42:19.353279+00:00,baseline_v1
FT-T003208,No,0.4493,2026-09-21T16:42:19.353279+00:00,baseline_v1
FT-T003209,Yes,0.5545,2026-09-21T16:42:19.353279+00:00,baseline_v1
FT-T003210,No,0.4429,2026-09-21T16:42:19.353279+00:00,baseline_v1
FT-T003211,Yes,0.6785,2026-09-21T16:42:19.353279+00:00,baseline_v1
FT-T003212,No,0.4623,2026-09-21T16:42:19.353279+00:00,baseline_v1
FT-T003213,No,0.4245,2026-09-21T16:42:19.353279+00:00,baseline_v1
FT-T003214,Yes,0.7926,2026-09-21T16:42:19.353279+00:00,baseline_v1
FT-T003215,Yes,0.5271,2026-09-21T16:42:19.353279+00:00,baseline_v1
FT-T003216,Yes,0.6297,2026-09-21T16:42:19.353279+00:00,baseline_v1
FT-T003217,No,0.3805,2026-09-21T16:42:19.353279+00:00,baseline_v1
FT-T003218,No,0.4618,2026-09-21T16:42:19.353279+00:00,baseline_v1
FT-T003219,Yes,0.523,2026-09-21T16:42:19.353279+00:00,baseline_v1
FT-T003220,No,0.3255,2026-09-21T16:42:19.353279+00:00,baseline_v1
FT-T003221,Yes,0.6165,2026-09-21T16:42:19.353279+00:00,baseline_v1
FT-T003222,No,0.348,2026-09-21T16:42:19.353279+00:00,baseline_v1
FT-T003223,Yes,0.9127,2026-09-21T16:42:19.353279+00:00,baseline_v1
FT-T003224,Yes,0.5392,2026-09-21T16:42:19.353279+00:00,baseline_v1
FT-T003225,No,0.3945,2026-09-21T16:42:19.353279+00:00,baseline_v1
FT-T003226,No,0.4226,2026-09-21T16:42:19.353279+00:00,baseline_v1
FT-T003227,No,0.4173,2026-09-21T16:42:19.353279+00:00,baseline_v1
FT-T003228,Yes,0.662,2026-09-21T16:42:19.353279+00:00,baseline_v1
FT-T003229,Yes,0.8525,2026-09-21T16:42:19.353279+00:00,baseline_v1
FT-T003230,No,0.3958,2026-09-21T16:42:19.353279+00:00,baseline_v1
FT-T003231,No,0.4493,2026-09-21T16:42:19.353279+00:00,baseline_v1
FT-T003232,No,0.3772,2026-09-21T16:42:19.353279+00:00,baseline_v1
FT-T003233,Yes,0.733,2026-09-21T16:42:19.353279+00:00,baseline_v1
FT-T003234,No,0.435,2026-09-21T16:42:19.353279+00:00,baseline_v1
FT-T003235,No,0.4079,2026-09-21T16:42:19.353279+00:00,baseline_v1
FT-T003236,No,0.4031,2026-09-21T16:42:19.353279+00:00,baseline_v1
FT-T003237,No,0.3539,2026-09-21T16:42:19.353279+00:00,baseline_v1
FT-T003238,Yes,0.5697,2026-09-21T16:42:19.353279+00:00,baseline_v1
FT-T003239,No,0.3868,2026-09-21T16:42:19.353279+00:00,baseline_v1
FT-T003240,No,0.3596,2026-09-21T16:42:19.353279+00:00,baseline_v1
FT-T003241,Yes,0.5966,2026-09-21T16:42:19.353279+00:00,baseline_v1
FT-T003242,No,0.3631,2026-09-21T16:42:19.353279+00:00,baseline_v1
FT-T003243,No,0.4361,2026-09-21T16:42:19.353279+00:00,baseline_v1
FT-T003244,No,0.3859,2026-09-21T16:42:19.353279+00:00,baseline_v1
FT-T003245,No,0.3005,2026-09-21T16:42:19.353279+00:00,baseline_v1
FT-T003246,Yes,0.5936,2026-09-21T16:42:19.353279+00:00,baseline_v1
FT-T003247,No,0.3614,2026-09-21T16:42:19.353279+00:00,baseline_v1
FT-T003248,Yes,0.5973,2026-09-21T16:42:19.353279+00:00,baseline_v1
FT-T003249,Yes,0.5503,2026-09-21T16:42:19.353279+00:00,baseline_v1
FT-T003250,Yes,0.7073,2026-09-21T16:42:19.353279+00:00,baseline_v1
FT-T003251,Yes,0.716,2026-09-21T16:42:19.353279+00:00,baseline_v1
FT-T003252,Yes,0.5849,2026-09-21T16:42:19.353279+00:00,baseline_v1
FT-T003253,No,0.3656,2026-09-21T16:42:19.353279+00:00,baseline_v1
FT-T003254,Yes,0.5747,2026-09-21T16:42:19.353279+00:00,baseline_v1
FT-T003255,No,0.3154,2026-09-21T16:42:19.353279+00:00,baseline_v1
FT-T003256,No,0.3188,2026-09-21T16:42:19.353279+00:00,baseline_v1
FT-T003257,Yes,0.6055,2026-09-21T16:42:19.353279+00:00,baseline_v1
FT-T003258,No,0.432,2026-09-21T16:42:19.353279+00:00,baseline_v1
FT-T003259,Yes,0.6045,2026-09-21T16:42:19.353279+00:00,baseline_v1
FT-T003260,No,0.2576,2026-09-21T16:42:19.353279+00:00,baseline_v1
FT-T003261,No,0.3125,2026-09-21T16:42:19.353279+00:00,baseline_v1
FT-T003262,Yes,0.5962,2026-09-21T16:42:19.353279+00:00,baseline_v1
FT-T003263,No,0.4304,2026-09-21T16:42:19.353279+00:00,baseline_v1
FT-T003264,No,0.3125,2026-09-21T16:42:19.353279+00:00,baseline_v1
FT-T003265,No,0.4892,2026-09-21T16:42:19.353279+00:00,baseline_v1
FT-T003266,Yes,0.6082,2026-09-21T16:42:19.353279+00:00,baseline_v1
FT-T003267,No,0.4724,2026-09-21T16:42:19.353279+00:00,baseline_v1
FT-T003268,Yes,0.6345,2026-09-21T16:42:19.353279+00:00,baseline_v1
FT-T003269,No,0.2925,2026-09-21T16:42:19.353279+00:00,baseline_v1
FT-T003270,Yes,0.691,2026-09-21T16:42:19.353279+00:00,baseline_v1
FT-T003271,No,0.3975,2026-09-21T16:42:19.353279+00:00,baseline_v1
FT-T003272,Yes,0.6655,2026-09-21T16:42:19.353279+00:00,baseline_v1
FT-T003273,No,0.3921,2026-09-21T16:42:19.353279+00:00,baseline_v1
FT-T003274,No,0.4434,2026-09-21T16:42:19.353279+00:00,baseline_v1
FT-T003275,No,0.4534,2026-09-21T16:42:19.353279+00:00,baseline_v1
FT-T003276,No,0.394,2026-09-21T16:42:19.353279+00:00,baseline_v1
FT-T003277,No,0.378,2026-09-21T16:42:19.353279+00:00,baseline_v1
FT-T003278,No,0.3553,2026-09-21T16:42:19.353279+00:00,baseline_v1
FT-T003279,No,0.2792,2026-09-21T16:42:19.353279+00:00,baseline_v1
FT-T003280,Yes,0.5517,2026-09-21T16:42:19.353279+00:00,baseline_v1
FT-T003281,No,0.375,2026-09-21T16:42:19.353279+00:00,baseline_v1
FT-T003282,No,0.3942,2026-09-21T16:42:19.353279+00:00,baseline_v1
FT-T003283,Yes,0.5229,2026-09-21T16:42:19.353279+00:00,baseline_v1
FT-T003284,No,0.3041,2026-09-21T16:42:19.353279+00:00,baseline_v1
FT-T003285,Yes,0.8155,2026-09-21T16:42:19.353279+00:00,baseline_v1
FT-T003286,No,0.3034,2026-09-21T16:42:19.353279+00:00,baseline_v1
FT-T003287,Yes,0.5406,2026-09-21T16:42:19.353279+00:00,baseline_v1
FT-T003288,No,0.4934,2026-09-21T16:42:19.353279+00:00,baseline_v1
FT-T003289,No,0.4758,2026-09-21T16:42:19.353279+00:00,baseline_v1
FT-T003290,Yes,0.7366,2026-09-21T16:42:19.353279+00:00,baseline_v1
FT-T003291,No,0.4779,2026-09-21T16:42:19.353279+00:00,baseline_v1
FT-T003292,Yes,0.5394,2026-09-21T16:42:19.353279+00:00,baseline_v1
FT-T003293,Yes,0.5745,2026-09-21T16:42:19.353279+00:00,baseline_v1
FT-T003294,No,0.3454,2026-09-21T16:42:19.353279+00:00,baseline_v1
FT-T003295,No,0.3403,2026-09-21T16:42:19.353279+00:00,baseline_v1
FT-T003296,Yes,0.5342,2026-09-21T16:42:19.353279+00:00,baseline_v1
FT-T003297,Yes,0.507,2026-09-21T16:42:19.353279+00:00,baseline_v1
FT-T003298,Yes,0.5232,2026-09-21T16:42:19.353279+00:00,baseline_v1
FT-T003299,No,0.3257,2026-09-21T16:42:19.353279+00:00,baseline_v1
FT-T003300,No,0.2682,2026-09-21T16:42:19.353279+00:00,baseline_v1
FT-T003301,Yes,0.5136,2026-09-21T16:42:19.353279+00:00,baseline_v1
FT-T003302,No,0.3626,2026-09-21T16:42:19.353279+00:00,baseline_v1
FT-T003303,No,0.2131,2026-09-21T16:42:19.353279+00:00,baseline_v1
FT-T003304,No,0.4837,2026-09-21T16:42:19.353279+00:00,baseline_v1
FT-T003305,No,0.4983,2026-09-21T16:42:19.353279+00:00,baseline_v1
FT-T003306,No,0.3785,2026-09-21T16:42:19.353279+00:00,baseline_v1
FT-T003307,No,0.3956,2026-09-21T16:42:19.353279+00:00,baseline_v1
FT-T003308,No,0.362,2026-09-21T16:42:19.353279+00:00,baseline_v1
FT-T003309,No,0.4337,2026-09-21T16:42:19.353279+00:00,baseline_v1
FT-T003310,No,0.3188,2026-09-21T16:42:19.353279+00:00,baseline_v1
FT-T003311,No,0.2942,2026-09-21T16:42:19.353279+00:00,baseline_v1
FT-T003312,Yes,0.5489,2026-09-21T16:42:19.353279+00:00,baseline_v1
FT-T003313,No,0.3126,2026-09-21T16:42:19.353279+00:00,baseline_v1
FT-T003314,No,0.2747,2026-09-21T16:42:19.353279+00:00,baseline_v1
FT-T003315,No,0.4355,2026-09-21T16:42:19.353279+00:00,baseline_v1
FT-T003316,Yes,0.5321,2026-09-21T16:42:19.353279+00:00,baseline_v1
FT-T003317,Yes,0.5866,2026-09-21T16:42:19.353279+00:00,baseline_v1
FT-T003318,No,0.4278,2026-09-21T16:42:19.353279+00:00,baseline_v1
FT-T003319,Yes,0.5773,2026-09-21T16:42:19.353279+00:00,baseline_v1
FT-T003320,Yes,0.5108,2026-09-21T16:42:19.353279+00:00,baseline_v1
FT-T003321,No,0.2955,2026-09-21T16:42:19.353279+00:00,baseline_v1
FT-T003322,No,0.377,2026-09-21T16:42:19.353279+00:00,baseline_v1
FT-T003323,No,0.4604,2026-09-21T16:42:19.353279+00:00,baseline_v1
FT-T003324,No,0.3222,2026-09-21T16:42:19.353279+00:00,baseline_v1
FT-T003325,Yes,0.5089,2026-09-21T16:42:19.353279+00:00,baseline_v1
FT-T003326,No,0.2877,2026-09-21T16:42:19.353279+00:00,baseline_v1
FT-T003327,No,0.4974,2026-09-21T16:42:19.353279+00:00,baseline_v1
FT-T003328,No,0.4742,2026-09-21T16:42:19.353279+00:00,baseline_v1
FT-T003329,No,0.4762,2026-09-21T16:42:19.353279+00:00,baseline_v1
FT-T003330,No,0.4442,2026-09-21T16:42:19.353279+00:00,baseline_v1
FT-T003331,No,0.3813,2026-09-21T16:42:19.353279+00:00,baseline_v1
FT-T003332,No,0.4976,2026-09-21T16:42:19.353279+00:00,baseline_v1
FT-T003333,No,0.4418,2026-09-21T16:42:19.353279+00:00,baseline_v1
FT-T003334,No,0.3547,2026-09-21T16:42:19.353279+00:00,baseline_v1
FT-T003335,No,0.4003,2026-09-21T16:42:19.353279+00:00,baseline_v1
FT-T003336,Yes,0.5918,2026-09-21T16:42:19.353279+00:00,baseline_v1
FT-T003337,No,0.3808,2026-09-21T16:42:19.353279+00:00,baseline_v1
FT-T003338,Yes,0.5071,2026-09-21T16:42:19.353279+00:00,baseline_v1
FT-T003339,Yes,0.652,2026-09-21T16:42:19.353279+00:00,baseline_v1
FT-T003340,No,0.4749,2026-09-21T16:42:19.353279+00:00,baseline_v1
FT-T003341,Yes,0.8047,2026-09-21T16:42:19.353279+00:00,baseline_v1
FT-T003342,No,0.4952,2026-09-21T16:42:19.353279+00:00,baseline_v1
FT-T003343,Yes,0.6655,2026-09-21T16:42:19.353279+00:00,baseline_v1
FT-T003344,No,0.4833,2026-09-21T16:42:19.353279+00:00,baseline_v1
FT-T003345,Yes,0.6556,2026-09-21T16:42:19.353279+00:00,baseline_v1
FT-T003346,Yes,0.5403,2026-09-21T16:42:19.353279+00:00,baseline_v1
FT-T003347,No,0.3991,2026-09-21T16:42:19.353279+00:00,baseline_v1
FT-T003348,Yes,0.681,2026-09-21T16:42:19.353279+00:00,baseline_v1
FT-T003349,Yes,0.8522,2026-09-21T16:42:19.353279+00:00,baseline_v1
FT-T003350,No,0.4392,2026-09-21T16:42:19.353279+00:00,baseline_v1
FT-T003351,Yes,0.7108,2026-09-21T16:42:19.353279+00:00,baseline_v1
FT-T003352,No,0.3977,2026-09-21T16:42:19.353279+00:00,baseline_v1
FT-T003353,No,0.4423,2026-09-21T16:42:19.353279+00:00,baseline_v1
FT-T003354,No,0.3565,2026-09-21T16:42:19.353279+00:00,baseline_v1
FT-T003355,Yes,0.5917,2026-09-21T16:42:19.353279+00:00,baseline_v1
FT-T003356,Yes,0.6106,2026-09-21T16:42:19.353279+00:00,baseline_v1
FT-T003357,No,0.4364,2026-09-21T16:42:19.353279+00:00,baseline_v1
FT-T003358,No,0.4299,2026-09-21T16:42:19.353279+00:00,baseline_v1
FT-T003359,No,0.4972,2026-09-21T16:42:19.353279+00:00,baseline_v1
FT-T003360,Yes,0.6377,2026-09-21T16:42:19.353279+00:00,baseline_v1
FT-T003361,Yes,0.6499,2026-09-21T16:42:19.353279+00:00,baseline_v1
FT-T003362,No,0.4082,2026-09-21T16:42:19.353279+00:00,baseline_v1
FT-T003363,Yes,0.5796,2026-09-21T16:42:19.353279+00:00,baseline_v1
FT-T003364,Yes,0.8594,2026-09-21T16:42:19.353279+00:00,baseline_v1
FT-T003365,Yes,0.5745,2026-09-21T16:42:19.353279+00:00,baseline_v1
FT-T003366,Yes,0.5463,2026-09-21T16:42:19.353279+00:00,baseline_v1
FT-T003367,Yes,0.5662,2026-09-21T16:42:19.353279+00:00,baseline_v1
FT-T003368,No,0.3768,2026-09-21T16:42:19.353279+00:00,baseline_v1
FT-T003369,Yes,0.6868,2026-09-21T16:42:19.353279+00:00,baseline_v1
FT-T003370,Yes,0.6019,2026-09-21T16:42:19.353279+00:00,baseline_v1
FT-T003371,Yes,0.5689,2026-09-21T16:42:19.353279+00:00,baseline_v1
FT-T003372,No,0.3469,2026-09-21T16:42:19.353279+00:00,baseline_v1
FT-T003373,No,0.4717,2026-09-21T16:42:19.353279+00:00,baseline_v1
FT-T003374,No,0.4466,2026-09-21T16:42:19.353279+00:00,baseline_v1
FT-T003375,Yes,0.6076,2026-09-21T16:42:19.353279+00:00,baseline_v1
FT-T003376,No,0.4166,2026-09-21T16:42:19.353279+00:00,baseline_v1
FT-T003377,Yes,0.6627,2026-09-21T16:42:19.353279+00:00,baseline_v1
FT-T003378,No,0.3514,2026-09-21T16:42:19.353279+00:00,baseline_v1
FT-T003379,No,0.3644,2026-09-21T16:42:19.353279+00:00,baseline_v1
FT-T003380,No,0.3086,2026-09-21T16:42:19.353279+00:00,baseline_v1
FT-T003381,Yes,0.5743,2026-09-21T16:42:19.353279+00:00,baseline_v1
FT-T003382,Yes,0.6075,2026-09-21T16:42:19.353279+00:00,baseline_v1
FT-T003383,No,0.4129,2026-09-21T16:42:19.353279+00:00,baseline_v1
FT-T003384,Yes,0.6279,2026-09-21T16:42:19.353279+00:00,baseline_v1
FT-T003385,No,0.3053,2026-09-21T16:42:19.353279+00:00,baseline_v1
FT-T003386,Yes,0.6242,2026-09-21T16:42:19.353279+00:00,baseline_v1
FT-T003387,Yes,0.5174,2026-09-21T16:42:19.353279+00:00,baseline_v1
FT-T003388,No,0.354,2026-09-21T16:42:19.353279+00:00,baseline_v1
FT-T003389,Yes,0.6009,2026-09-21T16:42:19.353279+00:00,baseline_v1
FT-T003390,No,0.349,2026-09-21T16:42:19.353279+00:00,baseline_v1
FT-T003391,No,0.369,2026-09-21T16:42:19.353279+00:00,baseline_v1
FT-T003392,No,0.3223,2026-09-21T16:42:19.353279+00:00,baseline_v1
FT-T003393,No,0.3709,2026-09-21T16:42:19.353279+00:00,baseline_v1
FT-T003394,No,0.39,2026-09-21T16:42:19.353279+00:00,baseline_v1
FT-T003395,Yes,0.5494,2026-09-21T16:42:19.353279+00:00,baseline_v1
FT-T003396,No,0.3719,2026-09-21T16:42:19.353279+00:00,baseline_v1
FT-T003397,Yes,0.8372,2026-09-21T16:42:19.353279+00:00,baseline_v1
FT-T003398,No,0.2949,2026-09-21T16:42:19.353279+00:00,baseline_v1
FT-T003399,No,0.4513,2026-09-21T16:42:19.353279+00:00,baseline_v1
FT-T003400,Yes,0.5546,2026-09-21T16:42:19.353279+00:00,baseline_v1
FT-T003401,Yes,0.7442,2026-09-21T16:42:19.353279+00:00,baseline_v1
FT-T003402,No,0.4216,2026-09-21T16:42:19.353279+00:00,baseline_v1
FT-T003403,Yes,0.5537,2026-09-21T16:42:19.353279+00:00,baseline_v1
FT-T003404,Yes,0.5491,2026-09-21T16:42:19.353279+00:00,baseline_v1
FT-T003405,No,0.4256,2026-09-21T16:42:19.353279+00:00,baseline_v1
FT-T003406,Yes,0.5559,2026-09-21T16:42:19.353279+00:00,baseline_v1
FT-T003407,Yes,0.5465,2026-09-21T16:42:19.353279+00:00,baseline_v1
FT-T003408,No,0.4969,2026-09-21T16:42:19.353279+00:00,baseline_v1
FT-T003409,No,0.3279,2026-09-21T16:42:19.353279+00:00,baseline_v1
FT-T003410,No,0.2968,2026-09-21T16:42:19.353279+00:00,baseline_v1
FT-T003411,No,0.2327,2026-09-21T16:42:19.353279+00:00,baseline_v1
FT-T003412,Yes,0.5962,2026-09-21T16:42:19.353279+00:00,baseline_v1
FT-T003413,No,0.2855,2026-09-21T16:42:19.353279+00:00,baseline_v1
FT-T003414,Yes,0.7353,2026-09-21T16:42:19.353279+00:00,baseline_v1
FT-T003415,Yes,0.5965,2026-09-21T16:42:19.353279+00:00,baseline_v1
FT-T003416,Yes,0.5805,2026-09-21T16:42:19.353279+00:00,baseline_v1
FT-T003417,No,0.2635,2026-09-21T16:42:19.353279+00:00,baseline_v1
FT-T003418,No,0.3326,2026-09-21T16:42:19.353279+00:00,baseline_v1
FT-T003419,No,0.4669,2026-09-21T16:42:19.353279+00:00,baseline_v1
FT-T003420,No,0.2942,2026-09-21T16:42:19.353279+00:00,baseline_v1
FT-T003421,Yes,0.5183,2026-09-21T16:42:19.353279+00:00,baseline_v1
FT-T003422,No,0.3264,2026-09-21T16:42:19.353279+00:00,baseline_v1
FT-T003423,No,0.3619,2026-09-21T16:42:19.353279+00:00,baseline_v1
FT-T003424,No,0.2899,2026-09-21T16:42:19.353279+00:00,baseline_v1
FT-T003425,Yes,0.5969,2026-09-21T16:42:19.353279+00:00,baseline_v1
FT-T003426,Yes,0.5734,2026-09-21T16:42:19.353279+00:00,baseline_v1
FT-T003427,No,0.4898,2026-09-21T16:42:19.353279+00:00,baseline_v1
FT-T003428,No,0.4521,2026-09-21T16:42:19.353279+00:00,baseline_v1
FT-T003429,No,0.4446,2026-09-21T16:42:19.353279+00:00,baseline_v1
FT-T003430,No,0.2706,2026-09-21T16:42:19.353279+00:00,baseline_v1
FT-T003431,No,0.3129,2026-09-21T16:42:19.353279+00:00,baseline_v1
FT-T003432,No,0.4954,2026-09-21T16:42:19.353279+00:00,baseline_v1
FT-T003433,Yes,0.7178,2026-09-21T16:42:19.353279+00:00,baseline_v1
FT-T003434,Yes,0.6972,2026-09-21T16:42:19.353279+00:00,baseline_v1
FT-T003435,No,0.2832,2026-09-21T16:42:19.353279+00:00,baseline_v1
FT-T003436,No,0.4906,2026-09-21T16:42:19.353279+00:00,baseline_v1
FT-T003437,No,0.4981,2026-09-21T16:42:19.353279+00:00,baseline_v1
FT-T003438,Yes,0.6768,2026-09-21T16:42:19.353279+00:00,baseline_v1
FT-T003439,Yes,0.5622,2026-09-21T16:42:19.353279+00:00,baseline_v1
FT-T003440,No,0.2659,2026-09-21T16:42:19.353279+00:00,baseline_v1
FT-T003441,No,0.4583,2026-09-21T16:42:19.353279+00:00,baseline_v1
FT-T003442,No,0.3012,2026-09-21T16:42:19.353279+00:00,baseline_v1
FT-T003443,No,0.4387,2026-09-21T16:42:19.353279+00:00,baseline_v1
FT-T003444,No,0.2425,2026-09-21T16:42:19.353279+00:00,baseline_v1
FT-T003445,No,0.4757,2026-09-21T16:42:19.353279+00:00,baseline_v1
FT-T003446,No,0.4276,2026-09-21T16:42:19.353279+00:00,baseline_v1
FT-T003447,No,0.4604,2026-09-21T16:42:19.353279+00:00,baseline_v1
FT-T003448,No,0.3462,2026-09-21T16:42:19.353279+00:00,baseline_v1
FT-T003449,No,0.3237,2026-09-21T16:42:19.353279+00:00,baseline_v1
FT-T003450,No,0.2806,2026-09-21T16:42:19.353279+00:00,baseline_v1
FT-T003451,No,0.2617,2026-09-21T16:42:19.353279+00:00,baseline_v1
FT-T003452,Yes,0.6566,2026-09-21T16:42:19.353279+00:00,baseline_v1
FT-T003453,Yes,0.6114,2026-09-21T16:42:19.353279+00:00,baseline_v1
FT-T003454,No,0.2819,2026-09-21T16:42:19.353279+00:00,baseline_v1
FT-T003455,No,0.3125,2026-09-21T16:42:19.353279+00:00,baseline_v1
FT-T003456,No,0.2334,2026-09-21T16:42:19.353279+00:00,baseline_v1
FT-T003457,No,0.3122,2026-09-21T16:42:19.353279+00:00,baseline_v1
FT-T003458,Yes,0.6621,2026-09-21T16:42:19.353279+00:00,baseline_v1
FT-T003459,No,0.2223,2026-09-21T16:42:19.353279+00:00,baseline_v1
FT-T003460,No,0.2481,2026-09-21T16:42:19.353279+00:00,baseline_v1
FT-T003461,No,0.3742,2026-09-21T16:42:19.353279+00:00,baseline_v1
FT-T003462,No,0.2676,2026-09-21T16:42:19.353279+00:00,baseline_v1
FT-T003463,No,0.2234,2026-09-21T16:42:19.353279+00:00,baseline_v1
FT-T003464,No,0.4803,2026-09-21T16:42:19.353279+00:00,baseline_v1
FT-T003465,No,0.2772,2026-09-21T16:42:19.353279+00:00,baseline_v1
FT-T003466,No,0.2394,2026-09-21T16:42:19.353279+00:00,baseline_v1
FT-T003467,No,0.3674,2026-09-21T16:42:19.353279+00:00,baseline_v1
FT-T003468,Yes,0.6822,2026-09-21T16:42:19.353279+00:00,baseline_v1
FT-T003469,Yes,0.5488,2026-09-21T16:42:19.353279+00:00,baseline_v1
FT-T003470,No,0.4249,2026-09-21T16:42:19.353279+00:00,baseline_v1
FT-T003471,No,0.4704,2026-09-21T16:42:19.353279+00:00,baseline_v1
FT-T003472,No,0.4392,2026-09-21T16:42:19.353279+00:00,baseline_v1
FT-T003473,Yes,0.6119,2026-09-21T16:42:19.353279+00:00,baseline_v1
FT-T003474,Yes,0.727,2026-09-21T16:42:19.353279+00:00,baseline_v1
FT-T003475,No,0.44,2026-09-21T16:42:19.353279+00:00,baseline_v1
FT-T003476,Yes,0.5696,2026-09-21T16:42:19.353279+00:00,baseline_v1
FT-T003477,No,0.4636,2026-09-21T16:42:19.353279+00:00,baseline_v1
FT-T003478,No,0.4626,2026-09-21T16:42:19.353279+00:00,baseline_v1
FT-T003479,No,0.4139,2026-09-21T16:42:19.353279+00:00,baseline_v1
FT-T003480,Yes,0.5073,2026-09-21T16:42:19.353279+00:00,baseline_v1
FT-T003481,Yes,0.5785,2026-09-21T16:42:19.353279+00:00,baseline_v1
FT-T003482,Yes,0.6632,2026-09-21T16:42:19.353279+00:00,baseline_v1
FT-T003483,No,0.3989,2026-09-21T16:42:19.353279+00:00,baseline_v1
FT-T003484,Yes,0.6476,2026-09-21T16:42:19.353279+00:00,baseline_v1
FT-T003485,Yes,0.5615,2026-09-21T16:42:19.353279+00:00,baseline_v1
FT-T003486,No,0.3704,2026-09-21T16:42:19.353279+00:00,baseline_v1
FT-T003487,No,0.405,2026-09-21T16:42:19.353279+00:00,baseline_v1
FT-T003488,No,0.4274,2026-09-21T16:42:19.353279+00:00,baseline_v1
FT-T003489,Yes,0.6583,2026-09-21T16:42:19.353279+00:00,baseline_v1
FT-T003490,No,0.4146,2026-09-21T16:42:19.353279+00:00,baseline_v1
FT-T003491,Yes,0.6528,2026-09-21T16:42:19.353279+00:00,baseline_v1
FT-T003492,No,0.4126,2026-09-21T16:42:19.353279+00:00,baseline_v1
FT-T003493,Yes,0.7304,2026-09-21T16:42:19.353279+00:00,baseline_v1
FT-T003494,No,0.3379,2026-09-21T16:42:19.353279+00:00,baseline_v1
FT-T003495,Yes,0.6114,2026-09-21T16:42:19.353279+00:00,baseline_v1
FT-T003496,No,0.3237,2026-09-21T16:42:19.353279+00:00,baseline_v1
FT-T003497,Yes,0.6252,2026-09-21T16:42:19.353279+00:00,baseline_v1
FT-T003498,Yes,0.6537,2026-09-21T16:42:19.353279+00:00,baseline_v1
FT-T003499,Yes,0.631,2026-09-21T16:42:19.353279+00:00,baseline_v1
FT-T003500,Yes,0.5256,2026-09-21T16:42:19.353279+00:00,baseline_v1
FT-T003501,No,0.4362,2026-09-21T16:42:19.353279+00:00,baseline_v1
FT-T003502,Yes,0.5123,2026-09-21T16:42:19.353279+00:00,baseline_v1
FT-T003503,No,0.4626,2026-09-21T16:42:19.353279+00:00,baseline_v1
FT-T003504,No,0.3762,2026-09-21T16:42:19.353279+00:00,baseline_v1
FT-T003505,Yes,0.8869,2026-09-21T16:42:19.353279+00:00,baseline_v1
FT-T003506,No,0.4079,2026-09-21T16:42:19.353279+00:00,baseline_v1
FT-T003507,Yes,0.6689,2026-09-21T16:42:19.353279+00:00,baseline_v1
FT-T003508,No,0.3905,2026-09-21T16:42:19.353279+00:00,baseline_v1
FT-T003509,No,0.3218,2026-09-21T16:42:19.353279+00:00,baseline_v1
FT-T003510,Yes,0.5467,2026-09-21T16:42:19.353279+00:00,baseline_v1
FT-T003511,Yes,0.5665,2026-09-21T16:42:19.353279+00:00,baseline_v1
FT-T003512,Yes,0.557,2026-09-21T16:42:19.353279+00:00,baseline_v1
FT-T003513,No,0.3421,2026-09-21T16:42:19.353279+00:00,baseline_v1
FT-T003514,No,0.3333,2026-09-21T16:42:19.353279+00:00,baseline_v1
FT-T003515,No,0.4675,2026-09-21T16:42:19.353279+00:00,baseline_v1
FT-T003516,No,0.3637,2026-09-21T16:42:19.353279+00:00,baseline_v1
FT-T003517,No,0.2979,2026-09-21T16:42:19.353279+00:00,baseline_v1
FT-T003518,No,0.3738,2026-09-21T16:42:19.353279+00:00,baseline_v1
FT-T003519,Yes,0.523,2026-09-21T16:42:19.353279+00:00,baseline_v1
FT-T003520,No,0.3996,2026-09-21T16:42:19.353279+00:00,baseline_v1
FT-T003521,Yes,0.6582,2026-09-21T16:42:19.353279+00:00,baseline_v1
FT-T003522,No,0.3178,2026-09-21T16:42:19.353279+00:00,baseline_v1
FT-T003523,No,0.3757,2026-09-21T16:42:19.353279+00:00,baseline_v1
FT-T003524,No,0.3179,2026-09-21T16:42:19.353279+00:00,baseline_v1
FT-T003525,Yes,0.5103,2026-09-21T16:42:19.353279+00:00,baseline_v1
FT-T003526,Yes,0.5738,2026-09-21T16:42:19.353279+00:00,baseline_v1
FT-T003527,No,0.3518,2026-09-21T16:42:19.353279+00:00,baseline_v1
FT-T003528,No,0.3923,2026-09-21T16:42:19.353279+00:00,baseline_v1
FT-T003529,No,0.3182,2026-09-21T16:42:19.353279+00:00,baseline_v1
FT-T003530,Yes,0.5657,2026-09-21T16:42:19.353279+00:00,baseline_v1
FT-T003531,No,0.4236,2026-09-21T16:42:19.353279+00:00,baseline_v1
FT-T003532,Yes,0.7661,2026-09-21T16:42:19.353279+00:00,baseline_v1
FT-T003533,No,0.3176,2026-09-21T16:42:19.353279+00:00,baseline_v1
FT-T003534,Yes,0.7633,2026-09-21T16:42:19.353279+00:00,baseline_v1
FT-T003535,No,0.4162,2026-09-21T16:42:19.353279+00:00,baseline_v1
FT-T003536,No,0.3046,2026-09-21T16:42:19.353279+00:00,baseline_v1
FT-T003537,Yes,0.5573,2026-09-21T16:42:19.353279+00:00,baseline_v1
FT-T003538,Yes,0.5568,2026-09-21T16:42:19.353279+00:00,baseline_v1
FT-T003539,No,0.332,2026-09-21T16:42:19.353279+00:00,baseline_v1
FT-T003540,Yes,0.5945,2026-09-21T16:42:19.353279+00:00,baseline_v1
FT-T003541,No,0.2829,2026-09-21T16:42:19.353279+00:00,baseline_v1
FT-T003542,No,0.3796,2026-09-21T16:42:19.353279+00:00,baseline_v1
FT-T003543,No,0.4958,2026-09-21T16:42:19.353279+00:00,baseline_v1
FT-T003544,No,0.4006,2026-09-21T16:42:19.353279+00:00,baseline_v1
FT-T003545,No,0.3818,2026-09-21T16:42:19.353279+00:00,baseline_v1
FT-T003546,No,0.3127,2026-09-21T16:42:19.353279+00:00,baseline_v1
FT-T003547,Yes,0.6896,2026-09-21T16:42:19.353279+00:00,baseline_v1
FT-T003548,No,0.3468,2026-09-21T16:42:19.353279+00:00,baseline_v1
FT-T003549,No,0.3528,2026-09-21T16:42:19.353279+00:00,baseline_v1
FT-T003550,Yes,0.5454,2026-09-21T16:42:19.353279+00:00,baseline_v1
FT-T003551,Yes,0.5237,2026-09-21T16:42:19.353279+00:00,baseline_v1
FT-T003552,Yes,0.5199,2026-09-21T16:42:19.353279+00:00,baseline_v1
FT-T003553,No,0.2761,2026-09-21T16:42:19.353279+00:00,baseline_v1
FT-T003554,No,0.3093,2026-09-21T16:42:19.353279+00:00,baseline_v1
FT-T003555,Yes,0.5087,2026-09-21T16:42:19.353279+00:00,baseline_v1
FT-T003556,Yes,0.5405,2026-09-21T16:42:19.353279+00:00,baseline_v1
FT-T003557,No,0.2678,2026-09-21T16:42:19.353279+00:00,baseline_v1
FT-T003558,Yes,0.6107,2026-09-21T16:42:19.353279+00:00,baseline_v1
FT-T003559,No,0.319,2026-09-21T16:42:19.353279+00:00,baseline_v1
FT-T003560,Yes,0.5644,2026-09-21T16:42:19.353279+00:00,baseline_v1
FT-T003561,Yes,0.6957,2026-09-21T16:42:19.353279+00:00,baseline_v1
FT-T003562,Yes,0.5157,2026-09-21T16:42:19.353279+00:00,baseline_v1
FT-T003563,No,0.2725,2026-09-21T16:42:19.353279+00:00,baseline_v1
FT-T003564,Yes,0.5592,2026-09-21T16:42:19.353279+00:00,baseline_v1
FT-T003565,No,0.4163,2026-09-21T16:42:19.353279+00:00,baseline_v1
FT-T003566,No,0.2811,2026-09-21T16:42:19.353279+00:00,baseline_v1
FT-T003567,No,0.3807,2026-09-21T16:42:19.353279+00:00,baseline_v1
FT-T003568,No,0.2649,2026-09-21T16:42:19.353279+00:00,baseline_v1
FT-T003569,No,0.3344,2026-09-21T16:42:19.353279+00:00,baseline_v1
FT-T003570,No,0.4903,2026-09-21T16:42:19.353279+00:00,baseline_v1
FT-T003571,No,0.3446,2026-09-21T16:42:19.353279+00:00,baseline_v1
FT-T003572,No,0.3275,2026-09-21T16:42:19.353279+00:00,baseline_v1
FT-T003573,No,0.2767,2026-09-21T16:42:19.353279+00:00,baseline_v1
FT-T003574,No,0.22,2026-09-21T16:42:19.353279+00:00,baseline_v1
FT-T003575,Yes,0.5249,2026-09-21T16:42:19.353279+00:00,baseline_v1
FT-T003576,No,0.4807,2026-09-21T16:42:19.353279+00:00,baseline_v1
FT-T003577,No,0.4622,2026-09-21T16:42:19.353279+00:00,baseline_v1
FT-T003578,No,0.4727,2026-09-21T16:42:19.353279+00:00,baseline_v1
FT-T003579,No,0.2405,2026-09-21T16:42:19.353279+00:00,baseline_v1
FT-T003580,No,0.2301,2026-09-21T16:42:19.353279+00:00,baseline_v1
FT-T003581,No,0.4527,2026-09-21T16:42:19.353279+00:00,baseline_v1
FT-T003582,Yes,0.5473,2026-09-21T16:42:19.353279+00:00,baseline_v1
FT-T003583,No,0.3232,2026-09-21T16:42:19.353279+00:00,baseline_v1
FT-T003584,Yes,0.6277,2026-09-21T16:42:19.353279+00:00,baseline_v1
FT-T003585,No,0.2876,2026-09-21T16:42:19.353279+00:00,baseline_v1
FT-T003586,Yes,0.5785,2026-09-21T16:42:19.353279+00:00,baseline_v1
FT-T003587,Yes,0.6069,2026-09-21T16:42:19.353279+00:00,baseline_v1
FT-T003588,No,0.3244,2026-09-21T16:42:19.353279+00:00,baseline_v1
FT-T003589,No,0.2477,2026-09-21T16:42:19.353279+00:00,baseline_v1
FT-T003590,No,0.2235,2026-09-21T16:42:19.353279+00:00,baseline_v1
FT-T003591,No,0.4359,2026-09-21T16:42:19.353279+00:00,baseline_v1
FT-T003592,Yes,0.6227,2026-09-21T16:42:19.353279+00:00,baseline_v1
FT-T003593,No,0.3248,2026-09-21T16:42:19.353279+00:00,baseline_v1
FT-T003594,No,0.3933,2026-09-21T16:42:19.353279+00:00,baseline_v1
FT-T003595,No,0.444,2026-09-21T16:42:19.353279+00:00,baseline_v1
FT-T003596,No,0.3177,2026-09-21T16:42:19.353279+00:00,baseline_v1
FT-T003597,No,0.2584,2026-09-21T16:42:19.353279+00:00,baseline_v1
FT-T003598,No,0.3677,2026-09-21T16:42:19.353279+00:00,baseline_v1
FT-T003599,Yes,0.7246,2026-09-21T16:42:19.353279+00:00,baseline_v1
FT-T003600,Yes,0.6903,2026-09-21T16:42:19.353279+00:00,baseline_v1
FT-T003601,Yes,0.5779,2026-09-21T16:42:19.353279+00:00,baseline_v1
FT-T003602,Yes,0.6866,2026-09-21T16:42:19.353279+00:00,baseline_v1
FT-T003603,Yes,0.8,2026-09-21T16:42:19.353279+00:00,baseline_v1
FT-T003604,No,0.4836,2026-09-21T16:42:19.353279+00:00,baseline_v1
FT-T003605,No,0.4517,2026-09-21T16:42:19.353279+00:00,baseline_v1
FT-T003606,No,0.4672,2026-09-21T16:42:19.353279+00:00,baseline_v1
FT-T003607,Yes,0.7102,2026-09-21T16:42:19.353279+00:00,baseline_v1
FT-T003608,Yes,0.6384,2026-09-21T16:42:19.353279+00:00,baseline_v1
FT-T003609,No,0.484,2026-09-21T16:42:19.353279+00:00,baseline_v1
FT-T003610,Yes,0.8807,2026-09-21T16:42:19.353279+00:00,baseline_v1
FT-T003611,No,0.4179,2026-09-21T16:42:19.353279+00:00,baseline_v1
FT-T003612,Yes,0.6667,2026-09-21T16:42:19.353279+00:00,baseline_v1
FT-T003613,Yes,0.6473,2026-09-21T16:42:19.353279+00:00,baseline_v1
FT-T003614,Yes,0.5153,2026-09-21T16:42:19.353279+00:00,baseline_v1
FT-T003615,Yes,0.8335,2026-09-21T16:42:19.353279+00:00,baseline_v1
FT-T003616,Yes,0.5967,2026-09-21T16:42:19.353279+00:00,baseline_v1
FT-T003617,Yes,0.6394,2026-09-21T16:42:19.353279+00:00,baseline_v1
FT-T003618,No,0.3253,2026-09-21T16:42:19.353279+00:00,baseline_v1
FT-T003619,No,0.4612,2026-09-21T16:42:19.353279+00:00,baseline_v1
FT-T003620,No,0.4219,2026-09-21T16:42:19.353279+00:00,baseline_v1
FT-T003621,Yes,0.7035,2026-09-21T16:42:19.353279+00:00,baseline_v1
FT-T003622,No,0.4423,2026-09-21T16:42:19.353279+00:00,baseline_v1
FT-T003623,Yes,0.5768,2026-09-21T16:42:19.353279+00:00,baseline_v1
FT-T003624,Yes,0.6512,2026-09-21T16:42:19.353279+00:00,baseline_v1
FT-T003625,Yes,0.5893,2026-09-21T16:42:19.353279+00:00,baseline_v1
FT-T003626,Yes,0.5198,2026-09-21T16:42:19.353279+00:00,baseline_v1
FT-T003627,No,0.476,2026-09-21T16:42:19.353279+00:00,baseline_v1
FT-T003628,Yes,0.8055,2026-09-21T16:42:19.353279+00:00,baseline_v1
FT-T003629,No,0.4271,2026-09-21T16:42:19.353279+00:00,baseline_v1
FT-T003630,Yes,0.5957,2026-09-21T16:42:19.353279+00:00,baseline_v1
FT-T003631,Yes,0.5566,2026-09-21T16:42:19.353279+00:00,baseline_v1
FT-T003632,Yes,0.6502,2026-09-21T16:42:19.353279+00:00,baseline_v1
FT-T003633,No,0.3233,2026-09-21T16:42:19.353279+00:00,baseline_v1
FT-T003634,No,0.4002,2026-09-21T16:42:19.353279+00:00,baseline_v1
FT-T003635,No,0.4624,2026-09-21T16:42:19.353279+00:00,baseline_v1
FT-T003636,Yes,0.5549,2026-09-21T16:42:19.353279+00:00,baseline_v1
FT-T003637,No,0.4535,2026-09-21T16:42:19.353279+00:00,baseline_v1
FT-T003638,Yes,0.5882,2026-09-21T16:42:19.353279+00:00,baseline_v1
FT-T003639,Yes,0.8427,2026-09-21T16:42:19.353279+00:00,baseline_v1
FT-T003640,Yes,0.7742,2026-09-21T16:42:19.353279+00:00,baseline_v1
FT-T003641,No,0.3857,2026-09-21T16:42:19.353279+00:00,baseline_v1
FT-T003642,No,0.4604,2026-09-21T16:42:19.353279+00:00,baseline_v1
FT-T003643,No,0.3975,2026-09-21T16:42:19.353279+00:00,baseline_v1
FT-T003644,Yes,0.766,2026-09-21T16:42:19.353279+00:00,baseline_v1
FT-T003645,No,0.3716,2026-09-21T16:42:19.353279+00:00,baseline_v1
FT-T003646,Yes,0.5841,2026-09-21T16:42:19.353279+00:00,baseline_v1
FT-T003647,No,0.351,2026-09-21T16:42:19.353279+00:00,baseline_v1
FT-T003648,Yes,0.6891,2026-09-21T16:42:19.353279+00:00,baseline_v1
FT-T003649,Yes,0.5714,2026-09-21T16:42:19.353279+00:00,baseline_v1
FT-T003650,No,0.4782,2026-09-21T16:42:19.353279+00:00,baseline_v1
FT-T003651,No,0.3359,2026-09-21T16:42:19.353279+00:00,baseline_v1
FT-T003652,No,0.366,2026-09-21T16:42:19.353279+00:00,baseline_v1
FT-T003653,Yes,0.6679,2026-09-21T16:42:19.353279+00:00,baseline_v1
FT-T003654,No,0.388,2026-09-21T16:42:19.353279+00:00,baseline_v1
FT-T003655,No,0.3336,2026-09-21T16:42:19.353279+00:00,baseline_v1
FT-T003656,No,0.3532,2026-09-21T16:42:19.353279+00:00,baseline_v1
FT-T003657,Yes,0.5445,2026-09-21T16:42:19.353279+00:00,baseline_v1
FT-T003658,No,0.4075,2026-09-21T16:42:19.353279+00:00,baseline_v1
FT-T003659,No,0.4344,2026-09-21T16:42:19.353279+00:00,baseline_v1
FT-T003660,Yes,0.6532,2026-09-21T16:42:19.353279+00:00,baseline_v1
FT-T003661,Yes,0.563,2026-09-21T16:42:19.353279+00:00,baseline_v1
FT-T003662,No,0.4925,2026-09-21T16:42:19.353279+00:00,baseline_v1
FT-T003663,No,0.3365,2026-09-21T16:42:19.353279+00:00,baseline_v1
FT-T003664,Yes,0.5059,2026-09-21T16:42:19.353279+00:00,baseline_v1
FT-T003665,Yes,0.557,2026-09-21T16:42:19.353279+00:00,baseline_v1
FT-T003666,Yes,0.6842,2026-09-21T16:42:19.353279+00:00,baseline_v1
FT-T003667,Yes,0.5331,2026-09-21T16:42:19.353279+00:00,baseline_v1
FT-T003668,No,0.3065,2026-09-21T16:42:19.353279+00:00,baseline_v1
FT-T003669,No,0.3508,2026-09-21T16:42:19.353279+00:00,baseline_v1
FT-T003670,No,0.3017,2026-09-21T16:42:19.353279+00:00,baseline_v1
FT-T003671,No,0.4656,2026-09-21T16:42:19.353279+00:00,baseline_v1
FT-T003672,No,0.3388,2026-09-21T16:42:19.353279+00:00,baseline_v1
FT-T003673,No,0.3734,2026-09-21T16:42:19.353279+00:00,baseline_v1
FT-T003674,No,0.2802,2026-09-21T16:42:19.353279+00:00,baseline_v1
FT-T003675,No,0.4999,2026-09-21T16:42:19.353279+00:00,baseline_v1
FT-T003676,No,0.3862,2026-09-21T16:42:19.353279+00:00,baseline_v1
FT-T003677,No,0.304,2026-09-21T16:42:19.353279+00:00,baseline_v1
FT-T003678,No,0.3765,2026-09-21T16:42:19.353279+00:00,baseline_v1
FT-T003679,No,0.2829,2026-09-21T16:42:19.353279+00:00,baseline_v1
FT-T003680,No,0.4727,2026-09-21T16:42:19.353279+00:00,baseline_v1
FT-T003681,No,0.2878,2026-09-21T16:42:19.353279+00:00,baseline_v1
FT-T003682,Yes,0.6037,2026-09-21T16:42:19.353279+00:00,baseline_v1
FT-T003683,No,0.3124,2026-09-21T16:42:19.353279+00:00,baseline_v1
FT-T003684,Yes,0.5864,2026-09-21T16:42:19.353279+00:00,baseline_v1
FT-T003685,Yes,0.543,2026-09-21T16:42:19.353279+00:00,baseline_v1
FT-T003686,No,0.4012,2026-09-21T16:42:19.353279+00:00,baseline_v1
FT-T003687,No,0.3036,2026-09-21T16:42:19.353279+00:00,baseline_v1
FT-T003688,No,0.2935,2026-09-21T16:42:19.353279+00:00,baseline_v1
FT-T003689,No,0.2649,2026-09-21T16:42:19.353279+00:00,baseline_v1
FT-T003690,No,0.2633,2026-09-21T16:42:19.353279+00:00,baseline_v1
FT-T003691,Yes,0.5268,2026-09-21T16:42:19.353279+00:00,baseline_v1
FT-T003692,Yes,0.584,2026-09-21T16:42:19.353279+00:00,baseline_v1
FT-T003693,Yes,0.5049,2026-09-21T16:42:19.353279+00:00,baseline_v1
FT-T003694,No,0.3797,2026-09-21T16:42:19.353279+00:00,baseline_v1
FT-T003695,No,0.3015,2026-09-21T16:42:19.353279+00:00,baseline_v1
FT-T003696,No,0.3029,2026-09-21T16:42:19.353279+00:00,baseline_v1
FT-T003697,No,0.4857,2026-09-21T16:42:19.353279+00:00,baseline_v1
FT-T003698,No,0.4505,2026-09-21T16:42:19.353279+00:00,baseline_v1
FT-T003699,No,0.3058,2026-09-21T16:42:19.353279+00:00,baseline_v1
FT-T003700,No,0.2625,2026-09-21T16:42:19.353279+00:00,baseline_v1
FT-T003701,No,0.4857,2026-09-21T16:42:19.353279+00:00,baseline_v1
FT-T003702,Yes,0.6913,2026-09-21T16:42:19.353279+00:00,baseline_v1
FT-T003703,No,0.3641,2026-09-21T16:42:19.353279+00:00,baseline_v1
FT-T003704,No,0.3131,2026-09-21T16:42:19.353279+00:00,baseline_v1
FT-T003705,No,0.2497,2026-09-21T16:42:19.353279+00:00,baseline_v1
FT-T003706,Yes,0.532,2026-09-21T16:42:19.353279+00:00,baseline_v1
FT-T003707,Yes,0.5891,2026-09-21T16:42:19.353279+00:00,baseline_v1
FT-T003708,No,0.3854,2026-09-21T16:42:19.353279+00:00,baseline_v1
FT-T003709,Yes,0.5417,2026-09-21T16:42:19.353279+00:00,baseline_v1
FT-T003710,No,0.3068,2026-09-21T16:42:19.353279+00:00,baseline_v1
FT-T003711,No,0.4466,2026-09-21T16:42:19.353279+00:00,baseline_v1
FT-T003712,Yes,0.6012,2026-09-21T16:42:19.353279+00:00,baseline_v1
FT-T003713,No,0.2831,2026-09-21T16:42:19.353279+00:00,baseline_v1
FT-T003714,Yes,0.5327,2026-09-21T16:42:19.353279+00:00,baseline_v1
FT-T003715,Yes,0.5369,2026-09-21T16:42:19.353279+00:00,baseline_v1
FT-T003716,No,0.4527,2026-09-21T16:42:19.353279+00:00,baseline_v1
FT-T003717,No,0.2733,2026-09-21T16:42:19.353279+00:00,baseline_v1
FT-T003718,No,0.2519,2026-09-21T16:42:19.353279+00:00,baseline_v1
FT-T003719,No,0.3136,2026-09-21T16:42:19.353279+00:00,baseline_v1
FT-T003720,No,0.2448,2026-09-21T16:42:19.353279+00:00,baseline_v1
FT-T003721,Yes,0.559,2026-09-21T16:42:19.353279+00:00,baseline_v1
FT-T003722,No,0.4578,2026-09-21T16:42:19.353279+00:00,baseline_v1
FT-T003723,No,0.4388,2026-09-21T16:42:19.353279+00:00,baseline_v1
FT-T003724,No,0.4108,2026-09-21T16:42:19.353279+00:00,baseline_v1
FT-T003725,No,0.2475,2026-09-21T16:42:19.353279+00:00,baseline_v1
FT-T003726,Yes,0.6528,2026-09-21T16:42:19.353279+00:00,baseline_v1
FT-T003727,No,0.3919,2026-09-21T16:42:19.353279+00:00,baseline_v1
FT-T003728,No,0.44,2026-09-21T16:42:19.353279+00:00,baseline_v1
FT-T003729,No,0.4448,2026-09-21T16:42:19.353279+00:00,baseline_v1
FT-T003730,No,0.3473,2026-09-21T16:42:19.353279+00:00,baseline_v1
FT-T003731,No,0.2218,2026-09-21T16:42:19.353279+00:00,baseline_v1
FT-T003732,No,0.3134,2026-09-21T16:42:19.353279+00:00,baseline_v1
FT-T003733,No,0.2801,2026-09-21T16:42:19.353279+00:00,baseline_v1
FT-T003734,Yes,0.5793,2026-09-21T16:42:19.353279+00:00,baseline_v1
FT-T003735,No,0.4274,2026-09-21T16:42:19.353279+00:00,baseline_v1
FT-T003736,No,0.447,2026-09-21T16:42:19.353279+00:00,baseline_v1
FT-T003737,Yes,0.6799,2026-09-21T16:42:19.353279+00:00,baseline_v1
FT-T003738,Yes,0.6733,2026-09-21T16:42:19.353279+00:00,baseline_v1
FT-T003739,No,0.3984,2026-09-21T16:42:19.353279+00:00,baseline_v1
FT-T003740,Yes,0.7496,2026-09-21T16:42:19.353279+00:00,baseline_v1
FT-T003741,No,0.4887,2026-09-21T16:42:19.353279+00:00,baseline_v1
FT-T003742,Yes,0.7496,2026-09-21T16:42:19.353279+00:00,baseline_v1
FT-T003743,Yes,0.6767,2026-09-21T16:42:19.353279+00:00,baseline_v1
FT-T003744,Yes,0.5087,2026-09-21T16:42:19.353279+00:00,baseline_v1
FT-T003745,Yes,0.563,2026-09-21T16:42:19.353279+00:00,baseline_v1
FT-T003746,No,0.4272,2026-09-21T16:42:19.353279+00:00,baseline_v1
FT-T003747,No,0.4005,2026-09-21T16:42:19.353279+00:00,baseline_v1
FT-T003748,Yes,0.7659,2026-09-21T16:42:19.353279+00:00,baseline_v1
FT-T003749,Yes,0.6887,2026-09-21T16:42:19.353279+00:00,baseline_v1
FT-T003750,No,0.4141,2026-09-21T16:42:19.353279+00:00,baseline_v1
FT-T003751,Yes,0.6072,2026-09-21T16:42:19.353279+00:00,baseline_v1
FT-T003752,Yes,0.6962,2026-09-21T16:42:19.353279+00:00,baseline_v1
FT-T003753,Yes,0.6496,2026-09-21T16:42:19.353279+00:00,baseline_v1
FT-T003754,Yes,0.5906,2026-09-21T16:42:19.353279+00:00,baseline_v1
FT-T003755,No,0.4047,2026-09-21T16:42:19.353279+00:00,baseline_v1
FT-T003756,Yes,0.5051,2026-09-21T16:42:19.353279+00:00,baseline_v1
FT-T003757,No,0.3142,2026-09-21T16:42:19.353279+00:00,baseline_v1
FT-T003758,No,0.3778,2026-09-21T16:42:19.353279+00:00,baseline_v1
FT-T003759,Yes,0.5005,2026-09-21T16:42:19.353279+00:00,baseline_v1
FT-T003760,No,0.3157,2026-09-21T16:42:19.353279+00:00,baseline_v1
FT-T003761,No,0.3691,2026-09-21T16:42:19.353279+00:00,baseline_v1
FT-T003762,No,0.4246,2026-09-21T16:42:19.353279+00:00,baseline_v1
FT-T003763,Yes,0.7037,2026-09-21T16:42:19.353279+00:00,baseline_v1
FT-T003764,Yes,0.6183,2026-09-21T16:42:19.353279+00:00,baseline_v1
FT-T003765,Yes,0.7583,2026-09-21T16:42:19.353279+00:00,baseline_v1
FT-T003766,No,0.4394,2026-09-21T16:42:19.353279+00:00,baseline_v1
FT-T003767,No,0.4724,2026-09-21T16:42:19.353279+00:00,baseline_v1
FT-T003768,Yes,0.6105,2026-09-21T16:42:19.353279+00:00,baseline_v1
FT-T003769,No,0.3922,2026-09-21T16:42:19.353279+00:00,baseline_v1
FT-T003770,Yes,0.5919,2026-09-21T16:42:19.353279+00:00,baseline_v1
FT-T003771,No,0.4008,2026-09-21T16:42:19.353279+00:00,baseline_v1
FT-T003772,Yes,0.6233,2026-09-21T16:42:19.353279+00:00,baseline_v1
FT-T003773,No,0.4134,2026-09-21T16:42:19.353279+00:00,baseline_v1
FT-T003774,No,0.3984,2026-09-21T16:42:19.353279+00:00,baseline_v1
FT-T003775,Yes,0.7841,2026-09-21T16:42:19.353279+00:00,baseline_v1
FT-T003776,Yes,0.5065,2026-09-21T16:42:19.353279+00:00,baseline_v1
FT-T003777,No,0.3491,2026-09-21T16:42:19.353279+00:00,baseline_v1
FT-T003778,No,0.4208,2026-09-21T16:42:19.353279+00:00,baseline_v1
FT-T003779,Yes,0.6973,2026-09-21T16:42:19.353279+00:00,baseline_v1
FT-T003780,Yes,0.5554,2026-09-21T16:42:19.353279+00:00,baseline_v1
FT-T003781,Yes,0.6142,2026-09-21T16:42:19.353279+00:00,baseline_v1
FT-T003782,No,0.4023,2026-09-21T16:42:19.353279+00:00,baseline_v1
FT-T003783,Yes,0.5488,2026-09-21T16:42:19.353279+00:00,baseline_v1
FT-T003784,No,0.3488,2026-09-21T16:42:19.353279+00:00,baseline_v1
FT-T003785,No,0.386,2026-09-21T16:42:19.353279+00:00,baseline_v1
FT-T003786,No,0.2952,2026-09-21T16:42:19.353279+00:00,baseline_v1
FT-T003787,No,0.3686,2026-09-21T16:42:19.353279+00:00,baseline_v1
FT-T003788,Yes,0.6761,2026-09-21T16:42:19.353279+00:00,baseline_v1
FT-T003789,No,0.4132,2026-09-21T16:42:19.353279+00:00,baseline_v1
FT-T003790,No,0.3514,2026-09-21T16:42:19.353279+00:00,baseline_v1
FT-T003791,Yes,0.5961,2026-09-21T16:42:19.353279+00:00,baseline_v1
FT-T003792,Yes,0.5142,2026-09-21T16:42:19.353279+00:00,baseline_v1
FT-T003793,No,0.374,2026-09-21T16:42:19.353279+00:00,baseline_v1
FT-T003794,Yes,0.7625,2026-09-21T16:42:19.353279+00:00,baseline_v1
FT-T003795,No,0.3379,2026-09-21T16:42:19.353279+00:00,baseline_v1
FT-T003796,No,0.3843,2026-09-21T16:42:19.353279+00:00,baseline_v1
FT-T003797,No,0.403,2026-09-21T16:42:19.353279+00:00,baseline_v1
FT-T003798,No,0.4339,2026-09-21T16:42:19.353279+00:00,baseline_v1
FT-T003799,No,0.4043,2026-09-21T16:42:19.353279+00:00,baseline_v1
FT-T003800,Yes,0.8109,2026-09-21T16:42:19.353279+00:00,baseline_v1
FT-T003801,No,0.4266,2026-09-21T16:42:19.353279+00:00,baseline_v1
FT-T003802,Yes,0.6073,2026-09-21T16:42:19.353279+00:00,baseline_v1
FT-T003803,No,0.2876,2026-09-21T16:42:19.353279+00:00,baseline_v1
FT-T003804,Yes,0.6594,2026-09-21T16:42:19.353279+00:00,baseline_v1
FT-T003805,No,0.4787,2026-09-21T16:42:19.353279+00:00,baseline_v1
FT-T003806,No,0.3646,2026-09-21T16:42:19.353279+00:00,baseline_v1
FT-T003807,No,0.4939,2026-09-21T16:42:19.353279+00:00,baseline_v1
FT-T003808,No,0.3522,2026-09-21T16:42:19.353279+00:00,baseline_v1
FT-T003809,Yes,0.5301,2026-09-21T16:42:19.353279+00:00,baseline_v1
FT-T003810,Yes,0.5739,2026-09-21T16:42:19.353279+00:00,baseline_v1
FT-T003811,No,0.2709,2026-09-21T16:42:19.353279+00:00,baseline_v1
FT-T003812,Yes,0.5035,2026-09-21T16:42:19.353279+00:00,baseline_v1
FT-T003813,No,0.2852,2026-09-21T16:42:19.353279+00:00,baseline_v1
FT-T003814,No,0.3369,2026-09-21T16:42:19.353279+00:00,baseline_v1
FT-T003815,No,0.3763,2026-09-21T16:42:19.353279+00:00,baseline_v1
FT-T003816,Yes,0.5338,2026-09-21T16:42:19.353279+00:00,baseline_v1
FT-T003817,Yes,0.5182,2026-09-21T16:42:19.353279+00:00,baseline_v1
FT-T003818,Yes,0.6678,2026-09-21T16:42:19.353279+00:00,baseline_v1
FT-T003819,No,0.2846,2026-09-21T16:42:19.353279+00:00,baseline_v1
FT-T003820,Yes,0.5356,2026-09-21T16:42:19.353279+00:00,baseline_v1
FT-T003821,No,0.3033,2026-09-21T16:42:19.353279+00:00,baseline_v1
FT-T003822,Yes,0.5872,2026-09-21T16:42:19.353279+00:00,baseline_v1
FT-T003823,Yes,0.5148,2026-09-21T16:42:19.353279+00:00,baseline_v1
FT-T003824,Yes,0.7556,2026-09-21T16:42:19.353279+00:00,baseline_v1
FT-T003825,No,0.2861,2026-09-21T16:42:19.353279+00:00,baseline_v1
FT-T003826,Yes,0.5245,2026-09-21T16:42:19.353279+00:00,baseline_v1
FT-T003827,No,0.4767,2026-09-21T16:42:19.353279+00:00,baseline_v1
FT-T003828,No,0.3079,2026-09-21T16:42:19.353279+00:00,baseline_v1
FT-T003829,Yes,0.5092,2026-09-21T16:42:19.353279+00:00,baseline_v1
FT-T003830,Yes,0.5141,2026-09-21T16:42:19.353279+00:00,baseline_v1
FT-T003831,No,0.3175,2026-09-21T16:42:19.353279+00:00,baseline_v1
FT-T003832,No,0.3134,2026-09-21T16:42:19.353279+00:00,baseline_v1
FT-T003833,No,0.2665,2026-09-21T16:42:19.353279+00:00,baseline_v1
FT-T003834,No,0.318,2026-09-21T16:42:19.353279+00:00,baseline_v1
FT-T003835,No,0.4126,2026-09-21T16:42:19.353279+00:00,baseline_v1
FT-T003836,No,0.2568,2026-09-21T16:42:19.353279+00:00,baseline_v1
FT-T003837,Yes,0.7519,2026-09-21T16:42:19.353279+00:00,baseline_v1
FT-T003838,Yes,0.7315,2026-09-21T16:42:19.353279+00:00,baseline_v1
FT-T003839,No,0.3449,2026-09-21T16:42:19.353279+00:00,baseline_v1
FT-T003840,No,0.2245,2026-09-21T16:42:19.353279+00:00,baseline_v1
FT-T003841,No,0.2964,2026-09-21T16:42:19.353279+00:00,baseline_v1
FT-T003842,No,0.4627,2026-09-21T16:42:19.353279+00:00,baseline_v1
FT-T003843,Yes,0.7964,2026-09-21T16:42:19.353279+00:00,baseline_v1
FT-T003844,Yes,0.6052,2026-09-21T16:42:19.353279+00:00,baseline_v1
FT-T003845,Yes,0.5084,2026-09-21T16:42:19.353279+00:00,baseline_v1
FT-T003846,Yes,0.5267,2026-09-21T16:42:19.353279+00:00,baseline_v1
FT-T003847,No,0.4673,2026-09-21T16:42:19.353279+00:00,baseline_v1
FT-T003848,No,0.2128,2026-09-21T16:42:19.353279+00:00,baseline_v1
FT-T003849,No,0.2557,2026-09-21T16:42:19.353279+00:00,baseline_v1
FT-T003850,No,0.2783,2026-09-21T16:42:19.353279+00:00,baseline_v1
FT-T003851,No,0.462,2026-09-21T16:42:19.353279+00:00,baseline_v1
FT-T003852,No,0.3214,2026-09-21T16:42:19.353279+00:00,baseline_v1
FT-T003853,No,0.2178,2026-09-21T16:42:19.353279+00:00,baseline_v1
FT-T003854,No,0.4994,2026-09-21T16:42:19.353279+00:00,baseline_v1
FT-T003855,No,0.4397,2026-09-21T16:42:19.353279+00:00,baseline_v1
FT-T003856,Yes,0.599,2026-09-21T16:42:19.353279+00:00,baseline_v1
FT-T003857,No,0.2748,2026-09-21T16:42:19.353279+00:00,baseline_v1
FT-T003858,No,0.2722,2026-09-21T16:42:19.353279+00:00,baseline_v1
FT-T003859,No,0.4511,2026-09-21T16:42:19.353279+00:00,baseline_v1
FT-T003860,No,0.4354,2026-09-21T16:42:19.353279+00:00,baseline_v1
FT-T003861,No,0.2469,2026-09-21T16:42:19.353279+00:00,baseline_v1
FT-T003862,No,0.2117,2026-09-21T16:42:19.353279+00:00,baseline_v1
FT-T003863,No,0.408,2026-09-21T16:42:19.353279+00:00,baseline_v1
FT-T003864,No,0.2563,2026-09-21T16:42:19.353279+00:00,baseline_v1
FT-T003865,No,0.2391,2026-09-21T16:42:19.353279+00:00,baseline_v1
FT-T003866,No,0.3109,2026-09-21T16:42:19.353279+00:00,baseline_v1
FT-T003867,No,0.4317,2026-09-21T16:42:19.353279+00:00,baseline_v1
FT-T003868,No,0.4653,2026-09-21T16:42:19.353279+00:00,baseline_v1
FT-T003869,No,0.4801,2026-09-21T16:42:19.353279+00:00,baseline_v1
FT-T003870,Yes,0.6938,2026-09-21T16:42:19.353279+00:00,baseline_v1
FT-T003871,Yes,0.8754,2026-09-21T16:42:19.353279+00:00,baseline_v1
FT-T003872,Yes,0.5465,2026-09-21T16:42:19.353279+00:00,baseline_v1
FT-T003873,Yes,0.7925,2026-09-21T16:42:19.353279+00:00,baseline_v1
FT-T003874,Yes,0.6945,2026-09-21T16:42:19.353279+00:00,baseline_v1
FT-T003875,No,0.3873,2026-09-21T16:42:19.353279+00:00,baseline_v1
FT-T003876,No,0.4593,2026-09-21T16:42:19.353279+00:00,baseline_v1
FT-T003877,Yes,0.699,2026-09-21T16:42:19.353279+00:00,baseline_v1
FT-T003878,No,0.4959,2026-09-21T16:42:19.353279+00:00,baseline_v1
FT-T003879,No,0.4321,2026-09-21T16:42:19.353279+00:00,baseline_v1
FT-T003880,No,0.37,2026-09-21T16:42:19.353279+00:00,baseline_v1
FT-T003881,Yes,0.533,2026-09-21T16:42:19.353279+00:00,baseline_v1
FT-T003882,Yes,0.6345,2026-09-21T16:42:19.353279+00:00,baseline_v1
FT-T003883,Yes,0.8744,2026-09-21T16:42:19.353279+00:00,baseline_v1
FT-T003884,No,0.4011,2026-09-21T16:42:19.353279+00:00,baseline_v1
FT-T003885,Yes,0.6712,2026-09-21T16:42:19.353279+00:00,baseline_v1
FT-T003886,Yes,0.5079,2026-09-21T16:42:19.353279+00:00,baseline_v1
FT-T003887,Yes,0.6722,2026-09-21T16:42:19.353279+00:00,baseline_v1
FT-T003888,No,0.46,2026-09-21T16:42:19.353279+00:00,baseline_v1
FT-T003889,No,0.3475,2026-09-21T16:42:19.353279+00:00,baseline_v1
FT-T003890,No,0.4709,2026-09-21T16:42:19.353279+00:00,baseline_v1
FT-T003891,No,0.4398,2026-09-21T16:42:19.353279+00:00,baseline_v1
FT-T003892,No,0.4224,2026-09-21T16:42:19.353279+00:00,baseline_v1
FT-T003893,No,0.3718,2026-09-21T16:42:19.353279+00:00,baseline_v1
FT-T003894,Yes,0.8429,2026-09-21T16:42:19.353279+00:00,baseline_v1
FT-T003895,Yes,0.7681,2026-09-21T16:42:19.353279+00:00,baseline_v1
FT-T003896,Yes,0.6755,2026-09-21T16:42:19.353279+00:00,baseline_v1
FT-T003897,Yes,0.5691,2026-09-21T16:42:19.353279+00:00,baseline_v1
FT-T003898,Yes,0.6156,2026-09-21T16:42:19.353279+00:00,baseline_v1
FT-T003899,No,0.3705,2026-09-21T16:42:19.353279+00:00,baseline_v1
FT-T003900,Yes,0.6389,2026-09-21T16:42:19.353279+00:00,baseline_v1
FT-T003901,No,0.4106,2026-09-21T16:42:19.353279+00:00,baseline_v1
FT-T003902,No,0.4819,2026-09-21T16:42:19.353279+00:00,baseline_v1
FT-T003903,Yes,0.5807,2026-09-21T16:42:19.353279+00:00,baseline_v1
FT-T003904,No,0.3996,2026-09-21T16:42:19.353279+00:00,baseline_v1
FT-T003905,Yes,0.6199,2026-09-21T16:42:19.353279+00:00,baseline_v1
FT-T003906,No,0.3034,2026-09-21T16:42:19.353279+00:00,baseline_v1
FT-T003907,Yes,0.6678,2026-09-21T16:42:19.353279+00:00,baseline_v1
FT-T003908,Yes,0.5768,2026-09-21T16:42:19.353279+00:00,baseline_v1
FT-T003909,Yes,0.5945,2026-09-21T16:42:19.353279+00:00,baseline_v1
FT-T003910,Yes,0.5357,2026-09-21T16:42:19.353279+00:00,baseline_v1
FT-T003911,Yes,0.8481,2026-09-21T16:42:19.353279+00:00,baseline_v1
FT-T003912,No,0.4608,2026-09-21T16:42:19.353279+00:00,baseline_v1
FT-T003913,No,0.3185,2026-09-21T16:42:19.353279+00:00,baseline_v1
FT-T003914,Yes,0.7146,2026-09-21T16:42:19.353279+00:00,baseline_v1
FT-T003915,No,0.378,2026-09-21T16:42:19.353279+00:00,baseline_v1
FT-T003916,No,0.4089,2026-09-21T16:42:19.353279+00:00,baseline_v1
FT-T003917,No,0.3319,2026-09-21T16:42:19.353279+00:00,baseline_v1
FT-T003918,No,0.3134,2026-09-21T16:42:19.353279+00:00,baseline_v1
FT-T003919,Yes,0.6289,2026-09-21T16:42:19.353279+00:00,baseline_v1
FT-T003920,Yes,0.6918,2026-09-21T16:42:19.353279+00:00,baseline_v1
FT-T003921,Yes,0.55,2026-09-21T16:42:19.353279+00:00,baseline_v1
FT-T003922,Yes,0.6078,2026-09-21T16:42:19.353279+00:00,baseline_v1
FT-T003923,Yes,0.5793,2026-09-21T16:42:19.353279+00:00,baseline_v1
FT-T003924,No,0.4589,2026-09-21T16:42:19.353279+00:00,baseline_v1
FT-T003925,Yes,0.6572,2026-09-21T16:42:19.353279+00:00,baseline_v1
FT-T003926,No,0.3608,2026-09-21T16:42:19.353279+00:00,baseline_v1
FT-T003927,Yes,0.6744,2026-09-21T16:42:19.353279+00:00,baseline_v1
FT-T003928,No,0.3268,2026-09-21T16:42:19.353279+00:00,baseline_v1
FT-T003929,No,0.3177,2026-09-21T16:42:19.353279+00:00,baseline_v1
FT-T003930,Yes,0.7437,2026-09-21T16:42:19.353279+00:00,baseline_v1
FT-T003931,No,0.2934,2026-09-21T16:42:19.353279+00:00,baseline_v1
FT-T003932,Yes,0.7469,2026-09-21T16:42:19.353279+00:00,baseline_v1
FT-T003933,No,0.3491,2026-09-21T16:42:19.353279+00:00,baseline_v1
FT-T003934,Yes,0.7041,2026-09-21T16:42:19.353279+00:00,baseline_v1
FT-T003935,No,0.3738,2026-09-21T16:42:19.353279+00:00,baseline_v1
FT-T003936,No,0.333,2026-09-21T16:42:19.353279+00:00,baseline_v1
FT-T003937,Yes,0.6896,2026-09-21T16:42:19.353279+00:00,baseline_v1
FT-T003938,No,0.357,2026-09-21T16:42:19.353279+00:00,baseline_v1
FT-T003939,Yes,0.7529,2026-09-21T16:42:19.353279+00:00,baseline_v1
FT-T003940,No,0.3452,2026-09-21T16:42:19.353279+00:00,baseline_v1
FT-T003941,Yes,0.5186,2026-09-21T16:42:19.353279+00:00,baseline_v1
FT-T003942,No,0.3746,2026-09-21T16:42:19.353279+00:00,baseline_v1
FT-T003943,Yes,0.5306,2026-09-21T16:42:19.353279+00:00,baseline_v1
FT-T003944,Yes,0.5438,2026-09-21T16:42:19.353279+00:00,baseline_v1
FT-T003945,Yes,0.5992,2026-09-21T16:42:19.353279+00:00,baseline_v1
FT-T003946,Yes,0.5779,2026-09-21T16:42:19.353279+00:00,baseline_v1
FT-T003947,No,0.4784,2026-09-21T16:42:19.353279+00:00,baseline_v1
FT-T003948,No,0.3438,2026-09-21T16:42:19.353279+00:00,baseline_v1
FT-T003949,Yes,0.6187,2026-09-21T16:42:19.353279+00:00,baseline_v1
FT-T003950,No,0.3591,2026-09-21T16:42:19.353279+00:00,baseline_v1
FT-T003951,Yes,0.5496,2026-09-21T16:42:19.353279+00:00,baseline_v1
FT-T003952,No,0.2907,2026-09-21T16:42:19.353279+00:00,baseline_v1
FT-T003953,Yes,0.5591,2026-09-21T16:42:19.353279+00:00,baseline_v1
FT-T003954,No,0.3147,2026-09-21T16:42:19.353279+00:00,baseline_v1
FT-T003955,Yes,0.5202,2026-09-21T16:42:19.353279+00:00,baseline_v1
FT-T003956,No,0.3054,2026-09-21T16:42:19.353279+00:00,baseline_v1
FT-T003957,No,0.2424,2026-09-21T16:42:19.353279+00:00,baseline_v1
FT-T003958,No,0.498,2026-09-21T16:42:19.353279+00:00,baseline_v1
FT-T003959,No,0.2895,2026-09-21T16:42:19.353279+00:00,baseline_v1
FT-T003960,No,0.3121,2026-09-21T16:42:19.353279+00:00,baseline_v1
FT-T003961,No,0.4573,2026-09-21T16:42:19.353279+00:00,baseline_v1
FT-T003962,No,0.4878,2026-09-21T16:42:19.353279+00:00,baseline_v1
FT-T003963,Yes,0.5782,2026-09-21T16:42:19.353279+00:00,baseline_v1
FT-T003964,No,0.3972,2026-09-21T16:42:19.353279+00:00,baseline_v1
FT-T003965,Yes,0.7074,2026-09-21T16:42:19.353279+00:00,baseline_v1
FT-T003966,Yes,0.7377,2026-09-21T16:42:19.353279+00:00,baseline_v1
FT-T003967,No,0.4922,2026-09-21T16:42:19.353279+00:00,baseline_v1
FT-T003968,No,0.2568,2026-09-21T16:42:19.353279+00:00,baseline_v1
FT-T003969,No,0.4934,2026-09-21T16:42:19.353279+00:00,baseline_v1
FT-T003970,No,0.3649,2026-09-21T16:42:19.353279+00:00,baseline_v1
FT-T003971,No,0.3127,2026-09-21T16:42:19.353279+00:00,baseline_v1
FT-T003972,Yes,0.5139,2026-09-21T16:42:19.353279+00:00,baseline_v1
FT-T003973,Yes,0.8083,2026-09-21T16:42:19.353279+00:00,baseline_v1
FT-T003974,No,0.4817,2026-09-21T16:42:19.353279+00:00,baseline_v1
FT-T003975,No,0.2636,2026-09-21T16:42:19.353279+00:00,baseline_v1
FT-T003976,No,0.4302,2026-09-21T16:42:19.353279+00:00,baseline_v1
FT-T003977,No,0.4596,2026-09-21T16:42:19.353279+00:00,baseline_v1
FT-T003978,No,0.47,2026-09-21T16:42:19.353279+00:00,baseline_v1
FT-T003979,No,0.343,2026-09-21T16:42:19.353279+00:00,baseline_v1
FT-T003980,No,0.4686,2026-09-21T16:42:19.353279+00:00,baseline_v1
FT-T003981,No,0.2515,2026-09-21T16:42:19.353279+00:00,baseline_v1
FT-T003982,No,0.3067,2026-09-21T16:42:19.353279+00:00,baseline_v1
FT-T003983,No,0.4047,2026-09-21T16:42:19.353279+00:00,baseline_v1
FT-T003984,No,0.3155,2026-09-21T16:42:19.353279+00:00,baseline_v1
FT-T003985,No,0.4521,2026-09-21T16:42:19.353279+00:00,baseline_v1
FT-T003986,No,0.2091,2026-09-21T16:42:19.353279+00:00,baseline_v1
FT-T003987,Yes,0.5472,2026-09-21T16:42:19.353279+00:00,baseline_v1
FT-T003988,Yes,0.6084,2026-09-21T16:42:19.353279+00:00,baseline_v1
FT-T003989,No,0.2592,2026-09-21T16:42:19.353279+00:00,baseline_v1
FT-T003990,No,0.2296,2026-09-21T16:42:19.353279+00:00,baseline_v1
FT-T003991,No,0.2189,2026-09-21T16:42:19.353279+00:00,baseline_v1
FT-T003992,No,0.2896,2026-09-21T16:42:19.353279+00:00,baseline_v1
FT-T003993,No,0.2177,2026-09-21T16:42:19.353279+00:00,baseline_v1
FT-T003994,No,0.4292,2026-09-21T16:42:19.353279+00:00,baseline_v1
FT-T003995,No,0.2333,2026-09-21T16:42:19.353279+00:00,baseline_v1
FT-T003996,No,0.4185,2026-09-21T16:42:19.353279+00:00,baseline_v1
FT-T003997,No,0.4564,2026-09-21T16:42:19.353279+00:00,baseline_v1
FT-T003998,Yes,0.6533,2026-09-21T16:42:19.353279+00:00,baseline_v1
FT-T003999,No,0.1949,2026-09-21T16:42:19.353279+00:00,baseline_v1
FT-T004000,No,0.4329,2026-09-21T16:42:19.353279+00:00,baseline_v1
FT-T004001,Yes,0.7127,2026-09-21T16:42:19.353279+00:00,baseline_v1
FT-T004002,Yes,0.5053,2026-09-21T16:42:19.353279+00:00,baseline_v1
FT-T004003,Yes,0.8506,2026-09-21T16:42:19.353279+00:00,baseline_v1
FT-T004004,Yes,0.6102,2026-09-21T16:42:19.353279+00:00,baseline_v1
FT-T004005,No,0.4338,2026-09-21T16:42:19.353279+00:00,baseline_v1
FT-T004006,Yes,0.6955,2026-09-21T16:42:19.353279+00:00,baseline_v1
FT-T004007,Yes,0.7131,2026-09-21T16:42:19.353279+00:00,baseline_v1
FT-T004008,No,0.4617,2026-09-21T16:42:19.353279+00:00,baseline_v1
FT-T004009,Yes,0.8028,2026-09-21T16:42:19.353279+00:00,baseline_v1
FT-T004010,Yes,0.5032,2026-09-21T16:42:19.353279+00:00,baseline_v1
FT-T004011,No,0.4972,2026-09-21T16:42:19.353279+00:00,baseline_v1
FT-T004012,Yes,0.5386,2026-09-21T16:42:19.353279+00:00,baseline_v1
FT-T004013,No,0.4175,2026-09-21T16:42:19.353279+00:00,baseline_v1
FT-T004014,No,0.4653,2026-09-21T16:42:19.353279+00:00,baseline_v1
FT-T004015,Yes,0.8284,2026-09-21T16:42:19.353279+00:00,baseline_v1
FT-T004016,No,0.4141,2026-09-21T16:42:19.353279+00:00,baseline_v1
FT-T004017,No,0.4676,2026-09-21T16:42:19.353279+00:00,baseline_v1
FT-T004018,No,0.471,2026-09-21T16:42:19.353279+00:00,baseline_v1
FT-T004019,No,0.3811,2026-09-21T16:42:19.353279+00:00,baseline_v1
FT-T004020,No,0.4886,2026-09-21T16:42:19.353279+00:00,baseline_v1
FT-T004021,Yes,0.5295,2026-09-21T16:42:19.353279+00:00,baseline_v1
FT-T004022,No,0.4193,2026-09-21T16:42:19.353279+00:00,baseline_v1
FT-T004023,Yes,0.6537,2026-09-21T16:42:19.353279+00:00,baseline_v1
FT-T004024,Yes,0.7287,2026-09-21T16:42:19.353279+00:00,baseline_v1
FT-T004025,Yes,0.8175,2026-09-21T16:42:19.353279+00:00,baseline_v1
FT-T004026,No,0.3646,2026-09-21T16:42:19.353279+00:00,baseline_v1
FT-T004027,No,0.3966,2026-09-21T16:42:19.353279+00:00,baseline_v1
FT-T004028,Yes,0.5362,2026-09-21T16:42:19.353279+00:00,baseline_v1
FT-T004029,No,0.3459,2026-09-21T16:42:19.353279+00:00,baseline_v1
FT-T004030,Yes,0.5782,2026-09-21T16:42:19.353279+00:00,baseline_v1
FT-T004031,Yes,0.6406,2026-09-21T16:42:19.353279+00:00,baseline_v1
FT-T004032,No,0.455,2026-09-21T16:42:19.353279+00:00,baseline_v1
FT-T004033,Yes,0.6182,2026-09-21T16:42:19.353279+00:00,baseline_v1
FT-T004034,Yes,0.6101,2026-09-21T16:42:19.353279+00:00,baseline_v1
FT-T004035,No,0.3686,2026-09-21T16:42:19.353279+00:00,baseline_v1
FT-T004036,No,0.4107,2026-09-21T16:42:19.353279+00:00,baseline_v1
FT-T004037,Yes,0.8292,2026-09-21T16:42:19.353279+00:00,baseline_v1
FT-T004038,No,0.303,2026-09-21T16:42:19.353279+00:00,baseline_v1
FT-T004039,No,0.4109,2026-09-21T16:42:19.353279+00:00,baseline_v1
FT-T004040,Yes,0.6122,2026-09-21T16:42:19.353279+00:00,baseline_v1
FT-T004041,Yes,0.7475,2026-09-21T16:42:19.353279+00:00,baseline_v1
FT-T004042,No,0.4427,2026-09-21T16:42:19.353279+00:00,baseline_v1
FT-T004043,Yes,0.5741,2026-09-21T16:42:19.353279+00:00,baseline_v1
FT-T004044,No,0.4524,2026-09-21T16:42:19.353279+00:00,baseline_v1
FT-T004045,Yes,0.6792,2026-09-21T16:42:19.353279+00:00,baseline_v1
FT-T004046,No,0.4775,2026-09-21T16:42:19.353279+00:00,baseline_v1
FT-T004047,No,0.4124,2026-09-21T16:42:19.353279+00:00,baseline_v1
FT-T004048,Yes,0.5727,2026-09-21T16:42:19.353279+00:00,baseline_v1
FT-T004049,Yes,0.5986,2026-09-21T16:42:19.353279+00:00,baseline_v1
FT-T004050,Yes,0.738,2026-09-21T16:42:19.353279+00:00,baseline_v1
FT-T004051,Yes,0.5641,2026-09-21T16:42:19.353279+00:00,baseline_v1
FT-T004052,Yes,0.5436,2026-09-21T16:42:19.353279+00:00,baseline_v1
FT-T004053,No,0.3398,2026-09-21T16:42:19.353279+00:00,baseline_v1
FT-T004054,Yes,0.5818,2026-09-21T16:42:19.353279+00:00,baseline_v1
FT-T004055,Yes,0.5798,2026-09-21T16:42:19.353279+00:00,baseline_v1
FT-T004056,Yes,0.6642,2026-09-21T16:42:19.353279+00:00,baseline_v1
FT-T004057,No,0.3825,2026-09-21T16:42:19.353279+00:00,baseline_v1
FT-T004058,No,0.3552,2026-09-21T16:42:19.353279+00:00,baseline_v1
FT-T004059,No,0.4128,2026-09-21T16:42:19.353279+00:00,baseline_v1
FT-T004060,No,0.4223,2026-09-21T16:42:19.353279+00:00,baseline_v1
FT-T004061,No,0.3391,2026-09-21T16:42:19.353279+00:00,baseline_v1
FT-T004062,Yes,0.5207,2026-09-21T16:42:19.353279+00:00,baseline_v1
FT-T004063,No,0.4836,2026-09-21T16:42:19.353279+00:00,baseline_v1
FT-T004064,Yes,0.6199,2026-09-21T16:42:19.353279+00:00,baseline_v1
FT-T004065,No,0.4559,2026-09-21T16:42:19.353279+00:00,baseline_v1
FT-T004066,No,0.2937,2026-09-21T16:42:19.353279+00:00,baseline_v1
FT-T004067,Yes,0.5571,2026-09-21T16:42:19.353279+00:00,baseline_v1
FT-T004068,No,0.2807,2026-09-21T16:42:19.353279+00:00,baseline_v1
FT-T004069,No,0.3377,2026-09-21T16:42:19.353279+00:00,baseline_v1
FT-T004070,Yes,0.5877,2026-09-21T16:42:19.353279+00:00,baseline_v1
FT-T004071,No,0.3694,2026-09-21T16:42:19.353279+00:00,baseline_v1
FT-T004072,Yes,0.7438,2026-09-21T16:42:19.353279+00:00,baseline_v1
FT-T004073,Yes,0.6374,2026-09-21T16:42:19.353279+00:00,baseline_v1
FT-T004074,Yes,0.5704,2026-09-21T16:42:19.353279+00:00,baseline_v1
FT-T004075,No,0.3443,2026-09-21T16:42:19.353279+00:00,baseline_v1
FT-T004076,No,0.479,2026-09-21T16:42:19.353279+00:00,baseline_v1
FT-T004077,Yes,0.5567,2026-09-21T16:42:19.353279+00:00,baseline_v1
FT-T004078,Yes,0.6367,2026-09-21T16:42:19.353279+00:00,baseline_v1
FT-T004079,No,0.3963,2026-09-21T16:42:19.353279+00:00,baseline_v1
FT-T004080,Yes,0.6622,2026-09-21T16:42:19.353279+00:00,baseline_v1
FT-T004081,Yes,0.6458,2026-09-21T16:42:19.353279+00:00,baseline_v1
FT-T004082,Yes,0.744,2026-09-21T16:42:19.353279+00:00,baseline_v1
FT-T004083,No,0.4589,2026-09-21T16:42:19.353279+00:00,baseline_v1
FT-T004084,Yes,0.6434,2026-09-21T16:42:19.353279+00:00,baseline_v1
FT-T004085,No,0.4577,2026-09-21T16:42:19.353279+00:00,baseline_v1
FT-T004086,No,0.2338,2026-09-21T16:42:19.353279+00:00,baseline_v1
FT-T004087,No,0.3763,2026-09-21T16:42:19.353279+00:00,baseline_v1
FT-T004088,Yes,0.557,2026-09-21T16:42:19.353279+00:00,baseline_v1
FT-T004089,Yes,0.5641,2026-09-21T16:42:19.353279+00:00,baseline_v1
FT-T004090,No,0.4781,2026-09-21T16:42:19.353279+00:00,baseline_v1
FT-T004091,Yes,0.5314,2026-09-21T16:42:19.353279+00:00,baseline_v1
FT-T004092,Yes,0.7423,2026-09-21T16:42:19.353279+00:00,baseline_v1
FT-T004093,No,0.3709,2026-09-21T16:42:19.353279+00:00,baseline_v1
FT-T004094,No,0.3219,2026-09-21T16:42:19.353279+00:00,baseline_v1
FT-T004095,Yes,0.5007,2026-09-21T16:42:19.353279+00:00,baseline_v1
FT-T004096,Yes,0.5298,2026-09-21T16:42:19.353279+00:00,baseline_v1
FT-T004097,No,0.2437,2026-09-21T16:42:19.353279+00:00,baseline_v1
FT-T004098,Yes,0.5657,2026-09-21T16:42:19.353279+00:00,baseline_v1
FT-T004099,No,0.4795,2026-09-21T16:42:19.353279+00:00,baseline_v1
FT-T004100,No,0.2557,2026-09-21T16:42:19.353279+00:00,baseline_v1
FT-T004101,Yes,0.6258,2026-09-21T16:42:19.353279+00:00,baseline_v1
FT-T004102,Yes,0.5253,2026-09-21T16:42:19.353279+00:00,baseline_v1
FT-T004103,No,0.2358,2026-09-21T16:42:19.353279+00:00,baseline_v1
FT-T004104,No,0.2378,2026-09-21T16:42:19.353279+00:00,baseline_v1
FT-T004105,No,0.3206,2026-09-21T16:42:19.353279+00:00,baseline_v1
FT-T004106,No,0.2577,2026-09-21T16:42:19.353279+00:00,baseline_v1
FT-T004107,No,0.3404,2026-09-21T16:42:19.353279+00:00,baseline_v1
FT-T004108,Yes,0.547,2026-09-21T16:42:19.353279+00:00,baseline_v1
FT-T004109,No,0.275,2026-09-21T16:42:19.353279+00:00,baseline_v1
FT-T004110,No,0.4761,2026-09-21T16:42:19.353279+00:00,baseline_v1
FT-T004111,No,0.423,2026-09-21T16:42:19.353279+00:00,baseline_v1
FT-T004112,No,0.3162,2026-09-21T16:42:19.353279+00:00,baseline_v1
FT-T004113,No,0.2373,2026-09-21T16:42:19.353279+00:00,baseline_v1
FT-T004114,No,0.3779,2026-09-21T16:42:19.353279+00:00,baseline_v1
FT-T004115,No,0.4084,2026-09-21T16:42:19.353279+00:00,baseline_v1
FT-T004116,No,0.2991,2026-09-21T16:42:19.353279+00:00,baseline_v1
FT-T004117,No,0.3817,2026-09-21T16:42:19.353279+00:00,baseline_v1
FT-T004118,No,0.2416,2026-09-21T16:42:19.353279+00:00,baseline_v1
FT-T004119,Yes,0.5164,2026-09-21T16:42:19.353279+00:00,baseline_v1
FT-T004120,No,0.31,2026-09-21T16:42:19.353279+00:00,baseline_v1
FT-T004121,No,0.4647,2026-09-21T16:42:19.353279+00:00,baseline_v1
FT-T004122,No,0.3537,2026-09-21T16:42:19.353279+00:00,baseline_v1
FT-T004123,No,0.267,2026-09-21T16:42:19.353279+00:00,baseline_v1
FT-T004124,No,0.3752,2026-09-21T16:42:19.353279+00:00,baseline_v1
FT-T004125,No,0.2257,2026-09-21T16:42:19.353279+00:00,baseline_v1
FT-T004126,No,0.2496,2026-09-21T16:42:19.353279+00:00,baseline_v1
FT-T004127,Yes,0.5183,2026-09-21T16:42:19.353279+00:00,baseline_v1
FT-T004128,No,0.3309,2026-09-21T16:42:19.353279+00:00,baseline_v1
FT-T004129,No,0.278,2026-09-21T16:42:19.353279+00:00,baseline_v1
FT-T004130,No,0.4474,2026-09-21T16:42:19.353279+00:00,baseline_v1
FT-T004131,Yes,0.5029,2026-09-21T16:42:19.353279+00:00,baseline_v1
FT-T004132,No,0.3762,2026-09-21T16:42:19.353279+00:00,baseline_v1
FT-T004133,No,0.2398,2026-09-21T16:42:19.353279+00:00,baseline_v1
FT-T004134,Yes,0.6418,2026-09-21T16:42:19.353279+00:00,baseline_v1
FT-T004135,No,0.3627,2026-09-21T16:42:19.353279+00:00,baseline_v1
FT-T004136,Yes,0.7359,2026-09-21T16:42:19.353279+00:00,baseline_v1
FT-T004137,Yes,0.7866,2026-09-21T16:42:19.353279+00:00,baseline_v1
FT-T004138,Yes,0.6985,2026-09-21T16:42:19.353279+00:00,baseline_v1
FT-T004139,Yes,0.6851,2026-09-21T16:42:19.353279+00:00,baseline_v1
FT-T004140,Yes,0.7864,2026-09-21T16:42:19.353279+00:00,baseline_v1
FT-T004141,Yes,0.6976,2026-09-21T16:42:19.353279+00:00,baseline_v1
FT-T004142,Yes,0.7233,2026-09-21T16:42:19.353279+00:00,baseline_v1
FT-T004143,Yes,0.8592,2026-09-21T16:42:19.353279+00:00,baseline_v1
FT-T004144,Yes,0.5158,2026-09-21T16:42:19.353279+00:00,baseline_v1
FT-T004145,Yes,0.7538,2026-09-21T16:42:19.353279+00:00,baseline_v1
FT-T004146,No,0.4886,2026-09-21T16:42:19.353279+00:00,baseline_v1
FT-T004147,Yes,0.5833,2026-09-21T16:42:19.353279+00:00,baseline_v1
FT-T004148,No,0.4948,2026-09-21T16:42:19.353279+00:00,baseline_v1
FT-T004149,Yes,0.6626,2026-09-21T16:42:19.353279+00:00,baseline_v1
FT-T004150,Yes,0.7753,2026-09-21T16:42:19.353279+00:00,baseline_v1
FT-T004151,No,0.4047,2026-09-21T16:42:19.353279+00:00,baseline_v1
FT-T004152,Yes,0.6735,2026-09-21T16:42:19.353279+00:00,baseline_v1
FT-T004153,No,0.4533,2026-09-21T16:42:19.353279+00:00,baseline_v1
FT-T004154,No,0.4789,2026-09-21T16:42:19.353279+00:00,baseline_v1
FT-T004155,No,0.4953,2026-09-21T16:42:19.353279+00:00,baseline_v1
FT-T004156,Yes,0.5493,2026-09-21T16:42:19.353279+00:00,baseline_v1
FT-T004157,No,0.4269,2026-09-21T16:42:19.353279+00:00,baseline_v1
FT-T004158,No,0.4038,2026-09-21T16:42:19.353279+00:00,baseline_v1
FT-T004159,No,0.3836,2026-09-21T16:42:19.353279+00:00,baseline_v1
FT-T004160,Yes,0.6844,2026-09-21T16:42:19.353279+00:00,baseline_v1
FT-T004161,No,0.4027,2026-09-21T16:42:19.353279+00:00,baseline_v1
FT-T004162,No,0.4088,2026-09-21T16:42:19.353279+00:00,baseline_v1
FT-T004163,Yes,0.5565,2026-09-21T16:42:19.353279+00:00,baseline_v1
FT-T004164,No,0.3789,2026-09-21T16:42:19.353279+00:00,baseline_v1
FT-T004165,Yes,0.6928,2026-09-21T16:42:19.353279+00:00,baseline_v1
FT-T004166,Yes,0.8038,2026-09-21T16:42:19.353279+00:00,baseline_v1
FT-T004167,Yes,0.6215,2026-09-21T16:42:19.353279+00:00,baseline_v1
FT-T004168,No,0.3235,2026-09-21T16:42:19.353279+00:00,baseline_v1
FT-T004169,No,0.3313,2026-09-21T16:42:19.353279+00:00,baseline_v1
FT-T004170,No,0.3701,2026-09-21T16:42:19.353279+00:00,baseline_v1
FT-T004171,Yes,0.6736,2026-09-21T16:42:19.353279+00:00,baseline_v1
FT-T004172,Yes,0.8173,2026-09-21T16:42:19.353279+00:00,baseline_v1
FT-T004173,Yes,0.8436,2026-09-21T16:42:19.353279+00:00,baseline_v1
FT-T004174,Yes,0.6311,2026-09-21T16:42:19.353279+00:00,baseline_v1
FT-T004175,Yes,0.5483,2026-09-21T16:42:19.353279+00:00,baseline_v1
FT-T004176,Yes,0.5547,2026-09-21T16:42:19.353279+00:00,baseline_v1
FT-T004177,Yes,0.6744,2026-09-21T16:42:19.353279+00:00,baseline_v1
FT-T004178,No,0.392,2026-09-21T16:42:19.353279+00:00,baseline_v1
FT-T004179,No,0.4345,2026-09-21T16:42:19.353279+00:00,baseline_v1
FT-T004180,No,0.405,2026-09-21T16:42:19.353279+00:00,baseline_v1
FT-T004181,No,0.3316,2026-09-21T16:42:19.353279+00:00,baseline_v1
FT-T004182,No,0.3995,2026-09-21T16:42:19.353279+00:00,baseline_v1
FT-T004183,Yes,0.6295,2026-09-21T16:42:19.353279+00:00,baseline_v1
FT-T004184,No,0.4121,2026-09-21T16:42:19.353279+00:00,baseline_v1
FT-T004185,No,0.3488,2026-09-21T16:42:19.353279+00:00,baseline_v1
FT-T004186,No,0.3311,2026-09-21T16:42:19.353279+00:00,baseline_v1
FT-T004187,Yes,0.6703,2026-09-21T16:42:19.353279+00:00,baseline_v1
FT-T004188,No,0.4254,2026-09-21T16:42:19.353279+00:00,baseline_v1
FT-T004189,Yes,0.5127,2026-09-21T16:42:19.353279+00:00,baseline_v1
FT-T004190,Yes,0.5481,2026-09-21T16:42:19.353279+00:00,baseline_v1
FT-T004191,No,0.427,2026-09-21T16:42:19.353279+00:00,baseline_v1
FT-T004192,Yes,0.5427,2026-09-21T16:42:19.353279+00:00,baseline_v1
FT-T004193,Yes,0.5546,2026-09-21T16:42:19.353279+00:00,baseline_v1
FT-T004194,Yes,0.5101,2026-09-21T16:42:19.353279+00:00,baseline_v1
FT-T004195,No,0.3641,2026-09-21T16:42:19.353279+00:00,baseline_v1
FT-T004196,Yes,0.52,2026-09-21T16:42:19.353279+00:00,baseline_v1
FT-T004197,No,0.3789,2026-09-21T16:42:19.353279+00:00,baseline_v1
FT-T004198,Yes,0.6319,2026-09-21T16:42:19.353279+00:00,baseline_v1
FT-T004199,No,0.2501,2026-09-21T16:42:19.353279+00:00,baseline_v1
FT-T004200,No,0.3865,2026-09-21T16:42:19.353279+00:00,baseline_v1
FT-T004201,Yes,0.5678,2026-09-21T16:42:19.353279+00:00,baseline_v1
FT-T004202,Yes,0.5764,2026-09-21T16:42:19.353279+00:00,baseline_v1
FT-T004203,No,0.3305,2026-09-21T16:42:19.353279+00:00,baseline_v1
FT-T004204,No,0.3536,2026-09-21T16:42:19.353279+00:00,baseline_v1
FT-T004205,No,0.3356,2026-09-21T16:42:19.353279+00:00,baseline_v1
FT-T004206,No,0.3411,2026-09-21T16:42:19.353279+00:00,baseline_v1
FT-T004207,No,0.3449,2026-09-21T16:42:19.353279+00:00,baseline_v1
FT-T004208,No,0.3105,2026-09-21T16:42:19.353279+00:00,baseline_v1
FT-T004209,No,0.4947,2026-09-21T16:42:19.353279+00:00,baseline_v1
FT-T004210,Yes,0.5916,2026-09-21T16:42:19.353279+00:00,baseline_v1
FT-T004211,Yes,0.5314,2026-09-21T16:42:19.353279+00:00,baseline_v1
FT-T004212,No,0.3322,2026-09-21T16:42:19.353279+00:00,baseline_v1
FT-T004213,Yes,0.5093,2026-09-21T16:42:19.353279+00:00,baseline_v1
FT-T004214,No,0.3937,2026-09-21T16:42:19.353279+00:00,baseline_v1
FT-T004215,Yes,0.6622,2026-09-21T16:42:19.353279+00:00,baseline_v1
FT-T004216,Yes,0.525,2026-09-21T16:42:19.353279+00:00,baseline_v1
FT-T004217,Yes,0.7911,2026-09-21T16:42:19.353279+00:00,baseline_v1
FT-T004218,No,0.2851,2026-09-21T16:42:19.353279+00:00,baseline_v1
FT-T004219,No,0.4105,2026-09-21T16:42:19.353279+00:00,baseline_v1
FT-T004220,No,0.3864,2026-09-21T16:42:19.353279+00:00,baseline_v1
FT-T004221,Yes,0.5568,2026-09-21T16:42:19.353279+00:00,baseline_v1
FT-T004222,No,0.2554,2026-09-21T16:42:19.353279+00:00,baseline_v1
FT-T004223,No,0.4001,2026-09-21T16:42:19.353279+00:00,baseline_v1
FT-T004224,Yes,0.5527,2026-09-21T16:42:19.353279+00:00,baseline_v1
FT-T004225,No,0.4051,2026-09-21T16:42:19.353279+00:00,baseline_v1
FT-T004226,No,0.2565,2026-09-21T16:42:19.353279+00:00,baseline_v1
FT-T004227,No,0.2601,2026-09-21T16:42:19.353279+00:00,baseline_v1
FT-T004228,No,0.313,2026-09-21T16:42:19.353279+00:00,baseline_v1
FT-T004229,No,0.3502,2026-09-21T16:42:19.353279+00:00,baseline_v1
FT-T004230,Yes,0.7106,2026-09-21T16:42:19.353279+00:00,baseline_v1
FT-T004231,Yes,0.5037,2026-09-21T16:42:19.353279+00:00,baseline_v1
FT-T004232,Yes,0.5433,2026-09-21T16:42:19.353279+00:00,baseline_v1
FT-T004233,Yes,0.5505,2026-09-21T16:42:19.353279+00:00,baseline_v1
FT-T004234,No,0.3433,2026-09-21T16:42:19.353279+00:00,baseline_v1
FT-T004235,Yes,0.6941,2026-09-21T16:42:19.353279+00:00,baseline_v1
FT-T004236,No,0.2472,2026-09-21T16:42:19.353279+00:00,baseline_v1
FT-T004237,Yes,0.5734,2026-09-21T16:42:19.353279+00:00,baseline_v1
FT-T004238,No,0.4881,2026-09-21T16:42:19.353279+00:00,baseline_v1
FT-T004239,No,0.3228,2026-09-21T16:42:19.353279+00:00,baseline_v1
FT-T004240,No,0.3868,2026-09-21T16:42:19.353279+00:00,baseline_v1
FT-T004241,No,0.3138,2026-09-21T16:42:19.353279+00:00,baseline_v1
FT-T004242,No,0.2177,2026-09-21T16:42:19.353279+00:00,baseline_v1
FT-T004243,No,0.4435,2026-09-21T16:42:19.353279+00:00,baseline_v1
FT-T004244,No,0.3118,2026-09-21T16:42:19.353279+00:00,baseline_v1
FT-T004245,Yes,0.5302,2026-09-21T16:42:19.353279+00:00,baseline_v1
FT-T004246,No,0.2356,2026-09-21T16:42:19.353279+00:00,baseline_v1
FT-T004247,No,0.315,2026-09-21T16:42:19.353279+00:00,baseline_v1
FT-T004248,No,0.3015,2026-09-21T16:42:19.353279+00:00,baseline_v1
FT-T004249,No,0.403,2026-09-21T16:42:19.353279+00:00,baseline_v1
FT-T004250,No,0.3043,2026-09-21T16:42:19.353279+00:00,baseline_v1
FT-T004251,No,0.4773,2026-09-21T16:42:19.353279+00:00,baseline_v1
FT-T004252,No,0.2546,2026-09-21T16:42:19.353279+00:00,baseline_v1
FT-T004253,Yes,0.6915,2026-09-21T16:42:19.353279+00:00,baseline_v1
FT-T004254,No,0.4059,2026-09-21T16:42:19.353279+00:00,baseline_v1
FT-T004255,Yes,0.5825,2026-09-21T16:42:19.353279+00:00,baseline_v1
FT-T004256,No,0.3738,2026-09-21T16:42:19.353279+00:00,baseline_v1
FT-T004257,No,0.2718,2026-09-21T16:42:19.353279+00:00,baseline_v1
FT-T004258,No,0.2552,2026-09-21T16:42:19.353279+00:00,baseline_v1
FT-T004259,No,0.3163,2026-09-21T16:42:19.353279+00:00,baseline_v1
FT-T004260,No,0.2734,2026-09-21T16:42:19.353279+00:00,baseline_v1
FT-T004261,Yes,0.5237,2026-09-21T16:42:19.353279+00:00,baseline_v1
FT-T004262,No,0.4292,2026-09-21T16:42:19.353279+00:00,baseline_v1
FT-T004263,No,0.2286,2026-09-21T16:42:19.353279+00:00,baseline_v1
FT-T004264,No,0.4841,2026-09-21T16:42:19.353279+00:00,baseline_v1
FT-T004265,No,0.42,2026-09-21T16:42:19.353279+00:00,baseline_v1
FT-T004266,No,0.2444,2026-09-21T16:42:19.353279+00:00,baseline_v1
FT-T004267,No,0.402,2026-09-21T16:42:19.353279+00:00,baseline_v1
FT-T004268,No,0.4541,2026-09-21T16:42:19.353279+00:00,baseline_v1
FT-T004269,Yes,0.7501,2026-09-21T16:42:19.353279+00:00,baseline_v1
FT-T004270,Yes,0.7911,2026-09-21T16:42:19.353279+00:00,baseline_v1
FT-T004271,No,0.459,2026-09-21T16:42:19.353279+00:00,baseline_v1
FT-T004272,No,0.4605,2026-09-21T16:42:19.353279+00:00,baseline_v1
FT-T004273,No,0.386,2026-09-21T16:42:19.353279+00:00,baseline_v1
FT-T004274,Yes,0.5477,2026-09-21T16:42:19.353279+00:00,baseline_v1
FT-T004275,No,0.4762,2026-09-21T16:42:19.353279+00:00,baseline_v1
FT-T004276,No,0.4206,2026-09-21T16:42:19.353279+00:00,baseline_v1
FT-T004277,No,0.4147,2026-09-21T16:42:19.353279+00:00,baseline_v1
FT-T004278,No,0.4185,2026-09-21T16:42:19.353279+00:00,baseline_v1
FT-T004279,Yes,0.6733,2026-09-21T16:42:19.353279+00:00,baseline_v1
FT-T004280,Yes,0.6679,2026-09-21T16:42:19.353279+00:00,baseline_v1
FT-T004281,No,0.4183,2026-09-21T16:42:19.353279+00:00,baseline_v1
FT-T004282,Yes,0.6427,2026-09-21T16:42:19.353279+00:00,baseline_v1
FT-T004283,No,0.3133,2026-09-21T16:42:19.353279+00:00,baseline_v1
FT-T004284,Yes,0.6796,2026-09-21T16:42:19.353279+00:00,baseline_v1
FT-T004285,Yes,0.6234,2026-09-21T16:42:19.353279+00:00,baseline_v1
FT-T004286,No,0.4479,2026-09-21T16:42:19.353279+00:00,baseline_v1
FT-T004287,No,0.4117,2026-09-21T16:42:19.353279+00:00,baseline_v1
FT-T004288,No,0.4749,2026-09-21T16:42:19.353279+00:00,baseline_v1
FT-T004289,Yes,0.5768,2026-09-21T16:42:19.353279+00:00,baseline_v1
FT-T004290,No,0.3262,2026-09-21T16:42:19.353279+00:00,baseline_v1
FT-T004291,No,0.3821,2026-09-21T16:42:19.353279+00:00,baseline_v1
FT-T004292,Yes,0.6453,2026-09-21T16:42:19.353279+00:00,baseline_v1
FT-T004293,Yes,0.5911,2026-09-21T16:42:19.353279+00:00,baseline_v1
FT-T004294,Yes,0.7393,2026-09-21T16:42:19.353279+00:00,baseline_v1
FT-T004295,Yes,0.7295,2026-09-21T16:42:19.353279+00:00,baseline_v1
FT-T004296,No,0.4993,2026-09-21T16:42:19.353279+00:00,baseline_v1
FT-T004297,Yes,0.6823,2026-09-21T16:42:19.353279+00:00,baseline_v1
FT-T004298,Yes,0.8187,2026-09-21T16:42:19.353279+00:00,baseline_v1
FT-T004299,Yes,0.6181,2026-09-21T16:42:19.353279+00:00,baseline_v1
FT-T004300,Yes,0.6523,2026-09-21T16:42:19.353279+00:00,baseline_v1
FT-T004301,Yes,0.6293,2026-09-21T16:42:19.353279+00:00,baseline_v1
FT-T004302,No,0.4041,2026-09-21T16:42:19.353279+00:00,baseline_v1
FT-T004303,Yes,0.6833,2026-09-21T16:42:19.353279+00:00,baseline_v1
FT-T004304,No,0.4208,2026-09-21T16:42:19.353279+00:00,baseline_v1
FT-T004305,Yes,0.6594,2026-09-21T16:42:19.353279+00:00,baseline_v1
FT-T004306,No,0.3564,2026-09-21T16:42:19.353279+00:00,baseline_v1
FT-T004307,No,0.3588,2026-09-21T16:42:19.353279+00:00,baseline_v1
FT-T004308,Yes,0.5813,2026-09-21T16:42:19.353279+00:00,baseline_v1
FT-T004309,No,0.3559,2026-09-21T16:42:19.353279+00:00,baseline_v1
FT-T004310,No,0.3894,2026-09-21T16:42:19.353279+00:00,baseline_v1
FT-T004311,No,0.4237,2026-09-21T16:42:19.353279+00:00,baseline_v1
FT-T004312,Yes,0.5714,2026-09-21T16:42:19.353279+00:00,baseline_v1
FT-T004313,No,0.3316,2026-09-21T16:42:19.353279+00:00,baseline_v1
FT-T004314,No,0.3213,2026-09-21T16:42:19.353279+00:00,baseline_v1
FT-T004315,No,0.3702,2026-09-21T16:42:19.353279+00:00,baseline_v1
FT-T004316,Yes,0.6933,2026-09-21T16:42:19.353279+00:00,baseline_v1
FT-T004317,Yes,0.5488,2026-09-21T16:42:19.353279+00:00,baseline_v1
FT-T004318,No,0.4446,2026-09-21T16:42:19.353279+00:00,baseline_v1
FT-T004319,Yes,0.8126,2026-09-21T16:42:19.353279+00:00,baseline_v1
FT-T004320,No,0.4017,2026-09-21T16:42:19.353279+00:00,baseline_v1
FT-T004321,Yes,0.669,2026-09-21T16:42:19.353279+00:00,baseline_v1
FT-T004322,Yes,0.8095,2026-09-21T16:42:19.353279+00:00,baseline_v1
FT-T004323,Yes,0.6394,2026-09-21T16:42:19.353279+00:00,baseline_v1
FT-T004324,Yes,0.5159,2026-09-21T16:42:19.353279+00:00,baseline_v1
FT-T004325,Yes,0.5341,2026-09-21T16:42:19.353279+00:00,baseline_v1
FT-T004326,Yes,0.5398,2026-09-21T16:42:19.353279+00:00,baseline_v1
FT-T004327,No,0.3492,2026-09-21T16:42:19.353279+00:00,baseline_v1
FT-T004328,Yes,0.5463,2026-09-21T16:42:19.353279+00:00,baseline_v1
FT-T004329,No,0.2956,2026-09-21T16:42:19.353279+00:00,baseline_v1
FT-T004330,No,0.3818,2026-09-21T16:42:19.353279+00:00,baseline_v1
FT-T004331,Yes,0.6811,2026-09-21T16:42:19.353279+00:00,baseline_v1
FT-T004332,No,0.3225,2026-09-21T16:42:19.353279+00:00,baseline_v1
FT-T004333,Yes,0.7296,2026-09-21T16:42:19.353279+00:00,baseline_v1
FT-T004334,No,0.3463,2026-09-21T16:42:19.353279+00:00,baseline_v1
FT-T004335,No,0.4054,2026-09-21T16:42:19.353279+00:00,baseline_v1
FT-T004336,No,0.2989,2026-09-21T16:42:19.353279+00:00,baseline_v1
FT-T004337,No,0.3495,2026-09-21T16:42:19.353279+00:00,baseline_v1
FT-T004338,Yes,0.7077,2026-09-21T16:42:19.353279+00:00,baseline_v1
FT-T004339,No,0.3644,2026-09-21T16:42:19.353279+00:00,baseline_v1
FT-T004340,Yes,0.5978,2026-09-21T16:42:19.353279+00:00,baseline_v1
FT-T004341,Yes,0.5486,2026-09-21T16:42:19.353279+00:00,baseline_v1
FT-T004342,Yes,0.5445,2026-09-21T16:42:19.353279+00:00,baseline_v1
FT-T004343,No,0.2928,2026-09-21T16:42:19.353279+00:00,baseline_v1
FT-T004344,Yes,0.6482,2026-09-21T16:42:19.353279+00:00,baseline_v1
FT-T004345,No,0.2964,2026-09-21T16:42:19.353279+00:00,baseline_v1
FT-T004346,No,0.2746,2026-09-21T16:42:19.353279+00:00,baseline_v1
FT-T004347,No,0.4487,2026-09-21T16:42:19.353279+00:00,baseline_v1
FT-T004348,Yes,0.6674,2026-09-21T16:42:19.353279+00:00,baseline_v1
FT-T004349,No,0.3309,2026-09-21T16:42:19.353279+00:00,baseline_v1
FT-T004350,No,0.4842,2026-09-21T16:42:19.353279+00:00,baseline_v1
FT-T004351,No,0.3505,2026-09-21T16:42:19.353279+00:00,baseline_v1
FT-T004352,Yes,0.5082,2026-09-21T16:42:19.353279+00:00,baseline_v1
FT-T004353,Yes,0.6239,2026-09-21T16:42:19.353279+00:00,baseline_v1
FT-T004354,Yes,0.5315,2026-09-21T16:42:19.353279+00:00,baseline_v1
FT-T004355,No,0.3721,2026-09-21T16:42:19.353279+00:00,baseline_v1
FT-T004356,No,0.4729,2026-09-21T16:42:19.353279+00:00,baseline_v1
FT-T004357,No,0.2802,2026-09-21T16:42:19.353279+00:00,baseline_v1
FT-T004358,No,0.3111,2026-09-21T16:42:19.353279+00:00,baseline_v1
FT-T004359,Yes,0.7391,2026-09-21T16:42:19.353279+00:00,baseline_v1
FT-T004360,No,0.4108,2026-09-21T16:42:19.353279+00:00,baseline_v1
FT-T004361,No,0.4684,2026-09-21T16:42:19.353279+00:00,baseline_v1
FT-T004362,No,0.2233,2026-09-21T16:42:19.353279+00:00,baseline_v1
FT-T004363,No,0.2857,2026-09-21T16:42:19.353279+00:00,baseline_v1
FT-T004364,No,0.3488,2026-09-21T16:42:19.353279+00:00,baseline_v1
FT-T004365,No,0.448,2026-09-21T16:42:19.353279+00:00,baseline_v1
FT-T004366,No,0.3571,2026-09-21T16:42:19.353279+00:00,baseline_v1
FT-T004367,No,0.3124,2026-09-21T16:42:19.353279+00:00,baseline_v1
FT-T004368,Yes,0.5139,2026-09-21T16:42:19.353279+00:00,baseline_v1
FT-T004369,No,0.2741,2026-09-21T16:42:19.353279+00:00,baseline_v1
FT-T004370,No,0.2662,2026-09-21T16:42:19.353279+00:00,baseline_v1
FT-T004371,No,0.3588,2026-09-21T16:42:19.353279+00:00,baseline_v1
FT-T004372,Yes,0.5136,2026-09-21T16:42:19.353279+00:00,baseline_v1
FT-T004373,No,0.4769,2026-09-21T16:42:19.353279+00:00,baseline_v1
FT-T004374,Yes,0.584,2026-09-21T16:42:19.353279+00:00,baseline_v1
FT-T004375,No,0.2456,2026-09-21T16:42:19.353279+00:00,baseline_v1
FT-T004376,No,0.4564,2026-09-21T16:42:19.353279+00:00,baseline_v1
FT-T004377,No,0.37,2026-09-21T16:42:19.353279+00:00,baseline_v1
FT-T004378,No,0.2604,2026-09-21T16:42:19.353279+00:00,baseline_v1
FT-T004379,No,0.3822,2026-09-21T16:42:19.353279+00:00,baseline_v1
FT-T004380,No,0.4735,2026-09-21T16:42:19.353279+00:00,baseline_v1
FT-T004381,No,0.2423,2026-09-21T16:42:19.353279+00:00,baseline_v1
FT-T004382,Yes,0.5815,2026-09-21T16:42:19.353279+00:00,baseline_v1
FT-T004383,No,0.248,2026-09-21T16:42:19.353279+00:00,baseline_v1
FT-T004384,No,0.4198,2026-09-21T16:42:19.353279+00:00,baseline_v1
FT-T004385,Yes,0.6528,2026-09-21T16:42:19.353279+00:00,baseline_v1
FT-T004386,No,0.447,2026-09-21T16:42:19.353279+00:00,baseline_v1
FT-T004387,No,0.3064,2026-09-21T16:42:19.353279+00:00,baseline_v1
FT-T004388,No,0.2306,2026-09-21T16:42:19.353279+00:00,baseline_v1
FT-T004389,No,0.2548,2026-09-21T16:42:19.353279+00:00,baseline_v1
FT-T004390,No,0.4529,2026-09-21T16:42:19.353279+00:00,baseline_v1
FT-T004391,Yes,0.7527,2026-09-21T16:42:19.353279+00:00,baseline_v1
FT-T004392,No,0.4617,2026-09-21T16:42:19.353279+00:00,baseline_v1
FT-T004393,No,0.2494,2026-09-21T16:42:19.353279+00:00,baseline_v1
FT-T004394,Yes,0.6915,2026-09-21T16:42:19.353279+00:00,baseline_v1
FT-T004395,No,0.2871,2026-09-21T16:42:19.353279+00:00,baseline_v1
FT-T004396,No,0.2841,2026-09-21T16:42:19.353279+00:00,baseline_v1
FT-T004397,No,0.2443,2026-09-21T16:42:19.353279+00:00,baseline_v1
FT-T004398,No,0.1892,2026-09-21T16:42:19.353279+00:00,baseline_v1
FT-T004399,No,0.2343,2026-09-21T16:42:19.353279+00:00,baseline_v1
FT-T004400,No,0.2104,2026-09-21T16:42:19.353279+00:00,baseline_v1
FT-T004401,Yes,0.5713,2026-09-21T16:42:19.353279+00:00,baseline_v1
FT-T004402,Yes,0.7347,2026-09-21T16:42:19.353279+00:00,baseline_v1
FT-T004403,Yes,0.6193,2026-09-21T16:42:19.353279+00:00,baseline_v1
FT-T004404,Yes,0.548,2026-09-21T16:42:19.353279+00:00,baseline_v1
FT-T004405,Yes,0.7063,2026-09-21T16:42:19.353279+00:00,baseline_v1
FT-T004406,No,0.4056,2026-09-21T16:42:19.353279+00:00,baseline_v1
FT-T004407,No,0.4621,2026-09-21T16:42:19.353279+00:00,baseline_v1
FT-T004408,No,0.4436,2026-09-21T16:42:19.353279+00:00,baseline_v1
FT-T004409,Yes,0.7153,2026-09-21T16:42:19.353279+00:00,baseline_v1
FT-T004410,No,0.457,2026-09-21T16:42:19.353279+00:00,baseline_v1
FT-T004411,No,0.4709,2026-09-21T16:42:19.353279+00:00,baseline_v1
FT-T004412,No,0.4716,2026-09-21T16:42:19.353279+00:00,baseline_v1
FT-T004413,Yes,0.6239,2026-09-21T16:42:19.353279+00:00,baseline_v1
FT-T004414,Yes,0.6346,2026-09-21T16:42:19.353279+00:00,baseline_v1
FT-T004415,No,0.4744,2026-09-21T16:42:19.353279+00:00,baseline_v1
FT-T004416,Yes,0.5101,2026-09-21T16:42:19.353279+00:00,baseline_v1
FT-T004417,No,0.4324,2026-09-21T16:42:19.353279+00:00,baseline_v1
FT-T004418,Yes,0.7465,2026-09-21T16:42:19.353279+00:00,baseline_v1
FT-T004419,No,0.4606,2026-09-21T16:42:19.353279+00:00,baseline_v1
FT-T004420,Yes,0.6937,2026-09-21T16:42:19.353279+00:00,baseline_v1
FT-T004421,No,0.4135,2026-09-21T16:42:19.353279+00:00,baseline_v1
FT-T004422,Yes,0.5934,2026-09-21T16:42:19.353279+00:00,baseline_v1
FT-T004423,No,0.4109,2026-09-21T16:42:19.353279+00:00,baseline_v1
FT-T004424,No,0.3949,2026-09-21T16:42:19.353279+00:00,baseline_v1
FT-T004425,No,0.3775,2026-09-21T16:42:19.353279+00:00,baseline_v1
FT-T004426,Yes,0.5666,2026-09-21T16:42:19.353279+00:00,baseline_v1
FT-T004427,No,0.3855,2026-09-21T16:42:19.353279+00:00,baseline_v1
FT-T004428,Yes,0.6077,2026-09-21T16:42:19.353279+00:00,baseline_v1
FT-T004429,No,0.3818,2026-09-21T16:42:19.353279+00:00,baseline_v1
FT-T004430,No,0.3859,2026-09-21T16:42:19.353279+00:00,baseline_v1
FT-T004431,Yes,0.6019,2026-09-21T16:42:19.353279+00:00,baseline_v1
FT-T004432,Yes,0.6025,2026-09-21T16:42:19.353279+00:00,baseline_v1
FT-T004433,No,0.397,2026-09-21T16:42:19.353279+00:00,baseline_v1
FT-T004434,Yes,0.8331,2026-09-21T16:42:19.353279+00:00,baseline_v1
FT-T004435,No,0.4148,2026-09-21T16:42:19.353279+00:00,baseline_v1
FT-T004436,Yes,0.6518,2026-09-21T16:42:19.353279+00:00,baseline_v1
FT-T004437,No,0.4242,2026-09-21T16:42:19.353279+00:00,baseline_v1
FT-T004438,Yes,0.6093,2026-09-21T16:42:19.353279+00:00,baseline_v1
FT-T004439,Yes,0.7712,2026-09-21T16:42:19.353279+00:00,baseline_v1
FT-T004440,Yes,0.6161,2026-09-21T16:42:19.353279+00:00,baseline_v1
FT-T004441,No,0.4212,2026-09-21T16:42:19.353279+00:00,baseline_v1
FT-T004442,Yes,0.6121,2026-09-21T16:42:19.353279+00:00,baseline_v1
FT-T004443,Yes,0.6169,2026-09-21T16:42:19.353279+00:00,baseline_v1
FT-T004444,No,0.4103,2026-09-21T16:42:19.353279+00:00,baseline_v1
FT-T004445,Yes,0.6216,2026-09-21T16:42:19.353279+00:00,baseline_v1
FT-T004446,No,0.4777,2026-09-21T16:42:19.353279+00:00,baseline_v1
FT-T004447,Yes,0.6828,2026-09-21T16:42:19.353279+00:00,baseline_v1
FT-T004448,Yes,0.6654,2026-09-21T16:42:19.353279+00:00,baseline_v1
FT-T004449,Yes,0.5027,2026-09-21T16:42:19.353279+00:00,baseline_v1
FT-T004450,No,0.4476,2026-09-21T16:42:19.353279+00:00,baseline_v1
FT-T004451,No,0.2692,2026-09-21T16:42:19.353279+00:00,baseline_v1
FT-T004452,No,0.3446,2026-09-21T16:42:19.353279+00:00,baseline_v1
FT-T004453,No,0.3094,2026-09-21T16:42:19.353279+00:00,baseline_v1
FT-T004454,No,0.4387,2026-09-21T16:42:19.353279+00:00,baseline_v1
FT-T004455,Yes,0.6431,2026-09-21T16:42:19.353279+00:00,baseline_v1
FT-T004456,Yes,0.6597,2026-09-21T16:42:19.353279+00:00,baseline_v1
FT-T004457,No,0.3491,2026-09-21T16:42:19.353279+00:00,baseline_v1
FT-T004458,Yes,0.6003,2026-09-21T16:42:19.353279+00:00,baseline_v1
FT-T004459,Yes,0.6611,2026-09-21T16:42:19.353279+00:00,baseline_v1
FT-T004460,Yes,0.6038,2026-09-21T16:42:19.353279+00:00,baseline_v1
FT-T004461,No,0.3392,2026-09-21T16:42:19.353279+00:00,baseline_v1
FT-T004462,Yes,0.5684,2026-09-21T16:42:19.353279+00:00,baseline_v1
FT-T004463,Yes,0.5958,2026-09-21T16:42:19.353279+00:00,baseline_v1
FT-T004464,No,0.4289,2026-09-21T16:42:19.353279+00:00,baseline_v1
FT-T004465,Yes,0.6117,2026-09-21T16:42:19.353279+00:00,baseline_v1
FT-T004466,Yes,0.5493,2026-09-21T16:42:19.353279+00:00,baseline_v1
FT-T004467,No,0.4813,2026-09-21T16:42:19.353279+00:00,baseline_v1
FT-T004468,Yes,0.6079,2026-09-21T16:42:19.353279+00:00,baseline_v1
FT-T004469,Yes,0.5634,2026-09-21T16:42:19.353279+00:00,baseline_v1
FT-T004470,No,0.2732,2026-09-21T16:42:19.353279+00:00,baseline_v1
FT-T004471,Yes,0.791,2026-09-21T16:42:19.353279+00:00,baseline_v1
FT-T004472,Yes,0.6676,2026-09-21T16:42:19.353279+00:00,baseline_v1
FT-T004473,No,0.4343,2026-09-21T16:42:19.353279+00:00,baseline_v1
FT-T004474,Yes,0.5325,2026-09-21T16:42:19.353279+00:00,baseline_v1
FT-T004475,Yes,0.5297,2026-09-21T16:42:19.353279+00:00,baseline_v1
FT-T004476,No,0.2759,2026-09-21T16:42:19.353279+00:00,baseline_v1
FT-T004477,Yes,0.6006,2026-09-21T16:42:19.353279+00:00,baseline_v1
FT-T004478,No,0.4034,2026-09-21T16:42:19.353279+00:00,baseline_v1
FT-T004479,No,0.2711,2026-09-21T16:42:19.353279+00:00,baseline_v1
FT-T004480,No,0.3135,2026-09-21T16:42:19.353279+00:00,baseline_v1
FT-T004481,No,0.4637,2026-09-21T16:42:19.353279+00:00,baseline_v1
FT-T004482,Yes,0.5743,2026-09-21T16:42:19.353279+00:00,baseline_v1
FT-T004483,No,0.3562,2026-09-21T16:42:19.353279+00:00,baseline_v1
FT-T004484,Yes,0.5314,2026-09-21T16:42:19.353279+00:00,baseline_v1
FT-T004485,No,0.3457,2026-09-21T16:42:19.353279+00:00,baseline_v1
FT-T004486,Yes,0.6859,2026-09-21T16:42:19.353279+00:00,baseline_v1
FT-T004487,No,0.2813,2026-09-21T16:42:19.353279+00:00,baseline_v1
FT-T004488,No,0.269,2026-09-21T16:42:19.353279+00:00,baseline_v1
FT-T004489,No,0.4945,2026-09-21T16:42:19.353279+00:00,baseline_v1
FT-T004490,Yes,0.5132,2026-09-21T16:42:19.353279+00:00,baseline_v1
FT-T004491,Yes,0.5689,2026-09-21T16:42:19.353279+00:00,baseline_v1
FT-T004492,No,0.2894,2026-09-21T16:42:19.353279+00:00,baseline_v1
FT-T004493,No,0.3844,2026-09-21T16:42:19.353279+00:00,baseline_v1
FT-T004494,No,0.3462,2026-09-21T16:42:19.353279+00:00,baseline_v1
FT-T004495,Yes,0.5709,2026-09-21T16:42:19.353279+00:00,baseline_v1
FT-T004496,No,0.3184,2026-09-21T16:42:19.353279+00:00,baseline_v1
FT-T004497,No,0.4912,2026-09-21T16:42:19.353279+00:00,baseline_v1
FT-T004498,No,0.4396,2026-09-21T16:42:19.353279+00:00,baseline_v1
FT-T004499,No,0.4461,2026-09-21T16:42:19.353279+00:00,baseline_v1
FT-T004500,No,0.4918,2026-09-21T16:42:19.353279+00:00,baseline_v1
FT-T004501,No,0.3276,2026-09-21T16:42:19.353279+00:00,baseline_v1
FT-T004502,No,0.2522,2026-09-21T16:42:19.353279+00:00,baseline_v1
FT-T004503,No,0.4469,2026-09-21T16:42:19.353279+00:00,baseline_v1
FT-T004504,No,0.3614,2026-09-21T16:42:19.353279+00:00,baseline_v1
FT-T004505,No,0.4801,2026-09-21T16:42:19.353279+00:00,baseline_v1
FT-T004506,No,0.2469,2026-09-21T16:42:19.353279+00:00,baseline_v1
FT-T004507,No,0.4403,2026-09-21T16:42:19.353279+00:00,baseline_v1
FT-T004508,No,0.2049,2026-09-21T16:42:19.353279+00:00,baseline_v1
FT-T004509,No,0.3085,2026-09-21T16:42:19.353279+00:00,baseline_v1
FT-T004510,Yes,0.5968,2026-09-21T16:42:19.353279+00:00,baseline_v1
FT-T004511,Yes,0.5386,2026-09-21T16:42:19.353279+00:00,baseline_v1
FT-T004512,Yes,0.527,2026-09-21T16:42:19.353279+00:00,baseline_v1
FT-T004513,No,0.3263,2026-09-21T16:42:19.353279+00:00,baseline_v1
FT-T004514,No,0.2863,2026-09-21T16:42:19.353279+00:00,baseline_v1
FT-T004515,No,0.2254,2026-09-21T16:42:19.353279+00:00,baseline_v1
FT-T004516,Yes,0.518,2026-09-21T16:42:19.353279+00:00,baseline_v1
FT-T004517,No,0.3439,2026-09-21T16:42:19.353279+00:00,baseline_v1
FT-T004518,No,0.2918,2026-09-21T16:42:19.353279+00:00,baseline_v1
FT-T004519,No,0.4964,2026-09-21T16:42:19.353279+00:00,baseline_v1
FT-T004520,No,0.2441,2026-09-21T16:42:19.353279+00:00,baseline_v1
FT-T004521,No,0.2514,2026-09-21T16:42:19.353279+00:00,baseline_v1
FT-T004522,No,0.3742,2026-09-21T16:42:19.353279+00:00,baseline_v1
FT-T004523,No,0.2798,2026-09-21T16:42:19.353279+00:00,baseline_v1
FT-T004524,No,0.234,2026-09-21T16:42:19.353279+00:00,baseline_v1
FT-T004525,Yes,0.5093,2026-09-21T16:42:19.353279+00:00,baseline_v1
FT-T004526,No,0.3125,2026-09-21T16:42:19.353279+00:00,baseline_v1
FT-T004527,No,0.3162,2026-09-21T16:42:19.353279+00:00,baseline_v1
FT-T004528,No,0.2209,2026-09-21T16:42:19.353279+00:00,baseline_v1
FT-T004529,No,0.2407,2026-09-21T16:42:19.353279+00:00,baseline_v1
FT-T004530,No,0.2909,2026-09-21T16:42:19.353279+00:00,baseline_v1
FT-T004531,No,0.2324,2026-09-21T16:42:19.353279+00:00,baseline_v1
FT-T004532,No,0.2535,2026-09-21T16:42:19.353279+00:00,baseline_v1
FT-T004533,No,0.2382,2026-09-21T16:42:19.353279+00:00,baseline_v1
FT-T004534,Yes,0.5601,2026-09-21T16:42:19.353279+00:00,baseline_v1
FT-T004535,No,0.4192,2026-09-21T16:42:19.353279+00:00,baseline_v1
FT-T004536,Yes,0.5235,2026-09-21T16:42:19.353279+00:00,baseline_v1
FT-T004537,Yes,0.6976,2026-09-21T16:42:19.353279+00:00,baseline_v1
FT-T004538,No,0.3808,2026-09-21T16:42:19.353279+00:00,baseline_v1
FT-T004539,Yes,0.6323,2026-09-21T16:42:19.353279+00:00,baseline_v1
FT-T004540,Yes,0.8666,2026-09-21T16:42:19.353279+00:00,baseline_v1
FT-T004541,Yes,0.6049,2026-09-21T16:42:19.353279+00:00,baseline_v1
FT-T004542,Yes,0.6273,2026-09-21T16:42:19.353279+00:00,baseline_v1
FT-T004543,No,0.4113,2026-09-21T16:42:19.353279+00:00,baseline_v1
FT-T004544,Yes,0.5538,2026-09-21T16:42:19.353279+00:00,baseline_v1
FT-T004545,Yes,0.5504,2026-09-21T16:42:19.353279+00:00,baseline_v1
FT-T004546,Yes,0.9205,2026-09-21T16:42:19.353279+00:00,baseline_v1
FT-T004547,No,0.3243,2026-09-21T16:42:19.353279+00:00,baseline_v1
FT-T004548,No,0.4062,2026-09-21T16:42:19.353279+00:00,baseline_v1
FT-T004549,Yes,0.644,2026-09-21T16:42:19.353279+00:00,baseline_v1
FT-T004550,Yes,0.6458,2026-09-21T16:42:19.353279+00:00,baseline_v1
FT-T004551,Yes,0.9318,2026-09-21T16:42:19.353279+00:00,baseline_v1
FT-T004552,Yes,0.6978,2026-09-21T16:42:19.353279+00:00,baseline_v1
FT-T004553,Yes,0.7623,2026-09-21T16:42:19.353279+00:00,baseline_v1
FT-T004554,No,0.4605,2026-09-21T16:42:19.353279+00:00,baseline_v1
FT-T004555,No,0.4176,2026-09-21T16:42:19.353279+00:00,baseline_v1
FT-T004556,Yes,0.5709,2026-09-21T16:42:19.353279+00:00,baseline_v1
FT-T004557,Yes,0.7298,2026-09-21T16:42:19.353279+00:00,baseline_v1
FT-T004558,No,0.4296,2026-09-21T16:42:19.353279+00:00,baseline_v1
FT-T004559,No,0.3598,2026-09-21T16:42:19.353279+00:00,baseline_v1
FT-T004560,Yes,0.5972,2026-09-21T16:42:19.353279+00:00,baseline_v1
FT-T004561,No,0.4355,2026-09-21T16:42:19.353279+00:00,baseline_v1
FT-T004562,Yes,0.7273,2026-09-21T16:42:19.353279+00:00,baseline_v1
FT-T004563,Yes,0.5631,2026-09-21T16:42:19.353279+00:00,baseline_v1
FT-T004564,No,0.2978,2026-09-21T16:42:19.353279+00:00,baseline_v1
FT-T004565,Yes,0.6322,2026-09-21T16:42:19.353279+00:00,baseline_v1
FT-T004566,Yes,0.5869,2026-09-21T16:42:19.353279+00:00,baseline_v1
FT-T004567,No,0.4151,2026-09-21T16:42:19.353279+00:00,baseline_v1
FT-T004568,Yes,0.6341,2026-09-21T16:42:19.353279+00:00,baseline_v1
FT-T004569,No,0.3689,2026-09-21T16:42:19.353279+00:00,baseline_v1
FT-T004570,Yes,0.6353,2026-09-21T16:42:19.353279+00:00,baseline_v1
FT-T004571,Yes,0.7,2026-09-21T16:42:19.353279+00:00,baseline_v1
FT-T004572,No,0.4755,2026-09-21T16:42:19.353279+00:00,baseline_v1
FT-T004573,Yes,0.6161,2026-09-21T16:42:19.353279+00:00,baseline_v1
FT-T004574,No,0.3769,2026-09-21T16:42:19.353279+00:00,baseline_v1
FT-T004575,No,0.3179,2026-09-21T16:42:19.353279+00:00,baseline_v1
FT-T004576,No,0.3845,2026-09-21T16:42:19.353279+00:00,baseline_v1
FT-T004577,Yes,0.6518,2026-09-21T16:42:19.353279+00:00,baseline_v1
FT-T004578,Yes,0.6332,2026-09-21T16:42:19.353279+00:00,baseline_v1
FT-T004579,Yes,0.5756,2026-09-21T16:42:19.353279+00:00,baseline_v1
FT-T004580,Yes,0.6773,2026-09-21T16:42:19.353279+00:00,baseline_v1
FT-T004581,No,0.3321,2026-09-21T16:42:19.353279+00:00,baseline_v1
FT-T004582,No,0.3417,2026-09-21T16:42:19.353279+00:00,baseline_v1
FT-T004583,No,0.3252,2026-09-21T16:42:19.353279+00:00,baseline_v1
FT-T004584,No,0.2825,2026-09-21T16:42:19.353279+00:00,baseline_v1
FT-T004585,No,0.3288,2026-09-21T16:42:19.353279+00:00,baseline_v1
FT-T004586,Yes,0.5989,2026-09-21T16:42:19.353279+00:00,baseline_v1
FT-T004587,No,0.4543,2026-09-21T16:42:19.353279+00:00,baseline_v1
FT-T004588,Yes,0.5576,2026-09-21T16:42:19.353279+00:00,baseline_v1
FT-T004589,No,0.2622,2026-09-21T16:42:19.353279+00:00,baseline_v1
FT-T004590,No,0.3267,2026-09-21T16:42:19.353279+00:00,baseline_v1
FT-T004591,Yes,0.5893,2026-09-21T16:42:19.353279+00:00,baseline_v1
FT-T004592,No,0.3845,2026-09-21T16:42:19.353279+00:00,baseline_v1
FT-T004593,No,0.3116,2026-09-21T16:42:19.353279+00:00,baseline_v1
FT-T004594,Yes,0.7485,2026-09-21T16:42:19.353279+00:00,baseline_v1
FT-T004595,No,0.2972,2026-09-21T16:42:19.353279+00:00,baseline_v1
FT-T004596,No,0.323,2026-09-21T16:42:19.353279+00:00,baseline_v1
FT-T004597,No,0.3986,2026-09-21T16:42:19.353279+00:00,baseline_v1
FT-T004598,No,0.4179,2026-09-21T16:42:19.353279+00:00,baseline_v1
FT-T004599,No,0.2844,2026-09-21T16:42:19.353279+00:00,baseline_v1
FT-T004600,No,0.3428,2026-09-21T16:42:19.353279+00:00,baseline_v1
FT-T004601,Yes,0.8643,2026-09-21T16:42:19.353279+00:00,baseline_v1
FT-T004602,Yes,0.5059,2026-09-21T16:42:19.353279+00:00,baseline_v1
FT-T004603,Yes,0.5231,2026-09-21T16:42:19.353279+00:00,baseline_v1
FT-T004604,Yes,0.5072,2026-09-21T16:42:19.353279+00:00,baseline_v1
FT-T004605,Yes,0.5175,2026-09-21T16:42:19.353279+00:00,baseline_v1
FT-T004606,No,0.2718,2026-09-21T16:42:19.353279+00:00,baseline_v1
FT-T004607,Yes,0.5592,2026-09-21T16:42:19.353279+00:00,baseline_v1
FT-T004608,No,0.2847,2026-09-21T16:42:19.353279+00:00,baseline_v1
FT-T004609,No,0.2893,2026-09-21T16:42:19.353279+00:00,baseline_v1
FT-T004610,No,0.3448,2026-09-21T16:42:19.353279+00:00,baseline_v1
FT-T004611,Yes,0.5128,2026-09-21T16:42:19.353279+00:00,baseline_v1
FT-T004612,No,0.4396,2026-09-21T16:42:19.353279+00:00,baseline_v1
FT-T004613,No,0.356,2026-09-21T16:42:19.353279+00:00,baseline_v1
FT-T004614,No,0.4018,2026-09-21T16:42:19.353279+00:00,baseline_v1
FT-T004615,No,0.2979,2026-09-21T16:42:19.353279+00:00,baseline_v1
FT-T004616,No,0.3092,2026-09-21T16:42:19.353279+00:00,baseline_v1
FT-T004617,No,0.4602,2026-09-21T16:42:19.353279+00:00,baseline_v1
FT-T004618,No,0.2834,2026-09-21T16:42:19.353279+00:00,baseline_v1
FT-T004619,No,0.491,2026-09-21T16:42:19.353279+00:00,baseline_v1
FT-T004620,No,0.3262,2026-09-21T16:42:19.353279+00:00,baseline_v1
FT-T004621,Yes,0.5633,2026-09-21T16:42:19.353279+00:00,baseline_v1
FT-T004622,Yes,0.6245,2026-09-21T16:42:19.353279+00:00,baseline_v1
FT-T004623,No,0.4782,2026-09-21T16:42:19.353279+00:00,baseline_v1
FT-T004624,No,0.3786,2026-09-21T16:42:19.353279+00:00,baseline_v1
FT-T004625,Yes,0.5202,2026-09-21T16:42:19.353279+00:00,baseline_v1
FT-T004626,Yes,0.67,2026-09-21T16:42:19.353279+00:00,baseline_v1
FT-T004627,Yes,0.5137,2026-09-21T16:42:19.353279+00:00,baseline_v1
FT-T004628,No,0.4928,2026-09-21T16:42:19.353279+00:00,baseline_v1
FT-T004629,Yes,0.554,2026-09-21T16:42:19.353279+00:00,baseline_v1
FT-T004630,No,0.3179,2026-09-21T16:42:19.353279+00:00,baseline_v1
FT-T004631,No,0.3082,2026-09-21T16:42:19.353279+00:00,baseline_v1
FT-T004632,Yes,0.5251,2026-09-21T16:42:19.353279+00:00,baseline_v1
FT-T004633,No,0.2527,2026-09-21T16:42:19.353279+00:00,baseline_v1
FT-T004634,No,0.3381,2026-09-21T16:42:19.353279+00:00,baseline_v1
FT-T004635,No,0.2453,2026-09-21T16:42:19.353279+00:00,baseline_v1
FT-T004636,No,0.3011,2026-09-21T16:42:19.353279+00:00,baseline_v1
FT-T004637,Yes,0.5106,2026-09-21T16:42:19.353279+00:00,baseline_v1
FT-T004638,Yes,0.5972,2026-09-21T16:42:19.353279+00:00,baseline_v1
FT-T004639,No,0.4777,2026-09-21T16:42:19.353279+00:00,baseline_v1
FT-T004640,Yes,0.5455,2026-09-21T16:42:19.353279+00:00,baseline_v1
FT-T004641,No,0.2048,2026-09-21T16:42:19.353279+00:00,baseline_v1
FT-T004642,No,0.2986,2026-09-21T16:42:19.353279+00:00,baseline_v1
FT-T004643,No,0.2565,2026-09-21T16:42:19.353279+00:00,baseline_v1
FT-T004644,Yes,0.5641,2026-09-21T16:42:19.353279+00:00,baseline_v1
FT-T004645,No,0.2947,2026-09-21T16:42:19.353279+00:00,baseline_v1
FT-T004646,Yes,0.5107,2026-09-21T16:42:19.353279+00:00,baseline_v1
FT-T004647,No,0.2342,2026-09-21T16:42:19.353279+00:00,baseline_v1
FT-T004648,No,0.4883,2026-09-21T16:42:19.353279+00:00,baseline_v1
FT-T004649,No,0.2237,2026-09-21T16:42:19.353279+00:00,baseline_v1
FT-T004650,No,0.2797,2026-09-21T16:42:19.353279+00:00,baseline_v1
FT-T004651,No,0.3106,2026-09-21T16:42:19.353279+00:00,baseline_v1
FT-T004652,No,0.258,2026-09-21T16:42:19.353279+00:00,baseline_v1
FT-T004653,No,0.4072,2026-09-21T16:42:19.353279+00:00,baseline_v1
FT-T004654,No,0.2804,2026-09-21T16:42:19.353279+00:00,baseline_v1
FT-T004655,No,0.2025,2026-09-21T16:42:19.353279+00:00,baseline_v1
FT-T004656,No,0.3887,2026-09-21T16:42:19.353279+00:00,baseline_v1
FT-T004657,No,0.4215,2026-09-21T16:42:19.353279+00:00,baseline_v1
FT-T004658,No,0.1799,2026-09-21T16:42:19.353279+00:00,baseline_v1
FT-T004659,No,0.217,2026-09-21T16:42:19.353279+00:00,baseline_v1
FT-T004660,No,0.4661,2026-09-21T16:42:19.353279+00:00,baseline_v1
FT-T004661,No,0.2513,2026-09-21T16:42:19.353279+00:00,baseline_v1
FT-T004662,No,0.2374,2026-09-21T16:42:19.353279+00:00,baseline_v1
FT-T004663,No,0.2513,2026-09-21T16:42:19.353279+00:00,baseline_v1
FT-T004664,No,0.2323,2026-09-21T16:42:19.353279+00:00,baseline_v1
FT-T004665,No,0.406,2026-09-21T16:42:19.353279+00:00,baseline_v1
FT-T004666,No,0.206,2026-09-21T16:42:19.353279+00:00,baseline_v1
FT-T004667,No,0.2644,2026-09-21T16:42:19.353279+00:00,baseline_v1
FT-T004668,Yes,0.6887,2026-09-21T16:42:19.353279+00:00,baseline_v1
FT-T004669,No,0.4175,2026-09-21T16:42:19.353279+00:00,baseline_v1
FT-T004670,Yes,0.7802,2026-09-21T16:42:19.353279+00:00,baseline_v1
FT-T004671,Yes,0.6423,2026-09-21T16:42:19.353279+00:00,baseline_v1
FT-T004672,Yes,0.6939,2026-09-21T16:42:19.353279+00:00,baseline_v1
FT-T004673,No,0.4714,2026-09-21T16:42:19.353279+00:00,baseline_v1
FT-T004674,Yes,0.5309,2026-09-21T16:42:19.353279+00:00,baseline_v1
FT-T004675,Yes,0.7085,2026-09-21T16:42:19.353279+00:00,baseline_v1
FT-T004676,Yes,0.5077,2026-09-21T16:42:19.353279+00:00,baseline_v1
FT-T004677,Yes,0.6284,2026-09-21T16:42:19.353279+00:00,baseline_v1
FT-T004678,No,0.4909,2026-09-21T16:42:19.353279+00:00,baseline_v1
FT-T004679,Yes,0.839,2026-09-21T16:42:19.353279+00:00,baseline_v1
FT-T004680,No,0.4492,2026-09-21T16:42:19.353279+00:00,baseline_v1
FT-T004681,Yes,0.6425,2026-09-21T16:42:19.353279+00:00,baseline_v1
FT-T004682,No,0.4198,2026-09-21T16:42:19.353279+00:00,baseline_v1
FT-T004683,Yes,0.5454,2026-09-21T16:42:19.353279+00:00,baseline_v1
FT-T004684,Yes,0.5421,2026-09-21T16:42:19.353279+00:00,baseline_v1
FT-T004685,No,0.4064,2026-09-21T16:42:19.353279+00:00,baseline_v1
FT-T004686,No,0.3932,2026-09-21T16:42:19.353279+00:00,baseline_v1
FT-T004687,Yes,0.6471,2026-09-21T16:42:19.353279+00:00,baseline_v1
FT-T004688,No,0.3444,2026-09-21T16:42:19.353279+00:00,baseline_v1
FT-T004689,Yes,0.6084,2026-09-21T16:42:19.353279+00:00,baseline_v1
FT-T004690,No,0.4144,2026-09-21T16:42:19.353279+00:00,baseline_v1
FT-T004691,Yes,0.6122,2026-09-21T16:42:19.353279+00:00,baseline_v1
FT-T004692,Yes,0.6649,2026-09-21T16:42:19.353279+00:00,baseline_v1
FT-T004693,No,0.4533,2026-09-21T16:42:19.353279+00:00,baseline_v1
FT-T004694,Yes,0.6971,2026-09-21T16:42:19.353279+00:00,baseline_v1
FT-T004695,No,0.3755,2026-09-21T16:42:19.353279+00:00,baseline_v1
FT-T004696,No,0.4995,2026-09-21T16:42:19.353279+00:00,baseline_v1
FT-T004697,No,0.2826,2026-09-21T16:42:19.353279+00:00,baseline_v1
FT-T004698,No,0.3272,2026-09-21T16:42:19.353279+00:00,baseline_v1
FT-T004699,No,0.357,2026-09-21T16:42:19.353279+00:00,baseline_v1
FT-T004700,Yes,0.5335,2026-09-21T16:42:19.353279+00:00,baseline_v1
FT-T004701,Yes,0.5735,2026-09-21T16:42:19.353279+00:00,baseline_v1
FT-T004702,Yes,0.6505,2026-09-21T16:42:19.353279+00:00,baseline_v1
FT-T004703,No,0.4816,2026-09-21T16:42:19.353279+00:00,baseline_v1
FT-T004704,Yes,0.595,2026-09-21T16:42:19.353279+00:00,baseline_v1
FT-T004705,No,0.4051,2026-09-21T16:42:19.353279+00:00,baseline_v1
FT-T004706,No,0.3482,2026-09-21T16:42:19.353279+00:00,baseline_v1
FT-T004707,No,0.3765,2026-09-21T16:42:19.353279+00:00,baseline_v1
FT-T004708,Yes,0.8314,2026-09-21T16:42:19.353279+00:00,baseline_v1
FT-T004709,No,0.3095,2026-09-21T16:42:19.353279+00:00,baseline_v1
FT-T004710,No,0.3259,2026-09-21T16:42:19.353279+00:00,baseline_v1
FT-T004711,No,0.434,2026-09-21T16:42:19.353279+00:00,baseline_v1
FT-T004712,Yes,0.6203,2026-09-21T16:42:19.353279+00:00,baseline_v1
FT-T004713,No,0.3714,2026-09-21T16:42:19.353279+00:00,baseline_v1
FT-T004714,No,0.3869,2026-09-21T16:42:19.353279+00:00,baseline_v1
FT-T004715,Yes,0.5315,2026-09-21T16:42:19.353279+00:00,baseline_v1
FT-T004716,No,0.4343,2026-09-21T16:42:19.353279+00:00,baseline_v1
FT-T004717,No,0.3671,2026-09-21T16:42:19.353279+00:00,baseline_v1
FT-T004718,No,0.4113,2026-09-21T16:42:19.353279+00:00,baseline_v1
FT-T004719,No,0.4667,2026-09-21T16:42:19.353279+00:00,baseline_v1
FT-T004720,Yes,0.5977,2026-09-21T16:42:19.353279+00:00,baseline_v1
FT-T004721,Yes,0.618,2026-09-21T16:42:19.353279+00:00,baseline_v1
FT-T004722,No,0.4191,2026-09-21T16:42:19.353279+00:00,baseline_v1
FT-T004723,No,0.2737,2026-09-21T16:42:19.353279+00:00,baseline_v1
FT-T004724,Yes,0.5719,2026-09-21T16:42:19.353279+00:00,baseline_v1
FT-T004725,Yes,0.6116,2026-09-21T16:42:19.353279+00:00,baseline_v1
FT-T004726,No,0.3687,2026-09-21T16:42:19.353279+00:00,baseline_v1
FT-T004727,Yes,0.5907,2026-09-21T16:42:19.353279+00:00,baseline_v1
FT-T004728,No,0.3757,2026-09-21T16:42:19.353279+00:00,baseline_v1
FT-T004729,Yes,0.5236,2026-09-21T16:42:19.353279+00:00,baseline_v1
FT-T004730,No,0.4114,2026-09-21T16:42:19.353279+00:00,baseline_v1
FT-T004731,Yes,0.5032,2026-09-21T16:42:19.353279+00:00,baseline_v1
FT-T004732,Yes,0.5795,2026-09-21T16:42:19.353279+00:00,baseline_v1
FT-T004733,Yes,0.6385,2026-09-21T16:42:19.353279+00:00,baseline_v1
FT-T004734,Yes,0.6672,2026-09-21T16:42:19.353279+00:00,baseline_v1
FT-T004735,No,0.36,2026-09-21T16:42:19.353279+00:00,baseline_v1
FT-T004736,No,0.3767,2026-09-21T16:42:19.353279+00:00,baseline_v1
FT-T004737,Yes,0.8281,2026-09-21T16:42:19.353279+00:00,baseline_v1
FT-T004738,No,0.3394,2026-09-21T16:42:19.353279+00:00,baseline_v1
FT-T004739,Yes,0.6993,2026-09-21T16:42:19.353279+00:00,baseline_v1
FT-T004740,No,0.3642,2026-09-21T16:42:19.353279+00:00,baseline_v1
FT-T004741,Yes,0.5793,2026-09-21T16:42:19.353279+00:00,baseline_v1
FT-T004742,Yes,0.6831,2026-09-21T16:42:19.353279+00:00,baseline_v1
FT-T004743,No,0.3582,2026-09-21T16:42:19.353279+00:00,baseline_v1
FT-T004744,No,0.4604,2026-09-21T16:42:19.353279+00:00,baseline_v1
FT-T004745,No,0.3633,2026-09-21T16:42:19.353279+00:00,baseline_v1
FT-T004746,No,0.3313,2026-09-21T16:42:19.353279+00:00,baseline_v1
FT-T004747,Yes,0.54,2026-09-21T16:42:19.353279+00:00,baseline_v1
FT-T004748,No,0.3376,2026-09-21T16:42:19.353279+00:00,baseline_v1
FT-T004749,Yes,0.7262,2026-09-21T16:42:19.353279+00:00,baseline_v1
FT-T004750,No,0.2805,2026-09-21T16:42:19.353279+00:00,baseline_v1
FT-T004751,No,0.35,2026-09-21T16:42:19.353279+00:00,baseline_v1
FT-T004752,Yes,0.5441,2026-09-21T16:42:19.353279+00:00,baseline_v1
FT-T004753,No,0.3281,2026-09-21T16:42:19.353279+00:00,baseline_v1
FT-T004754,No,0.3751,2026-09-21T16:42:19.353279+00:00,baseline_v1
FT-T004755,No,0.3223,2026-09-21T16:42:19.353279+00:00,baseline_v1
FT-T004756,Yes,0.6476,2026-09-21T16:42:19.353279+00:00,baseline_v1
FT-T004757,Yes,0.5893,2026-09-21T16:42:19.353279+00:00,baseline_v1
FT-T004758,No,0.382,2026-09-21T16:42:19.353279+00:00,baseline_v1
FT-T004759,No,0.3715,2026-09-21T16:42:19.353279+00:00,baseline_v1
FT-T004760,No,0.4559,2026-09-21T16:42:19.353279+00:00,baseline_v1
FT-T004761,No,0.478,2026-09-21T16:42:19.353279+00:00,baseline_v1
FT-T004762,No,0.324,2026-09-21T16:42:19.353279+00:00,baseline_v1
FT-T004763,Yes,0.5604,2026-09-21T16:42:19.353279+00:00,baseline_v1
FT-T004764,No,0.317,2026-09-21T16:42:19.353279+00:00,baseline_v1
FT-T004765,Yes,0.6051,2026-09-21T16:42:19.353279+00:00,baseline_v1
FT-T004766,Yes,0.5334,2026-09-21T16:42:19.353279+00:00,baseline_v1
FT-T004767,No,0.3301,2026-09-21T16:42:19.353279+00:00,baseline_v1
FT-T004768,No,0.3068,2026-09-21T16:42:19.353279+00:00,baseline_v1
FT-T004769,No,0.3084,2026-09-21T16:42:19.353279+00:00,baseline_v1
FT-T004770,No,0.2982,2026-09-21T16:42:19.353279+00:00,baseline_v1
FT-T004771,Yes,0.5932,2026-09-21T16:42:19.353279+00:00,baseline_v1
FT-T004772,No,0.2404,2026-09-21T16:42:19.353279+00:00,baseline_v1
FT-T004773,No,0.2794,2026-09-21T16:42:19.353279+00:00,baseline_v1
FT-T004774,No,0.3273,2026-09-21T16:42:19.353279+00:00,baseline_v1
FT-T004775,Yes,0.5023,2026-09-21T16:42:19.353279+00:00,baseline_v1
FT-T004776,No,0.2954,2026-09-21T16:42:19.353279+00:00,baseline_v1
FT-T004777,Yes,0.5856,2026-09-21T16:42:19.353279+00:00,baseline_v1
FT-T004778,No,0.3273,2026-09-21T16:42:19.353279+00:00,baseline_v1
FT-T004779,No,0.4119,2026-09-21T16:42:19.353279+00:00,baseline_v1
FT-T004780,No,0.4937,2026-09-21T16:42:19.353279+00:00,baseline_v1
FT-T004781,Yes,0.5748,2026-09-21T16:42:19.353279+00:00,baseline_v1
FT-T004782,No,0.2925,2026-09-21T16:42:19.353279+00:00,baseline_v1
FT-T004783,Yes,0.503,2026-09-21T16:42:19.353279+00:00,baseline_v1
FT-T004784,No,0.2588,2026-09-21T16:42:19.353279+00:00,baseline_v1
FT-T004785,No,0.2706,2026-09-21T16:42:19.353279+00:00,baseline_v1
FT-T004786,Yes,0.5338,2026-09-21T16:42:19.353279+00:00,baseline_v1
FT-T004787,No,0.2586,2026-09-21T16:42:19.353279+00:00,baseline_v1
FT-T004788,No,0.2336,2026-09-21T16:42:19.353279+00:00,baseline_v1
FT-T004789,No,0.2787,2026-09-21T16:42:19.353279+00:00,baseline_v1
FT-T004790,Yes,0.5067,2026-09-21T16:42:19.353279+00:00,baseline_v1
FT-T004791,Yes,0.5018,2026-09-21T16:42:19.353279+00:00,baseline_v1
FT-T004792,Yes,0.5221,2026-09-21T16:42:19.353279+00:00,baseline_v1
FT-T004793,No,0.4629,2026-09-21T16:42:19.353279+00:00,baseline_v1
FT-T004794,No,0.4508,2026-09-21T16:42:19.353279+00:00,baseline_v1
FT-T004795,No,0.3485,2026-09-21T16:42:19.353279+00:00,baseline_v1
FT-T004796,No,0.367,2026-09-21T16:42:19.353279+00:00,baseline_v1
FT-T004797,No,0.2188,2026-09-21T16:42:19.353279+00:00,baseline_v1
FT-T004798,No,0.4691,2026-09-21T16:42:19.353279+00:00,baseline_v1
FT-T004799,No,0.2172,2026-09-21T16:42:19.353279+00:00,baseline_v1
FT-T004800,No,0.2282,2026-09-21T16:42:19.353279+00:00,baseline_v1
FT-T004801,Yes,0.5189,2026-09-21T16:42:19.353279+00:00,baseline_v1
FT-T004802,Yes,0.7012,2026-09-21T16:42:19.353279+00:00,baseline_v1
FT-T004803,No,0.3968,2026-09-21T16:42:19.353279+00:00,baseline_v1
FT-T004804,Yes,0.7202,2026-09-21T16:42:19.353279+00:00,baseline_v1
FT-T004805,No,0.4536,2026-09-21T16:42:19.353279+00:00,baseline_v1
FT-T004806,Yes,0.7616,2026-09-21T16:42:19.353279+00:00,baseline_v1
FT-T004807,Yes,0.7865,2026-09-21T16:42:19.353279+00:00,baseline_v1
FT-T004808,No,0.418,2026-09-21T16:42:19.353279+00:00,baseline_v1
FT-T004809,No,0.4836,2026-09-21T16:42:19.353279+00:00,baseline_v1
FT-T004810,Yes,0.5073,2026-09-21T16:42:19.353279+00:00,baseline_v1
FT-T004811,Yes,0.7569,2026-09-21T16:42:19.353279+00:00,baseline_v1
FT-T004812,Yes,0.6093,2026-09-21T16:42:19.353279+00:00,baseline_v1
FT-T004813,No,0.4624,2026-09-21T16:42:19.353279+00:00,baseline_v1
FT-T004814,No,0.4862,2026-09-21T16:42:19.353279+00:00,baseline_v1
FT-T004815,No,0.4126,2026-09-21T16:42:19.353279+00:00,baseline_v1
FT-T004816,Yes,0.7441,2026-09-21T16:42:19.353279+00:00,baseline_v1
FT-T004817,Yes,0.6494,2026-09-21T16:42:19.353279+00:00,baseline_v1
FT-T004818,Yes,0.5708,2026-09-21T16:42:19.353279+00:00,baseline_v1
FT-T004819,No,0.4907,2026-09-21T16:42:19.353279+00:00,baseline_v1
FT-T004820,Yes,0.5962,2026-09-21T16:42:19.353279+00:00,baseline_v1
FT-T004821,Yes,0.6958,2026-09-21T16:42:19.353279+00:00,baseline_v1
FT-T004822,No,0.4418,2026-09-21T16:42:19.353279+00:00,baseline_v1
FT-T004823,Yes,0.6892,2026-09-21T16:42:19.353279+00:00,baseline_v1
FT-T004824,Yes,0.7461,2026-09-21T16:42:19.353279+00:00,baseline_v1
FT-T004825,Yes,0.5184,2026-09-21T16:42:19.353279+00:00,baseline_v1
FT-T004826,No,0.3185,2026-09-21T16:42:19.353279+00:00,baseline_v1
FT-T004827,No,0.4029,2026-09-21T16:42:19.353279+00:00,baseline_v1
FT-T004828,Yes,0.6228,2026-09-21T16:42:19.353279+00:00,baseline_v1
FT-T004829,No,0.4222,2026-09-21T16:42:19.353279+00:00,baseline_v1
FT-T004830,No,0.3571,2026-09-21T16:42:19.353279+00:00,baseline_v1
FT-T004831,No,0.3507,2026-09-21T16:42:19.353279+00:00,baseline_v1
FT-T004832,No,0.3263,2026-09-21T16:42:19.353279+00:00,baseline_v1
FT-T004833,No,0.385,2026-09-21T16:42:19.353279+00:00,baseline_v1
FT-T004834,Yes,0.6299,2026-09-21T16:42:19.353279+00:00,baseline_v1
FT-T004835,No,0.4002,2026-09-21T16:42:19.353279+00:00,baseline_v1
FT-T004836,No,0.3881,2026-09-21T16:42:19.353279+00:00,baseline_v1
FT-T004837,No,0.4185,2026-09-21T16:42:19.353279+00:00,baseline_v1
FT-T004838,Yes,0.5742,2026-09-21T16:42:19.353279+00:00,baseline_v1
FT-T004839,No,0.3187,2026-09-21T16:42:19.353279+00:00,baseline_v1
FT-T004840,No,0.4224,2026-09-21T16:42:19.353279+00:00,baseline_v1
FT-T004841,No,0.4011,2026-09-21T16:42:19.353279+00:00,baseline_v1
FT-T004842,Yes,0.655,2026-09-21T16:42:19.353279+00:00,baseline_v1
FT-T004843,No,0.4138,2026-09-21T16:42:19.353279+00:00,baseline_v1
FT-T004844,Yes,0.6528,2026-09-21T16:42:19.353279+00:00,baseline_v1
FT-T004845,Yes,0.6447,2026-09-21T16:42:19.353279+00:00,baseline_v1
FT-T004846,No,0.3706,2026-09-21T16:42:19.353279+00:00,baseline_v1
FT-T004847,No,0.4893,2026-09-21T16:42:19.353279+00:00,baseline_v1
FT-T004848,No,0.3966,2026-09-21T16:42:19.353279+00:00,baseline_v1
FT-T004849,No,0.4917,2026-09-21T16:42:19.353279+00:00,baseline_v1
FT-T004850,Yes,0.6039,2026-09-21T16:42:19.353279+00:00,baseline_v1
FT-T004851,Yes,0.5495,2026-09-21T16:42:19.353279+00:00,baseline_v1
FT-T004852,No,0.4904,2026-09-21T16:42:19.353279+00:00,baseline_v1
FT-T004853,No,0.3925,2026-09-21T16:42:19.353279+00:00,baseline_v1
FT-T004854,No,0.2634,2026-09-21T16:42:19.353279+00:00,baseline_v1
FT-T004855,No,0.4018,2026-09-21T16:42:19.353279+00:00,baseline_v1
FT-T004856,No,0.3013,2026-09-21T16:42:19.353279+00:00,baseline_v1
FT-T004857,No,0.3451,2026-09-21T16:42:19.353279+00:00,baseline_v1
FT-T004858,No,0.3477,2026-09-21T16:42:19.353279+00:00,baseline_v1
FT-T004859,No,0.3154,2026-09-21T16:42:19.353279+00:00,baseline_v1
FT-T004860,Yes,0.8615,2026-09-21T16:42:19.353279+00:00,baseline_v1
FT-T004861,No,0.2933,2026-09-21T16:42:19.353279+00:00,baseline_v1
FT-T004862,No,0.2907,2026-09-21T16:42:19.353279+00:00,baseline_v1
FT-T004863,No,0.3635,2026-09-21T16:42:19.353279+00:00,baseline_v1
FT-T004864,Yes,0.5918,2026-09-21T16:42:19.353279+00:00,baseline_v1
FT-T004865,Yes,0.5698,2026-09-21T16:42:19.353279+00:00,baseline_v1
FT-T004866,Yes,0.5739,2026-09-21T16:42:19.353279+00:00,baseline_v1
FT-T004867,No,0.3665,2026-09-21T16:42:19.353279+00:00,baseline_v1
FT-T004868,No,0.3184,2026-09-21T16:42:19.353279+00:00,baseline_v1
FT-T004869,Yes,0.7355,2026-09-21T16:42:19.353279+00:00,baseline_v1
FT-T004870,Yes,0.5352,2026-09-21T16:42:19.353279+00:00,baseline_v1
FT-T004871,No,0.3061,2026-09-21T16:42:19.353279+00:00,baseline_v1
FT-T004872,No,0.3793,2026-09-21T16:42:19.353279+00:00,baseline_v1
FT-T004873,No,0.3481,2026-09-21T16:42:19.353279+00:00,baseline_v1
FT-T004874,Yes,0.7539,2026-09-21T16:42:19.353279+00:00,baseline_v1
FT-T004875,No,0.3671,2026-09-21T16:42:19.353279+00:00,baseline_v1
FT-T004876,No,0.315,2026-09-21T16:42:19.353279+00:00,baseline_v1
FT-T004877,No,0.2611,2026-09-21T16:42:19.353279+00:00,baseline_v1
FT-T004878,Yes,0.5698,2026-09-21T16:42:19.353279+00:00,baseline_v1
FT-T004879,No,0.2537,2026-09-21T16:42:19.353279+00:00,baseline_v1
FT-T004880,No,0.2601,2026-09-21T16:42:19.353279+00:00,baseline_v1
FT-T004881,Yes,0.5315,2026-09-21T16:42:19.353279+00:00,baseline_v1
FT-T004882,Yes,0.6938,2026-09-21T16:42:19.353279+00:00,baseline_v1
FT-T004883,No,0.4453,2026-09-21T16:42:19.353279+00:00,baseline_v1
FT-T004884,No,0.3473,2026-09-21T16:42:19.353279+00:00,baseline_v1
FT-T004885,No,0.4455,2026-09-21T16:42:19.353279+00:00,baseline_v1
FT-T004886,No,0.3218,2026-09-21T16:42:19.353279+00:00,baseline_v1
FT-T004887,Yes,0.7162,2026-09-21T16:42:19.353279+00:00,baseline_v1
FT-T004888,No,0.3315,2026-09-21T16:42:19.353279+00:00,baseline_v1
FT-T004889,No,0.3917,2026-09-21T16:42:19.353279+00:00,baseline_v1
FT-T004890,No,0.3415,2026-09-21T16:42:19.353279+00:00,baseline_v1
FT-T004891,No,0.1886,2026-09-21T16:42:19.353279+00:00,baseline_v1
FT-T004892,Yes,0.5808,2026-09-21T16:42:19.353279+00:00,baseline_v1
FT-T004893,No,0.3263,2026-09-21T16:42:19.353279+00:00,baseline_v1
FT-T004894,No,0.2831,2026-09-21T16:42:19.353279+00:00,baseline_v1
FT-T004895,No,0.3431,2026-09-21T16:42:19.353279+00:00,baseline_v1
FT-T004896,No,0.3483,2026-09-21T16:42:19.353279+00:00,baseline_v1
FT-T004897,No,0.2575,2026-09-21T16:42:19.353279+00:00,baseline_v1
FT-T004898,No,0.4797,2026-09-21T16:42:19.353279+00:00,baseline_v1
FT-T004899,No,0.2831,2026-09-21T16:42:19.353279+00:00,baseline_v1
FT-T004900,No,0.3271,2026-09-21T16:42:19.353279+00:00,baseline_v1
FT-T004901,No,0.2886,2026-09-21T16:42:19.353279+00:00,baseline_v1
FT-T004902,No,0.2703,2026-09-21T16:42:19.353279+00:00,baseline_v1
FT-T004903,No,0.4225,2026-09-21T16:42:19.353279+00:00,baseline_v1
FT-T004904,Yes,0.6657,2026-09-21T16:42:19.353279+00:00,baseline_v1
FT-T004905,No,0.4505,2026-09-21T16:42:19.353279+00:00,baseline_v1
FT-T004906,No,0.4019,2026-09-21T16:42:19.353279+00:00,baseline_v1
FT-T004907,Yes,0.5533,2026-09-21T16:42:19.353279+00:00,baseline_v1
FT-T004908,Yes,0.6958,2026-09-21T16:42:19.353279+00:00,baseline_v1
FT-T004909,No,0.284,2026-09-21T16:42:19.353279+00:00,baseline_v1
FT-T004910,Yes,0.7146,2026-09-21T16:42:19.353279+00:00,baseline_v1
FT-T004911,No,0.2587,2026-09-21T16:42:19.353279+00:00,baseline_v1
FT-T004912,Yes,0.5202,2026-09-21T16:42:19.353279+00:00,baseline_v1
FT-T004913,No,0.4292,2026-09-21T16:42:19.353279+00:00,baseline_v1
FT-T004914,Yes,0.6309,2026-09-21T16:42:19.353279+00:00,baseline_v1
FT-T004915,No,0.3388,2026-09-21T16:42:19.353279+00:00,baseline_v1
FT-T004916,No,0.3825,2026-09-21T16:42:19.353279+00:00,baseline_v1
FT-T004917,Yes,0.5168,2026-09-21T16:42:19.353279+00:00,baseline_v1
FT-T004918,No,0.2114,2026-09-21T16:42:19.353279+00:00,baseline_v1
FT-T004919,Yes,0.6167,2026-09-21T16:42:19.353279+00:00,baseline_v1
FT-T004920,Yes,0.5424,2026-09-21T16:42:19.353279+00:00,baseline_v1
FT-T004921,No,0.2872,2026-09-21T16:42:19.353279+00:00,baseline_v1
FT-T004922,No,0.4588,2026-09-21T16:42:19.353279+00:00,baseline_v1
FT-T004923,No,0.3074,2026-09-21T16:42:19.353279+00:00,baseline_v1
FT-T004924,No,0.231,2026-09-21T16:42:19.353279+00:00,baseline_v1
FT-T004925,No,0.2245,2026-09-21T16:42:19.353279+00:00,baseline_v1
FT-T004926,No,0.4512,2026-09-21T16:42:19.353279+00:00,baseline_v1
FT-T004927,Yes,0.5262,2026-09-21T16:42:19.353279+00:00,baseline_v1
FT-T004928,Yes,0.6933,2026-09-21T16:42:19.353279+00:00,baseline_v1
FT-T004929,No,0.4828,2026-09-21T16:42:19.353279+00:00,baseline_v1
FT-T004930,No,0.3323,2026-09-21T16:42:19.353279+00:00,baseline_v1
FT-T004931,No,0.307,2026-09-21T16:42:19.353279+00:00,baseline_v1
FT-T004932,No,0.4212,2026-09-21T16:42:19.353279+00:00,baseline_v1
FT-T004933,No,0.4212,2026-09-21T16:42:19.353279+00:00,baseline_v1
FT-T004934,Yes,0.719,2026-09-21T16:42:19.353279+00:00,baseline_v1
FT-T004935,No,0.4902,2026-09-21T16:42:19.353279+00:00,baseline_v1
FT-T004936,Yes,0.6066,2026-09-21T16:42:19.353279+00:00,baseline_v1
FT-T004937,No,0.4717,2026-09-21T16:42:19.353279+00:00,baseline_v1
FT-T004938,Yes,0.6654,2026-09-21T16:42:19.353279+00:00,baseline_v1
FT-T004939,Yes,0.7443,2026-09-21T16:42:19.353279+00:00,baseline_v1
FT-T004940,No,0.4237,2026-09-21T16:42:19.353279+00:00,baseline_v1
FT-T004941,Yes,0.6099,2026-09-21T16:42:19.353279+00:00,baseline_v1
FT-T004942,No,0.4658,2026-09-21T16:42:19.353279+00:00,baseline_v1
FT-T004943,No,0.4414,2026-09-21T16:42:19.353279+00:00,baseline_v1
FT-T004944,Yes,0.7353,2026-09-21T16:42:19.353279+00:00,baseline_v1
FT-T004945,No,0.4374,2026-09-21T16:42:19.353279+00:00,baseline_v1
FT-T004946,Yes,0.8126,2026-09-21T16:42:19.353279+00:00,baseline_v1
FT-T004947,Yes,0.8197,2026-09-21T16:42:19.353279+00:00,baseline_v1
FT-T004948,Yes,0.5661,2026-09-21T16:42:19.353279+00:00,baseline_v1
FT-T004949,Yes,0.7053,2026-09-21T16:42:19.353279+00:00,baseline_v1
FT-T004950,No,0.4288,2026-09-21T16:42:19.353279+00:00,baseline_v1
FT-T004951,Yes,0.6638,2026-09-21T16:42:19.353279+00:00,baseline_v1
FT-T004952,Yes,0.5561,2026-09-21T16:42:19.353279+00:00,baseline_v1
FT-T004953,Yes,0.5133,2026-09-21T16:42:19.353279+00:00,baseline_v1
FT-T004954,Yes,0.7019,2026-09-21T16:42:19.353279+00:00,baseline_v1
FT-T004955,No,0.3617,2026-09-21T16:42:19.353279+00:00,baseline_v1
FT-T004956,No,0.4261,2026-09-21T16:42:19.353279+00:00,baseline_v1
FT-T004957,No,0.4611,2026-09-21T16:42:19.353279+00:00,baseline_v1
FT-T004958,Yes,0.5784,2026-09-21T16:42:19.353279+00:00,baseline_v1
FT-T004959,No,0.4307,2026-09-21T16:42:19.353279+00:00,baseline_v1
FT-T004960,Yes,0.5537,2026-09-21T16:42:19.353279+00:00,baseline_v1
FT-T004961,No,0.3659,2026-09-21T16:42:19.353279+00:00,baseline_v1
FT-T004962,Yes,0.6879,2026-09-21T16:42:19.353279+00:00,baseline_v1
FT-T004963,No,0.4053,2026-09-21T16:42:19.353279+00:00,baseline_v1
FT-T004964,Yes,0.7343,2026-09-21T16:42:19.353279+00:00,baseline_v1
FT-T004965,No,0.424,2026-09-21T16:42:19.353279+00:00,baseline_v1
FT-T004966,No,0.4297,2026-09-21T16:42:19.353279+00:00,baseline_v1
FT-T004967,No,0.4496,2026-09-21T16:42:19.353279+00:00,baseline_v1
FT-T004968,Yes,0.6266,2026-09-21T16:42:19.353279+00:00,baseline_v1
FT-T004969,No,0.4549,2026-09-21T16:42:19.353279+00:00,baseline_v1
FT-T004970,Yes,0.6555,2026-09-21T16:42:19.353279+00:00,baseline_v1
FT-T004971,Yes,0.6273,2026-09-21T16:42:19.353279+00:00,baseline_v1
FT-T004972,Yes,0.5034,2026-09-21T16:42:19.353279+00:00,baseline_v1
FT-T004973,Yes,0.7732,2026-09-21T16:42:19.353279+00:00,baseline_v1
FT-T004974,Yes,0.803,2026-09-21T16:42:19.353279+00:00,baseline_v1
FT-T004975,Yes,0.5853,2026-09-21T16:42:19.353279+00:00,baseline_v1
FT-T004976,Yes,0.6388,2026-09-21T16:42:19.353279+00:00,baseline_v1
FT-T004977,No,0.4568,2026-09-21T16:42:19.353279+00:00,baseline_v1
FT-T004978,No,0.4575,2026-09-21T16:42:19.353279+00:00,baseline_v1
FT-T004979,Yes,0.6336,2026-09-21T16:42:19.353279+00:00,baseline_v1
FT-T004980,No,0.3638,2026-09-21T16:42:19.353279+00:00,baseline_v1
FT-T004981,Yes,0.5888,2026-09-21T16:42:19.353279+00:00,baseline_v1
FT-T004982,No,0.4622,2026-09-21T16:42:19.353279+00:00,baseline_v1
FT-T004983,Yes,0.5996,2026-09-21T16:42:19.353279+00:00,baseline_v1
FT-T004984,No,0.2762,2026-09-21T16:42:19.353279+00:00,baseline_v1
FT-T004985,Yes,0.7548,2026-09-21T16:42:19.353279+00:00,baseline_v1
FT-T004986,No,0.3597,2026-09-21T16:42:19.353279+00:00,baseline_v1
FT-T004987,Yes,0.5465,2026-09-21T16:42:19.353279+00:00,baseline_v1
FT-T004988,No,0.3324,2026-09-21T16:42:19.353279+00:00,baseline_v1
FT-T004989,No,0.399,2026-09-21T16:42:19.353279+00:00,baseline_v1
FT-T004990,No,0.2649,2026-09-21T16:42:19.353279+00:00,baseline_v1
FT-T004991,Yes,0.753,2026-09-21T16:42:19.353279+00:00,baseline_v1
FT-T004992,No,0.479,2026-09-21T16:42:19.353279+00:00,baseline_v1
FT-T004993,No,0.3861,2026-09-21T16:42:19.353279+00:00,baseline_v1
FT-T004994,No,0.3718,2026-09-21T16:42:19.353279+00:00,baseline_v1
FT-T004995,No,0.3763,2026-09-21T16:42:19.353279+00:00,baseline_v1
FT-T004996,No,0.3889,2026-09-21T16:42:19.353279+00:00,baseline_v1
FT-T004997,No,0.3883,2026-09-21T16:42:19.353279+00:00,baseline_v1
FT-T004998,No,0.3656,2026-09-21T16:42:19.353279+00:00,baseline_v1
FT-T004999,Yes,0.5979,2026-09-21T16:42:19.353279+00:00,baseline_v1
FT-T005000,No,0.3554,2026-09-21T16:42:19.353279+00:00,baseline_v1
FT-T005001,Yes,0.6054,2026-09-21T16:42:19.353279+00:00,baseline_v1
FT-T005002,Yes,0.5181,2026-09-21T16:42:19.353279+00:00,baseline_v1
FT-T005003,Yes,0.5355,2026-09-21T16:42:19.353279+00:00,baseline_v1
FT-T005004,Yes,0.556,2026-09-21T16:42:19.353279+00:00,baseline_v1
FT-T005005,No,0.3953,2026-09-21T16:42:19.353279+00:00,baseline_v1
FT-T005006,Yes,0.7219,2026-09-21T16:42:19.353279+00:00,baseline_v1
FT-T005007,No,0.4115,2026-09-21T16:42:19.353279+00:00,baseline_v1
FT-T005008,Yes,0.7683,2026-09-21T16:42:19.353279+00:00,baseline_v1
FT-T005009,No,0.4356,2026-09-21T16:42:19.353279+00:00,baseline_v1
FT-T005010,Yes,0.5512,2026-09-21T16:42:19.353279+00:00,baseline_v1
FT-T005011,No,0.4127,2026-09-21T16:42:19.353279+00:00,baseline_v1
FT-T005012,No,0.4286,2026-09-21T16:42:19.353279+00:00,baseline_v1
FT-T005013,No,0.3843,2026-09-21T16:42:19.353279+00:00,baseline_v1
FT-T005014,No,0.2965,2026-09-21T16:42:19.353279+00:00,baseline_v1
FT-T005015,No,0.4376,2026-09-21T16:42:19.353279+00:00,baseline_v1
FT-T005016,Yes,0.5922,2026-09-21T16:42:19.353279+00:00,baseline_v1
FT-T005017,Yes,0.5201,2026-09-21T16:42:19.353279+00:00,baseline_v1
FT-T005018,Yes,0.6644,2026-09-21T16:42:19.353279+00:00,baseline_v1
FT-T005019,No,0.289,2026-09-21T16:42:19.353279+00:00,baseline_v1
FT-T005020,No,0.3326,2026-09-21T16:42:19.353279+00:00,baseline_v1
FT-T005021,No,0.3665,2026-09-21T16:42:19.353279+00:00,baseline_v1
FT-T005022,No,0.2697,2026-09-21T16:42:19.353279+00:00,baseline_v1
FT-T005023,Yes,0.5163,2026-09-21T16:42:19.353279+00:00,baseline_v1
FT-T005024,No,0.4698,2026-09-21T16:42:19.353279+00:00,baseline_v1
FT-T005025,No,0.3117,2026-09-21T16:42:19.353279+00:00,baseline_v1
FT-T005026,Yes,0.6113,2026-09-21T16:42:19.353279+00:00,baseline_v1
FT-T005027,No,0.3841,2026-09-21T16:42:19.353279+00:00,baseline_v1
FT-T005028,No,0.2464,2026-09-21T16:42:19.353279+00:00,baseline_v1
FT-T005029,No,0.3225,2026-09-21T16:42:19.353279+00:00,baseline_v1
FT-T005030,No,0.3216,2026-09-21T16:42:19.353279+00:00,baseline_v1
FT-T005031,No,0.3021,2026-09-21T16:42:19.353279+00:00,baseline_v1
FT-T005032,No,0.3196,2026-09-21T16:42:19.353279+00:00,baseline_v1
FT-T005033,No,0.3657,2026-09-21T16:42:19.353279+00:00,baseline_v1
FT-T005034,Yes,0.674,2026-09-21T16:42:19.353279+00:00,baseline_v1
FT-T005035,No,0.2749,2026-09-21T16:42:19.353279+00:00,baseline_v1
FT-T005036,Yes,0.5385,2026-09-21T16:42:19.353279+00:00,baseline_v1
FT-T005037,No,0.3054,2026-09-21T16:42:19.353279+00:00,baseline_v1
FT-T005038,No,0.2844,2026-09-21T16:42:19.353279+00:00,baseline_v1
FT-T005039,No,0.2832,2026-09-21T16:42:19.353279+00:00,baseline_v1
FT-T005040,No,0.2516,2026-09-21T16:42:19.353279+00:00,baseline_v1
FT-T005041,No,0.2744,2026-09-21T16:42:19.353279+00:00,baseline_v1
FT-T005042,No,0.2962,2026-09-21T16:42:19.353279+00:00,baseline_v1
FT-T005043,Yes,0.5909,2026-09-21T16:42:19.353279+00:00,baseline_v1
FT-T005044,No,0.2478,2026-09-21T16:42:19.353279+00:00,baseline_v1
FT-T005045,No,0.3339,2026-09-21T16:42:19.353279+00:00,baseline_v1
FT-T005046,No,0.4816,2026-09-21T16:42:19.353279+00:00,baseline_v1
FT-T005047,Yes,0.5513,2026-09-21T16:42:19.353279+00:00,baseline_v1
FT-T005048,No,0.2244,2026-09-21T16:42:19.353279+00:00,baseline_v1
FT-T005049,No,0.2182,2026-09-21T16:42:19.353279+00:00,baseline_v1
FT-T005050,Yes,0.6513,2026-09-21T16:42:19.353279+00:00,baseline_v1
FT-T005051,No,0.3865,2026-09-21T16:42:19.353279+00:00,baseline_v1
FT-T005052,Yes,0.5156,2026-09-21T16:42:19.353279+00:00,baseline_v1
FT-T005053,Yes,0.5244,2026-09-21T16:42:19.353279+00:00,baseline_v1
FT-T005054,Yes,0.5147,2026-09-21T16:42:19.353279+00:00,baseline_v1
FT-T005055,No,0.2927,2026-09-21T16:42:19.353279+00:00,baseline_v1
FT-T005056,Yes,0.5129,2026-09-21T16:42:19.353279+00:00,baseline_v1
FT-T005057,No,0.354,2026-09-21T16:42:19.353279+00:00,baseline_v1
FT-T005058,No,0.3958,2026-09-21T16:42:19.353279+00:00,baseline_v1
FT-T005059,No,0.3267,2026-09-21T16:42:19.353279+00:00,baseline_v1
FT-T005060,No,0.3886,2026-09-21T16:42:19.353279+00:00,baseline_v1
FT-T005061,Yes,0.6819,2026-09-21T16:42:19.353279+00:00,baseline_v1
FT-T005062,Yes,0.6217,2026-09-21T16:42:19.353279+00:00,baseline_v1
FT-T005063,No,0.327,2026-09-21T16:42:19.353279+00:00,baseline_v1
FT-T005064,No,0.3999,2026-09-21T16:42:19.353279+00:00,baseline_v1
FT-T005065,No,0.2632,2026-09-21T16:42:19.353279+00:00,baseline_v1
FT-T005066,No,0.2585,2026-09-21T16:42:19.353279+00:00,baseline_v1
FT-T005067,No,0.2385,2026-09-21T16:42:19.353279+00:00,baseline_v1
FT-T005068,No,0.4351,2026-09-21T16:42:19.353279+00:00,baseline_v1
FT-T005069,No,0.4498,2026-09-21T16:42:19.353279+00:00,baseline_v1
FT-T005070,Yes,0.5133,2026-09-21T16:42:19.353279+00:00,baseline_v1
FT-T005071,No,0.4714,2026-09-21T16:42:19.353279+00:00,baseline_v1
FT-T005072,Yes,0.647,2026-09-21T16:42:19.353279+00:00,baseline_v1
FT-T005073,Yes,0.5488,2026-09-21T16:42:19.353279+00:00,baseline_v1
FT-T005074,Yes,0.7964,2026-09-21T16:42:19.353279+00:00,baseline_v1
FT-T005075,No,0.4664,2026-09-21T16:42:19.353279+00:00,baseline_v1
FT-T005076,No,0.447,2026-09-21T16:42:19.353279+00:00,baseline_v1
FT-T005077,No,0.4357,2026-09-21T16:42:19.353279+00:00,baseline_v1
FT-T005078,Yes,0.6619,2026-09-21T16:42:19.353279+00:00,baseline_v1
FT-T005079,Yes,0.6315,2026-09-21T16:42:19.353279+00:00,baseline_v1
FT-T005080,No,0.4523,2026-09-21T16:42:19.353279+00:00,baseline_v1
FT-T005081,No,0.37,2026-09-21T16:42:19.353279+00:00,baseline_v1
FT-T005082,Yes,0.7677,2026-09-21T16:42:19.353279+00:00,baseline_v1
FT-T005083,No,0.4332,2026-09-21T16:42:19.353279+00:00,baseline_v1
FT-T005084,Yes,0.6886,2026-09-21T16:42:19.353279+00:00,baseline_v1
FT-T005085,Yes,0.6357,2026-09-21T16:42:19.353279+00:00,baseline_v1
FT-T005086,Yes,0.5831,2026-09-21T16:42:19.353279+00:00,baseline_v1
FT-T005087,Yes,0.6645,2026-09-21T16:42:19.353279+00:00,baseline_v1
FT-T005088,Yes,0.8224,2026-09-21T16:42:19.353279+00:00,baseline_v1
FT-T005089,No,0.3709,2026-09-21T16:42:19.353279+00:00,baseline_v1
FT-T005090,Yes,0.6087,2026-09-21T16:42:19.353279+00:00,baseline_v1
FT-T005091,Yes,0.6992,2026-09-21T16:42:19.353279+00:00,baseline_v1
FT-T005092,Yes,0.6151,2026-09-21T16:42:19.353279+00:00,baseline_v1
FT-T005093,No,0.3666,2026-09-21T16:42:19.353279+00:00,baseline_v1
FT-T005094,Yes,0.5002,2026-09-21T16:42:19.353279+00:00,baseline_v1
FT-T005095,No,0.4436,2026-09-21T16:42:19.353279+00:00,baseline_v1
FT-T005096,Yes,0.6233,2026-09-21T16:42:19.353279+00:00,baseline_v1
FT-T005097,Yes,0.7413,2026-09-21T16:42:19.353279+00:00,baseline_v1
FT-T005098,No,0.4085,2026-09-21T16:42:19.353279+00:00,baseline_v1
FT-T005099,No,0.4148,2026-09-21T16:42:19.353279+00:00,baseline_v1
FT-T005100,No,0.3913,2026-09-21T16:42:19.353279+00:00,baseline_v1
FT-T005101,No,0.4786,2026-09-21T16:42:19.353279+00:00,baseline_v1
FT-T005102,No,0.4196,2026-09-21T16:42:19.353279+00:00,baseline_v1
FT-T005103,No,0.4078,2026-09-21T16:42:19.353279+00:00,baseline_v1
FT-T005104,No,0.4187,2026-09-21T16:42:19.353279+00:00,baseline_v1
FT-T005105,No,0.4125,2026-09-21T16:42:19.353279+00:00,baseline_v1
FT-T005106,No,0.4837,2026-09-21T16:42:19.353279+00:00,baseline_v1
FT-T005107,No,0.4539,2026-09-21T16:42:19.353279+00:00,baseline_v1
FT-T005108,No,0.3062,2026-09-21T16:42:19.353279+00:00,baseline_v1
FT-T005109,No,0.4219,2026-09-21T16:42:19.353279+00:00,baseline_v1
FT-T005110,No,0.3727,2026-09-21T16:42:19.353279+00:00,baseline_v1
FT-T005111,No,0.4164,2026-09-21T16:42:19.353279+00:00,baseline_v1
FT-T005112,No,0.2728,2026-09-21T16:42:19.353279+00:00,baseline_v1
FT-T005113,No,0.3757,2026-09-21T16:42:19.353279+00:00,baseline_v1
FT-T005114,No,0.3954,2026-09-21T16:42:19.353279+00:00,baseline_v1
FT-T005115,Yes,0.828,2026-09-21T16:42:19.353279+00:00,baseline_v1
FT-T005116,No,0.3798,2026-09-21T16:42:19.353279+00:00,baseline_v1
FT-T005117,No,0.3872,2026-09-21T16:42:19.353279+00:00,baseline_v1
FT-T005118,Yes,0.5865,2026-09-21T16:42:19.353279+00:00,baseline_v1
FT-T005119,Yes,0.6939,2026-09-21T16:42:19.353279+00:00,baseline_v1
FT-T005120,No,0.4394,2026-09-21T16:42:19.353279+00:00,baseline_v1
FT-T005121,Yes,0.5818,2026-09-21T16:42:19.353279+00:00,baseline_v1
FT-T005122,No,0.4123,2026-09-21T16:42:19.353279+00:00,baseline_v1
FT-T005123,No,0.4075,2026-09-21T16:42:19.353279+00:00,baseline_v1
FT-T005124,No,0.3849,2026-09-21T16:42:19.353279+00:00,baseline_v1
FT-T005125,No,0.4855,2026-09-21T16:42:19.353279+00:00,baseline_v1
FT-T005126,No,0.3364,2026-09-21T16:42:19.353279+00:00,baseline_v1
FT-T005127,No,0.3691,2026-09-21T16:42:19.353279+00:00,baseline_v1
FT-T005128,No,0.341,2026-09-21T16:42:19.353279+00:00,baseline_v1
FT-T005129,Yes,0.6191,2026-09-21T16:42:19.353279+00:00,baseline_v1
FT-T005130,No,0.4265,2026-09-21T16:42:19.353279+00:00,baseline_v1
FT-T005131,No,0.3724,2026-09-21T16:42:19.353279+00:00,baseline_v1
FT-T005132,Yes,0.5996,2026-09-21T16:42:19.353279+00:00,baseline_v1
FT-T005133,No,0.3836,2026-09-21T16:42:19.353279+00:00,baseline_v1
FT-T005134,Yes,0.5238,2026-09-21T16:42:19.353279+00:00,baseline_v1
FT-T005135,No,0.3436,2026-09-21T16:42:19.353279+00:00,baseline_v1
FT-T005136,No,0.3699,2026-09-21T16:42:19.353279+00:00,baseline_v1
FT-T005137,Yes,0.5321,2026-09-21T16:42:19.353279+00:00,baseline_v1
FT-T005138,Yes,0.5301,2026-09-21T16:42:19.353279+00:00,baseline_v1
FT-T005139,No,0.451,2026-09-21T16:42:19.353279+00:00,baseline_v1
FT-T005140,No,0.2919,2026-09-21T16:42:19.353279+00:00,baseline_v1
FT-T005141,Yes,0.654,2026-09-21T16:42:19.353279+00:00,baseline_v1
FT-T005142,No,0.4484,2026-09-21T16:42:19.353279+00:00,baseline_v1
FT-T005143,No,0.3464,2026-09-21T16:42:19.353279+00:00,baseline_v1
FT-T005144,No,0.3487,2026-09-21T16:42:19.353279+00:00,baseline_v1
FT-T005145,No,0.3309,2026-09-21T16:42:19.353279+00:00,baseline_v1
FT-T005146,Yes,0.5674,2026-09-21T16:42:19.353279+00:00,baseline_v1
FT-T005147,Yes,0.5893,2026-09-21T16:42:19.353279+00:00,baseline_v1
FT-T005148,Yes,0.6197,2026-09-21T16:42:19.353279+00:00,baseline_v1
FT-T005149,No,0.3232,2026-09-21T16:42:19.353279+00:00,baseline_v1
FT-T005150,Yes,0.7277,2026-09-21T16:42:19.353279+00:00,baseline_v1
FT-T005151,Yes,0.527,2026-09-21T16:42:19.353279+00:00,baseline_v1
FT-T005152,Yes,0.5856,2026-09-21T16:42:19.353279+00:00,baseline_v1
FT-T005153,No,0.4846,2026-09-21T16:42:19.353279+00:00,baseline_v1
FT-T005154,Yes,0.5648,2026-09-21T16:42:19.353279+00:00,baseline_v1
FT-T005155,No,0.4505,2026-09-21T16:42:19.353279+00:00,baseline_v1
FT-T005156,No,0.3316,2026-09-21T16:42:19.353279+00:00,baseline_v1
FT-T005157,Yes,0.5135,2026-09-21T16:42:19.353279+00:00,baseline_v1
FT-T005158,No,0.2555,2026-09-21T16:42:19.353279+00:00,baseline_v1
FT-T005159,No,0.3283,2026-09-21T16:42:19.353279+00:00,baseline_v1
FT-T005160,Yes,0.5086,2026-09-21T16:42:19.353279+00:00,baseline_v1
FT-T005161,Yes,0.5091,2026-09-21T16:42:19.353279+00:00,baseline_v1
FT-T005162,Yes,0.5856,2026-09-21T16:42:19.353279+00:00,baseline_v1
FT-T005163,No,0.2781,2026-09-21T16:42:19.353279+00:00,baseline_v1
FT-T005164,No,0.4554,2026-09-21T16:42:19.353279+00:00,baseline_v1
FT-T005165,No,0.3723,2026-09-21T16:42:19.353279+00:00,baseline_v1
FT-T005166,No,0.3302,2026-09-21T16:42:19.353279+00:00,baseline_v1
FT-T005167,Yes,0.8159,2026-09-21T16:42:19.353279+00:00,baseline_v1
FT-T005168,No,0.2305,2026-09-21T16:42:19.353279+00:00,baseline_v1
FT-T005169,No,0.4278,2026-09-21T16:42:19.353279+00:00,baseline_v1
FT-T005170,No,0.3092,2026-09-21T16:42:19.353279+00:00,baseline_v1
FT-T005171,No,0.3512,2026-09-21T16:42:19.353279+00:00,baseline_v1
FT-T005172,No,0.3084,2026-09-21T16:42:19.353279+00:00,baseline_v1
FT-T005173,No,0.2783,2026-09-21T16:42:19.353279+00:00,baseline_v1
FT-T005174,No,0.4233,2026-09-21T16:42:19.353279+00:00,baseline_v1
FT-T005175,Yes,0.5612,2026-09-21T16:42:19.353279+00:00,baseline_v1
FT-T005176,Yes,0.5174,2026-09-21T16:42:19.353279+00:00,baseline_v1
FT-T005177,No,0.4705,2026-09-21T16:42:19.353279+00:00,baseline_v1
FT-T005178,No,0.3926,2026-09-21T16:42:19.353279+00:00,baseline_v1
FT-T005179,Yes,0.579,2026-09-21T16:42:19.353279+00:00,baseline_v1
FT-T005180,Yes,0.5871,2026-09-21T16:42:19.353279+00:00,baseline_v1
FT-T005181,No,0.4242,2026-09-21T16:42:19.353279+00:00,baseline_v1
FT-T005182,No,0.3133,2026-09-21T16:42:19.353279+00:00,baseline_v1
FT-T005183,No,0.472,2026-09-21T16:42:19.353279+00:00,baseline_v1
FT-T005184,Yes,0.8257,2026-09-21T16:42:19.353279+00:00,baseline_v1
FT-T005185,No,0.2734,2026-09-21T16:42:19.353279+00:00,baseline_v1
FT-T005186,No,0.3278,2026-09-21T16:42:19.353279+00:00,baseline_v1
FT-T005187,No,0.433,2026-09-21T16:42:19.353279+00:00,baseline_v1
FT-T005188,No,0.4739,2026-09-21T16:42:19.353279+00:00,baseline_v1
FT-T005189,No,0.3302,2026-09-21T16:42:19.353279+00:00,baseline_v1
FT-T005190,Yes,0.5669,2026-09-21T16:42:19.353279+00:00,baseline_v1
FT-T005191,No,0.216,2026-09-21T16:42:19.353279+00:00,baseline_v1
FT-T005192,No,0.3399,2026-09-21T16:42:19.353279+00:00,baseline_v1
FT-T005193,No,0.259,2026-09-21T16:42:19.353279+00:00,baseline_v1
FT-T005194,Yes,0.8745,2026-09-21T16:42:19.353279+00:00,baseline_v1
FT-T005195,No,0.3589,2026-09-21T16:42:19.353279+00:00,baseline_v1
FT-T005196,No,0.3953,2026-09-21T16:42:19.353279+00:00,baseline_v1
FT-T005197,No,0.4529,2026-09-21T16:42:19.353279+00:00,baseline_v1
FT-T005198,No,0.2603,2026-09-21T16:42:19.353279+00:00,baseline_v1
FT-T005199,No,0.2399,2026-09-21T16:42:19.353279+00:00,baseline_v1
FT-T005200,No,0.2757,2026-09-21T16:42:19.353279+00:00,baseline_v1
FT-T005201,Yes,0.7447,2026-09-21T16:42:19.353279+00:00,baseline_v1
FT-T005202,No,0.4671,2026-09-21T16:42:19.353279+00:00,baseline_v1
FT-T005203,No,0.4655,2026-09-21T16:42:19.353279+00:00,baseline_v1
FT-T005204,No,0.4968,2026-09-21T16:42:19.353279+00:00,baseline_v1
FT-T005205,Yes,0.6726,2026-09-21T16:42:19.353279+00:00,baseline_v1
FT-T005206,No,0.4373,2026-09-21T16:42:19.353279+00:00,baseline_v1
FT-T005207,Yes,0.5054,2026-09-21T16:42:19.353279+00:00,baseline_v1
FT-T005208,No,0.4349,2026-09-21T16:42:19.353279+00:00,baseline_v1
FT-T005209,No,0.3621,2026-09-21T16:42:19.353279+00:00,baseline_v1
FT-T005210,No,0.4476,2026-09-21T16:42:19.353279+00:00,baseline_v1
FT-T005211,Yes,0.6796,2026-09-21T16:42:19.353279+00:00,baseline_v1
FT-T005212,No,0.4188,2026-09-21T16:42:19.353279+00:00,baseline_v1
FT-T005213,Yes,0.7434,2026-09-21T16:42:19.353279+00:00,baseline_v1
FT-T005214,Yes,0.6405,2026-09-21T16:42:19.353279+00:00,baseline_v1
FT-T005215,No,0.4061,2026-09-21T16:42:19.353279+00:00,baseline_v1
FT-T005216,No,0.4886,2026-09-21T16:42:19.353279+00:00,baseline_v1
FT-T005217,Yes,0.6772,2026-09-21T16:42:19.353279+00:00,baseline_v1
FT-T005218,Yes,0.6212,2026-09-21T16:42:19.353279+00:00,baseline_v1
FT-T005219,Yes,0.6722,2026-09-21T16:42:19.353279+00:00,baseline_v1
FT-T005220,Yes,0.6951,2026-09-21T16:42:19.353279+00:00,baseline_v1
FT-T005221,No,0.3632,2026-09-21T16:42:19.353279+00:00,baseline_v1
FT-T005222,Yes,0.6302,2026-09-21T16:42:19.353279+00:00,baseline_v1
FT-T005223,No,0.3808,2026-09-21T16:42:19.353279+00:00,baseline_v1
FT-T005224,Yes,0.6062,2026-09-21T16:42:19.353279+00:00,baseline_v1
FT-T005225,Yes,0.5919,2026-09-21T16:42:19.353279+00:00,baseline_v1
FT-T005226,Yes,0.6861,2026-09-21T16:42:19.353279+00:00,baseline_v1
FT-T005227,No,0.37,2026-09-21T16:42:19.353279+00:00,baseline_v1
FT-T005228,No,0.3986,2026-09-21T16:42:19.353279+00:00,baseline_v1
FT-T005229,Yes,0.6395,2026-09-21T16:42:19.353279+00:00,baseline_v1
FT-T005230,No,0.4893,2026-09-21T16:42:19.353279+00:00,baseline_v1
FT-T005231,No,0.4362,2026-09-21T16:42:19.353279+00:00,baseline_v1
FT-T005232,Yes,0.5504,2026-09-21T16:42:19.353279+00:00,baseline_v1
FT-T005233,Yes,0.6458,2026-09-21T16:42:19.353279+00:00,baseline_v1
FT-T005234,Yes,0.5921,2026-09-21T16:42:19.353279+00:00,baseline_v1
FT-T005235,No,0.3761,2026-09-21T16:42:19.353279+00:00,baseline_v1
FT-T005236,Yes,0.5842,2026-09-21T16:42:19.353279+00:00,baseline_v1
FT-T005237,Yes,0.5765,2026-09-21T16:42:19.353279+00:00,baseline_v1
FT-T005238,Yes,0.6859,2026-09-21T16:42:19.353279+00:00,baseline_v1
FT-T005239,Yes,0.5038,2026-09-21T16:42:19.353279+00:00,baseline_v1
FT-T005240,No,0.4327,2026-09-21T16:42:19.353279+00:00,baseline_v1
FT-T005241,No,0.3529,2026-09-21T16:42:19.353279+00:00,baseline_v1
FT-T005242,Yes,0.7368,2026-09-21T16:42:19.353279+00:00,baseline_v1
FT-T005243,No,0.329,2026-09-21T16:42:19.353279+00:00,baseline_v1
FT-T005244,Yes,0.5319,2026-09-21T16:42:19.353279+00:00,baseline_v1
FT-T005245,No,0.3305,2026-09-21T16:42:19.353279+00:00,baseline_v1
FT-T005246,No,0.3536,2026-09-21T16:42:19.353279+00:00,baseline_v1
FT-T005247,No,0.3334,2026-09-21T16:42:19.353279+00:00,baseline_v1
FT-T005248,Yes,0.828,2026-09-21T16:42:19.353279+00:00,baseline_v1
FT-T005249,Yes,0.521,2026-09-21T16:42:19.353279+00:00,baseline_v1
FT-T005250,Yes,0.6675,2026-09-21T16:42:19.353279+00:00,baseline_v1
FT-T005251,Yes,0.5526,2026-09-21T16:42:19.353279+00:00,baseline_v1
FT-T005252,No,0.3423,2026-09-21T16:42:19.353279+00:00,baseline_v1
FT-T005253,Yes,0.7051,2026-09-21T16:42:19.353279+00:00,baseline_v1
FT-T005254,Yes,0.7886,2026-09-21T16:42:19.353279+00:00,baseline_v1
FT-T005255,No,0.2822,2026-09-21T16:42:19.353279+00:00,baseline_v1
FT-T005256,Yes,0.7839,2026-09-21T16:42:19.353279+00:00,baseline_v1
FT-T005257,Yes,0.5991,2026-09-21T16:42:19.353279+00:00,baseline_v1
FT-T005258,No,0.4624,2026-09-21T16:42:19.353279+00:00,baseline_v1
FT-T005259,Yes,0.5993,2026-09-21T16:42:19.353279+00:00,baseline_v1
FT-T005260,No,0.4091,2026-09-21T16:42:19.353279+00:00,baseline_v1
FT-T005261,No,0.3107,2026-09-21T16:42:19.353279+00:00,baseline_v1
FT-T005262,Yes,0.5564,2026-09-21T16:42:19.353279+00:00,baseline_v1
FT-T005263,No,0.2729,2026-09-21T16:42:19.353279+00:00,baseline_v1
FT-T005264,No,0.3499,2026-09-21T16:42:19.353279+00:00,baseline_v1
FT-T005265,No,0.3255,2026-09-21T16:42:19.353279+00:00,baseline_v1
FT-T005266,No,0.3884,2026-09-21T16:42:19.353279+00:00,baseline_v1
FT-T005267,Yes,0.5487,2026-09-21T16:42:19.353279+00:00,baseline_v1
FT-T005268,Yes,0.5442,2026-09-21T16:42:19.353279+00:00,baseline_v1
FT-T005269,No,0.3798,2026-09-21T16:42:19.353279+00:00,baseline_v1
FT-T005270,Yes,0.507,2026-09-21T16:42:19.353279+00:00,baseline_v1
FT-T005271,Yes,0.501,2026-09-21T16:42:19.353279+00:00,baseline_v1
FT-T005272,No,0.3017,2026-09-21T16:42:19.353279+00:00,baseline_v1
FT-T005273,Yes,0.5343,2026-09-21T16:42:19.353279+00:00,baseline_v1
FT-T005274,No,0.2983,2026-09-21T16:42:19.353279+00:00,baseline_v1
FT-T005275,Yes,0.6913,2026-09-21T16:42:19.353279+00:00,baseline_v1
FT-T005276,No,0.376,2026-09-21T16:42:19.353279+00:00,baseline_v1
FT-T005277,Yes,0.5443,2026-09-21T16:42:19.353279+00:00,baseline_v1
FT-T005278,No,0.3509,2026-09-21T16:42:19.353279+00:00,baseline_v1
FT-T005279,No,0.2782,2026-09-21T16:42:19.353279+00:00,baseline_v1
FT-T005280,No,0.4975,2026-09-21T16:42:19.353279+00:00,baseline_v1
FT-T005281,No,0.3105,2026-09-21T16:42:19.353279+00:00,baseline_v1
FT-T005282,No,0.2858,2026-09-21T16:42:19.353279+00:00,baseline_v1
FT-T005283,Yes,0.5854,2026-09-21T16:42:19.353279+00:00,baseline_v1
FT-T005284,No,0.4806,2026-09-21T16:42:19.353279+00:00,baseline_v1
FT-T005285,Yes,0.5473,2026-09-21T16:42:19.353279+00:00,baseline_v1
FT-T005286,No,0.3228,2026-09-21T16:42:19.353279+00:00,baseline_v1
FT-T005287,Yes,0.584,2026-09-21T16:42:19.353279+00:00,baseline_v1
FT-T005288,No,0.4412,2026-09-21T16:42:19.353279+00:00,baseline_v1
FT-T005289,No,0.3802,2026-09-21T16:42:19.353279+00:00,baseline_v1
FT-T005290,Yes,0.5677,2026-09-21T16:42:19.353279+00:00,baseline_v1
FT-T005291,Yes,0.571,2026-09-21T16:42:19.353279+00:00,baseline_v1
FT-T005292,No,0.3597,2026-09-21T16:42:19.353279+00:00,baseline_v1
FT-T005293,No,0.2391,2026-09-21T16:42:19.353279+00:00,baseline_v1
FT-T005294,No,0.3597,2026-09-21T16:42:19.353279+00:00,baseline_v1
FT-T005295,No,0.3632,2026-09-21T16:42:19.353279+00:00,baseline_v1
FT-T005296,No,0.3429,2026-09-21T16:42:19.353279+00:00,baseline_v1
FT-T005297,No,0.3819,2026-09-21T16:42:19.353279+00:00,baseline_v1
FT-T005298,No,0.2758,2026-09-21T16:42:19.353279+00:00,baseline_v1
FT-T005299,No,0.4031,2026-09-21T16:42:19.353279+00:00,baseline_v1
FT-T005300,No,0.3401,2026-09-21T16:42:19.353279+00:00,baseline_v1
FT-T005301,No,0.4039,2026-09-21T16:42:19.353279+00:00,baseline_v1
FT-T005302,No,0.3059,2026-09-21T16:42:19.353279+00:00,baseline_v1
FT-T005303,No,0.3003,2026-09-21T16:42:19.353279+00:00,baseline_v1
FT-T005304,No,0.3944,2026-09-21T16:42:19.353279+00:00,baseline_v1
FT-T005305,No,0.3465,2026-09-21T16:42:19.353279+00:00,baseline_v1
FT-T005306,Yes,0.5424,2026-09-21T16:42:19.353279+00:00,baseline_v1
FT-T005307,Yes,0.5044,2026-09-21T16:42:19.353279+00:00,baseline_v1
FT-T005308,No,0.3685,2026-09-21T16:42:19.353279+00:00,baseline_v1
FT-T005309,No,0.4727,2026-09-21T16:42:19.353279+00:00,baseline_v1
FT-T005310,Yes,0.5479,2026-09-21T16:42:19.353279+00:00,baseline_v1
FT-T005311,No,0.3584,2026-09-21T16:42:19.353279+00:00,baseline_v1
FT-T005312,No,0.2618,2026-09-21T16:42:19.353279+00:00,baseline_v1
FT-T005313,Yes,0.5073,2026-09-21T16:42:19.353279+00:00,baseline_v1
FT-T005314,No,0.2992,2026-09-21T16:42:19.353279+00:00,baseline_v1
FT-T005315,No,0.2412,2026-09-21T16:42:19.353279+00:00,baseline_v1
FT-T005316,Yes,0.5704,2026-09-21T16:42:19.353279+00:00,baseline_v1
FT-T005317,Yes,0.5718,2026-09-21T16:42:19.353279+00:00,baseline_v1
FT-T005318,No,0.4449,2026-09-21T16:42:19.353279+00:00,baseline_v1
FT-T005319,No,0.3213,2026-09-21T16:42:19.353279+00:00,baseline_v1
FT-T005320,No,0.4157,2026-09-21T16:42:19.353279+00:00,baseline_v1
FT-T005321,Yes,0.5136,2026-09-21T16:42:19.353279+00:00,baseline_v1
FT-T005322,No,0.2506,2026-09-21T16:42:19.353279+00:00,baseline_v1
FT-T005323,Yes,0.5953,2026-09-21T16:42:19.353279+00:00,baseline_v1
FT-T005324,No,0.4184,2026-09-21T16:42:19.353279+00:00,baseline_v1
FT-T005325,No,0.4884,2026-09-21T16:42:19.353279+00:00,baseline_v1
FT-T005326,No,0.1917,2026-09-21T16:42:19.353279+00:00,baseline_v1
FT-T005327,No,0.2619,2026-09-21T16:42:19.353279+00:00,baseline_v1
FT-T005328,No,0.4103,2026-09-21T16:42:19.353279+00:00,baseline_v1
FT-T005329,No,0.2203,2026-09-21T16:42:19.353279+00:00,baseline_v1
FT-T005330,No,0.4521,2026-09-21T16:42:19.353279+00:00,baseline_v1
FT-T005331,No,0.3421,2026-09-21T16:42:19.353279+00:00,baseline_v1
FT-T005332,No,0.2882,2026-09-21T16:42:19.353279+00:00,baseline_v1
FT-T005333,No,0.4034,2026-09-21T16:42:19.353279+00:00,baseline_v1
FT-T005334,Yes,0.5487,2026-09-21T16:42:19.353279+00:00,baseline_v1
FT-T005335,Yes,0.5124,2026-09-21T16:42:19.353279+00:00,baseline_v1
FT-T005336,Yes,0.6906,2026-09-21T16:42:19.353279+00:00,baseline_v1
FT-T005337,Yes,0.6515,2026-09-21T16:42:19.353279+00:00,baseline_v1
FT-T005338,Yes,0.6098,2026-09-21T16:42:19.353279+00:00,baseline_v1
FT-T005339,Yes,0.522,2026-09-21T16:42:19.353279+00:00,baseline_v1
FT-T005340,Yes,0.7031,2026-09-21T16:42:19.353279+00:00,baseline_v1
FT-T005341,Yes,0.7101,2026-09-21T16:42:19.353279+00:00,baseline_v1
FT-T005342,No,0.4536,2026-09-21T16:42:19.353279+00:00,baseline_v1
FT-T005343,Yes,0.5738,2026-09-21T16:42:19.353279+00:00,baseline_v1
FT-T005344,No,0.4102,2026-09-21T16:42:19.353279+00:00,baseline_v1
FT-T005345,Yes,0.6294,2026-09-21T16:42:19.353279+00:00,baseline_v1
FT-T005346,No,0.4189,2026-09-21T16:42:19.353279+00:00,baseline_v1
FT-T005347,No,0.4217,2026-09-21T16:42:19.353279+00:00,baseline_v1
FT-T005348,No,0.4588,2026-09-21T16:42:19.353279+00:00,baseline_v1
FT-T005349,Yes,0.7622,2026-09-21T16:42:19.353279+00:00,baseline_v1
FT-T005350,No,0.4277,2026-09-21T16:42:19.353279+00:00,baseline_v1
FT-T005351,No,0.3459,2026-09-21T16:42:19.353279+00:00,baseline_v1
FT-T005352,Yes,0.5854,2026-09-21T16:42:19.353279+00:00,baseline_v1
FT-T005353,No,0.3767,2026-09-21T16:42:19.353279+00:00,baseline_v1
FT-T005354,No,0.4489,2026-09-21T16:42:19.353279+00:00,baseline_v1
FT-T005355,Yes,0.7379,2026-09-21T16:42:19.353279+00:00,baseline_v1
FT-T005356,No,0.4168,2026-09-21T16:42:19.353279+00:00,baseline_v1
FT-T005357,No,0.335,2026-09-21T16:42:19.353279+00:00,baseline_v1
FT-T005358,Yes,0.5494,2026-09-21T16:42:19.353279+00:00,baseline_v1
FT-T005359,No,0.4745,2026-09-21T16:42:19.353279+00:00,baseline_v1
FT-T005360,No,0.3346,2026-09-21T16:42:19.353279+00:00,baseline_v1
FT-T005361,No,0.4109,2026-09-21T16:42:19.353279+00:00,baseline_v1
FT-T005362,Yes,0.6448,2026-09-21T16:42:19.353279+00:00,baseline_v1
FT-T005363,Yes,0.5619,2026-09-21T16:42:19.353279+00:00,baseline_v1
FT-T005364,No,0.3707,2026-09-21T16:42:19.353279+00:00,baseline_v1
FT-T005365,Yes,0.8522,2026-09-21T16:42:19.353279+00:00,baseline_v1
FT-T005366,Yes,0.7886,2026-09-21T16:42:19.353279+00:00,baseline_v1
FT-T005367,No,0.3865,2026-09-21T16:42:19.353279+00:00,baseline_v1
FT-T005368,Yes,0.5822,2026-09-21T16:42:19.353279+00:00,baseline_v1
FT-T005369,Yes,0.8477,2026-09-21T16:42:19.353279+00:00,baseline_v1
FT-T005370,No,0.476,2026-09-21T16:42:19.353279+00:00,baseline_v1
FT-T005371,No,0.3208,2026-09-21T16:42:19.353279+00:00,baseline_v1
FT-T005372,No,0.4208,2026-09-21T16:42:19.353279+00:00,baseline_v1
FT-T005373,No,0.4677,2026-09-21T16:42:19.353279+00:00,baseline_v1
FT-T005374,No,0.3138,2026-09-21T16:42:19.353279+00:00,baseline_v1
FT-T005375,No,0.3775,2026-09-21T16:42:19.353279+00:00,baseline_v1
FT-T005376,No,0.3255,2026-09-21T16:42:19.353279+00:00,baseline_v1
FT-T005377,No,0.4329,2026-09-21T16:42:19.353279+00:00,baseline_v1
FT-T005378,No,0.3066,2026-09-21T16:42:19.353279+00:00,baseline_v1
FT-T005379,No,0.2984,2026-09-21T16:42:19.353279+00:00,baseline_v1
FT-T005380,No,0.3717,2026-09-21T16:42:19.353279+00:00,baseline_v1
FT-T005381,Yes,0.5897,2026-09-21T16:42:19.353279+00:00,baseline_v1
FT-T005382,No,0.3091,2026-09-21T16:42:19.353279+00:00,baseline_v1
FT-T005383,No,0.3856,2026-09-21T16:42:19.353279+00:00,baseline_v1
FT-T005384,No,0.4383,2026-09-21T16:42:19.353279+00:00,baseline_v1
FT-T005385,Yes,0.5617,2026-09-21T16:42:19.353279+00:00,baseline_v1
FT-T005386,Yes,0.6195,2026-09-21T16:42:19.353279+00:00,baseline_v1
FT-T005387,Yes,0.6114,2026-09-21T16:42:19.353279+00:00,baseline_v1
FT-T005388,No,0.358,2026-09-21T16:42:19.353279+00:00,baseline_v1
FT-T005389,Yes,0.7164,2026-09-21T16:42:19.353279+00:00,baseline_v1
FT-T005390,No,0.3831,2026-09-21T16:42:19.353279+00:00,baseline_v1
FT-T005391,No,0.3562,2026-09-21T16:42:19.353279+00:00,baseline_v1
FT-T005392,No,0.3198,2026-09-21T16:42:19.353279+00:00,baseline_v1
FT-T005393,Yes,0.6624,2026-09-21T16:42:19.353279+00:00,baseline_v1
FT-T005394,No,0.4922,2026-09-21T16:42:19.353279+00:00,baseline_v1
FT-T005395,No,0.2882,2026-09-21T16:42:19.353279+00:00,baseline_v1
FT-T005396,Yes,0.5575,2026-09-21T16:42:19.353279+00:00,baseline_v1
FT-T005397,Yes,0.5834,2026-09-21T16:42:19.353279+00:00,baseline_v1
FT-T005398,No,0.3204,2026-09-21T16:42:19.353279+00:00,baseline_v1
FT-T005399,No,0.3888,2026-09-21T16:42:19.353279+00:00,baseline_v1
FT-T005400,Yes,0.63,2026-09-21T16:42:19.353279+00:00,baseline_v1
FT-T005401,Yes,0.5872,2026-09-21T16:42:19.353279+00:00,baseline_v1
FT-T005402,Yes,0.5637,2026-09-21T16:42:19.353279+00:00,baseline_v1
FT-T005403,Yes,0.5888,2026-09-21T16:42:19.353279+00:00,baseline_v1
FT-T005404,Yes,0.5501,2026-09-21T16:42:19.353279+00:00,baseline_v1
FT-T005405,No,0.2849,2026-09-21T16:42:19.353279+00:00,baseline_v1
FT-T005406,No,0.323,2026-09-21T16:42:19.353279+00:00,baseline_v1
FT-T005407,No,0.298,2026-09-21T16:42:19.353279+00:00,baseline_v1
FT-T005408,No,0.3806,2026-09-21T16:42:19.353279+00:00,baseline_v1
FT-T005409,No,0.3174,2026-09-21T16:42:19.353279+00:00,baseline_v1
FT-T005410,Yes,0.6596,2026-09-21T16:42:19.353279+00:00,baseline_v1
FT-T005411,No,0.3461,2026-09-21T16:42:19.353279+00:00,baseline_v1
FT-T005412,No,0.3055,2026-09-21T16:42:19.353279+00:00,baseline_v1
FT-T005413,No,0.4739,2026-09-21T16:42:19.353279+00:00,baseline_v1
FT-T005414,No,0.4935,2026-09-21T16:42:19.353279+00:00,baseline_v1
FT-T005415,No,0.4402,2026-09-21T16:42:19.353279+00:00,baseline_v1
FT-T005416,Yes,0.7743,2026-09-21T16:42:19.353279+00:00,baseline_v1
FT-T005417,No,0.264,2026-09-21T16:42:19.353279+00:00,baseline_v1
FT-T005418,Yes,0.5532,2026-09-21T16:42:19.353279+00:00,baseline_v1
FT-T005419,No,0.4839,2026-09-21T16:42:19.353279+00:00,baseline_v1
FT-T005420,Yes,0.5482,2026-09-21T16:42:19.353279+00:00,baseline_v1
FT-T005421,Yes,0.5607,2026-09-21T16:42:19.353279+00:00,baseline_v1
FT-T005422,No,0.498,2026-09-21T16:42:19.353279+00:00,baseline_v1
FT-T005423,No,0.3181,2026-09-21T16:42:19.353279+00:00,baseline_v1
FT-T005424,Yes,0.7655,2026-09-21T16:42:19.353279+00:00,baseline_v1
FT-T005425,Yes,0.7429,2026-09-21T16:42:19.353279+00:00,baseline_v1
FT-T005426,Yes,0.5237,2026-09-21T16:42:19.353279+00:00,baseline_v1
FT-T005427,No,0.2957,2026-09-21T16:42:19.353279+00:00,baseline_v1
FT-T005428,Yes,0.5924,2026-09-21T16:42:19.353279+00:00,baseline_v1
FT-T005429,No,0.2197,2026-09-21T16:42:19.353279+00:00,baseline_v1
FT-T005430,No,0.2771,2026-09-21T16:42:19.353279+00:00,baseline_v1
FT-T005431,No,0.2972,2026-09-21T16:42:19.353279+00:00,baseline_v1
FT-T005432,No,0.2368,2026-09-21T16:42:19.353279+00:00,baseline_v1
FT-T005433,Yes,0.5001,2026-09-21T16:42:19.353279+00:00,baseline_v1
FT-T005434,No,0.3115,2026-09-21T16:42:19.353279+00:00,baseline_v1
FT-T005435,No,0.4547,2026-09-21T16:42:19.353279+00:00,baseline_v1
FT-T005436,No,0.4548,2026-09-21T16:42:19.353279+00:00,baseline_v1
FT-T005437,No,0.2359,2026-09-21T16:42:19.353279+00:00,baseline_v1
FT-T005438,Yes,0.5994,2026-09-21T16:42:19.353279+00:00,baseline_v1
FT-T005439,No,0.2593,2026-09-21T16:42:19.353279+00:00,baseline_v1
FT-T005440,No,0.454,2026-09-21T16:42:19.353279+00:00,baseline_v1
FT-T005441,No,0.4966,2026-09-21T16:42:19.353279+00:00,baseline_v1
FT-T005442,No,0.2479,2026-09-21T16:42:19.353279+00:00,baseline_v1
FT-T005443,No,0.28,2026-09-21T16:42:19.353279+00:00,baseline_v1
FT-T005444,Yes,0.555,2026-09-21T16:42:19.353279+00:00,baseline_v1
FT-T005445,Yes,0.5041,2026-09-21T16:42:19.353279+00:00,baseline_v1
FT-T005446,No,0.3051,2026-09-21T16:42:19.353279+00:00,baseline_v1
FT-T005447,No,0.4749,2026-09-21T16:42:19.353279+00:00,baseline_v1
FT-T005448,Yes,0.5579,2026-09-21T16:42:19.353279+00:00,baseline_v1
FT-T005449,Yes,0.5262,2026-09-21T16:42:19.353279+00:00,baseline_v1
FT-T005450,No,0.252,2026-09-21T16:42:19.353279+00:00,baseline_v1
FT-T005451,No,0.3307,2026-09-21T16:42:19.353279+00:00,baseline_v1
FT-T005452,No,0.2911,2026-09-21T16:42:19.353279+00:00,baseline_v1
FT-T005453,No,0.251,2026-09-21T16:42:19.353279+00:00,baseline_v1
FT-T005454,Yes,0.5054,2026-09-21T16:42:19.353279+00:00,baseline_v1
FT-T005455,No,0.2435,2026-09-21T16:42:19.353279+00:00,baseline_v1
FT-T005456,No,0.2512,2026-09-21T16:42:19.353279+00:00,baseline_v1
FT-T005457,No,0.3787,2026-09-21T16:42:19.353279+00:00,baseline_v1
FT-T005458,No,0.319,2026-09-21T16:42:19.353279+00:00,baseline_v1
FT-T005459,Yes,0.6506,2026-09-21T16:42:19.353279+00:00,baseline_v1
FT-T005460,No,0.2218,2026-09-21T16:42:19.353279+00:00,baseline_v1
FT-T005461,No,0.2449,2026-09-21T16:42:19.353279+00:00,baseline_v1
FT-T005462,Yes,0.7143,2026-09-21T16:42:19.353279+00:00,baseline_v1
FT-T005463,No,0.2625,2026-09-21T16:42:19.353279+00:00,baseline_v1
FT-T005464,No,0.2564,2026-09-21T16:42:19.353279+00:00,baseline_v1
FT-T005465,No,0.2476,2026-09-21T16:42:19.353279+00:00,baseline_v1
FT-T005466,No,0.2217,2026-09-21T16:42:19.353279+00:00,baseline_v1
FT-T005467,No,0.3418,2026-09-21T16:42:19.353279+00:00,baseline_v1
FT-T005468,Yes,0.6003,2026-09-21T16:42:19.353279+00:00,baseline_v1
FT-T005469,No,0.4041,2026-09-21T16:42:19.353279+00:00,baseline_v1
FT-T005470,No,0.4489,2026-09-21T16:42:19.353279+00:00,baseline_v1
FT-T005471,Yes,0.5163,2026-09-21T16:42:19.353279+00:00,baseline_v1
FT-T005472,No,0.4606,2026-09-21T16:42:19.353279+00:00,baseline_v1
FT-T005473,Yes,0.5362,2026-09-21T16:42:19.353279+00:00,baseline_v1
FT-T005474,Yes,0.5084,2026-09-21T16:42:19.353279+00:00,baseline_v1
FT-T005475,No,0.4123,2026-09-21T16:42:19.353279+00:00,baseline_v1
FT-T005476,Yes,0.7371,2026-09-21T16:42:19.353279+00:00,baseline_v1
FT-T005477,No,0.458,2026-09-21T16:42:19.353279+00:00,baseline_v1
FT-T005478,Yes,0.6807,2026-09-21T16:42:19.353279+00:00,baseline_v1
FT-T005479,Yes,0.5607,2026-09-21T16:42:19.353279+00:00,baseline_v1
FT-T005480,No,0.4622,2026-09-21T16:42:19.353279+00:00,baseline_v1
FT-T005481,No,0.4535,2026-09-21T16:42:19.353279+00:00,baseline_v1
FT-T005482,Yes,0.5071,2026-09-21T16:42:19.353279+00:00,baseline_v1
FT-T005483,No,0.4725,2026-09-21T16:42:19.353279+00:00,baseline_v1
FT-T005484,Yes,0.6341,2026-09-21T16:42:19.353279+00:00,baseline_v1
FT-T005485,No,0.4301,2026-09-21T16:42:19.353279+00:00,baseline_v1
FT-T005486,Yes,0.5681,2026-09-21T16:42:19.353279+00:00,baseline_v1
FT-T005487,No,0.4553,2026-09-21T16:42:19.353279+00:00,baseline_v1
FT-T005488,Yes,0.6763,2026-09-21T16:42:19.353279+00:00,baseline_v1
FT-T005489,No,0.3547,2026-09-21T16:42:19.353279+00:00,baseline_v1
FT-T005490,Yes,0.6317,2026-09-21T16:42:19.353279+00:00,baseline_v1
FT-T005491,No,0.3688,2026-09-21T16:42:19.353279+00:00,baseline_v1
FT-T005492,Yes,0.6336,2026-09-21T16:42:19.353279+00:00,baseline_v1
FT-T005493,No,0.4532,2026-09-21T16:42:19.353279+00:00,baseline_v1
FT-T005494,Yes,0.8411,2026-09-21T16:42:19.353279+00:00,baseline_v1
FT-T005495,No,0.4378,2026-09-21T16:42:19.353279+00:00,baseline_v1
FT-T005496,Yes,0.6185,2026-09-21T16:42:19.353279+00:00,baseline_v1
FT-T005497,Yes,0.5202,2026-09-21T16:42:19.353279+00:00,baseline_v1
FT-T005498,Yes,0.51,2026-09-21T16:42:19.353279+00:00,baseline_v1
FT-T005499,Yes,0.5769,2026-09-21T16:42:19.353279+00:00,baseline_v1
FT-T005500,No,0.374,2026-09-21T16:42:19.353279+00:00,baseline_v1
FT-T005501,No,0.3439,2026-09-21T16:42:19.353279+00:00,baseline_v1
FT-T005502,Yes,0.8677,2026-09-21T16:42:19.353279+00:00,baseline_v1
FT-T005503,Yes,0.6106,2026-09-21T16:42:19.353279+00:00,baseline_v1
FT-T005504,No,0.3881,2026-09-21T16:42:19.353279+00:00,baseline_v1
FT-T005505,Yes,0.6743,2026-09-21T16:42:19.353279+00:00,baseline_v1
FT-T005506,No,0.4628,2026-09-21T16:42:19.353279+00:00,baseline_v1
FT-T005507,No,0.3294,2026-09-21T16:42:19.353279+00:00,baseline_v1
FT-T005508,Yes,0.6165,2026-09-21T16:42:19.353279+00:00,baseline_v1
FT-T005509,Yes,0.5819,2026-09-21T16:42:19.353279+00:00,baseline_v1
FT-T005510,Yes,0.6028,2026-09-21T16:42:19.353279+00:00,baseline_v1
FT-T005511,No,0.4126,2026-09-21T16:42:19.353279+00:00,baseline_v1
FT-T005512,No,0.4559,2026-09-21T16:42:19.353279+00:00,baseline_v1
FT-T005513,No,0.3498,2026-09-21T16:42:19.353279+00:00,baseline_v1
FT-T005514,Yes,0.625,2026-09-21T16:42:19.353279+00:00,baseline_v1
FT-T005515,No,0.4505,2026-09-21T16:42:19.353279+00:00,baseline_v1
FT-T005516,No,0.3266,2026-09-21T16:42:19.353279+00:00,baseline_v1
FT-T005517,Yes,0.6311,2026-09-21T16:42:19.353279+00:00,baseline_v1
FT-T005518,No,0.3631,2026-09-21T16:42:19.353279+00:00,baseline_v1
FT-T005519,Yes,0.6685,2026-09-21T16:42:19.353279+00:00,baseline_v1
FT-T005520,No,0.2755,2026-09-21T16:42:19.353279+00:00,baseline_v1
FT-T005521,Yes,0.7029,2026-09-21T16:42:19.353279+00:00,baseline_v1
FT-T005522,Yes,0.5289,2026-09-21T16:42:19.353279+00:00,baseline_v1
FT-T005523,Yes,0.6119,2026-09-21T16:42:19.353279+00:00,baseline_v1
FT-T005524,Yes,0.5503,2026-09-21T16:42:19.353279+00:00,baseline_v1
FT-T005525,Yes,0.632,2026-09-21T16:42:19.353279+00:00,baseline_v1
FT-T005526,Yes,0.5428,2026-09-21T16:42:19.353279+00:00,baseline_v1
FT-T005527,No,0.3403,2026-09-21T16:42:19.353279+00:00,baseline_v1
FT-T005528,Yes,0.6194,2026-09-21T16:42:19.353279+00:00,baseline_v1
FT-T005529,Yes,0.5033,2026-09-21T16:42:19.353279+00:00,baseline_v1
FT-T005530,No,0.3524,2026-09-21T16:42:19.353279+00:00,baseline_v1
FT-T005531,No,0.3332,2026-09-21T16:42:19.353279+00:00,baseline_v1
FT-T005532,No,0.4961,2026-09-21T16:42:19.353279+00:00,baseline_v1
FT-T005533,No,0.4796,2026-09-21T16:42:19.353279+00:00,baseline_v1
FT-T005534,No,0.2667,2026-09-21T16:42:19.353279+00:00,baseline_v1
FT-T005535,Yes,0.5093,2026-09-21T16:42:19.353279+00:00,baseline_v1
FT-T005536,No,0.4424,2026-09-21T16:42:19.353279+00:00,baseline_v1
FT-T005537,No,0.4715,2026-09-21T16:42:19.353279+00:00,baseline_v1
FT-T005538,No,0.2976,2026-09-21T16:42:19.353279+00:00,baseline_v1
FT-T005539,No,0.3268,2026-09-21T16:42:19.353279+00:00,baseline_v1
FT-T005540,Yes,0.5979,2026-09-21T16:42:19.353279+00:00,baseline_v1
FT-T005541,Yes,0.6427,2026-09-21T16:42:19.353279+00:00,baseline_v1
FT-T005542,No,0.2839,2026-09-21T16:42:19.353279+00:00,baseline_v1
FT-T005543,No,0.3412,2026-09-21T16:42:19.353279+00:00,baseline_v1
FT-T005544,No,0.2835,2026-09-21T16:42:19.353279+00:00,baseline_v1
FT-T005545,No,0.3123,2026-09-21T16:42:19.353279+00:00,baseline_v1
FT-T005546,Yes,0.5738,2026-09-21T16:42:19.353279+00:00,baseline_v1
FT-T005547,No,0.4021,2026-09-21T16:42:19.353279+00:00,baseline_v1
FT-T005548,No,0.3063,2026-09-21T16:42:19.353279+00:00,baseline_v1
FT-T005549,No,0.32,2026-09-21T16:42:19.353279+00:00,baseline_v1
FT-T005550,No,0.4428,2026-09-21T16:42:19.353279+00:00,baseline_v1
FT-T005551,Yes,0.5951,2026-09-21T16:42:19.353279+00:00,baseline_v1
FT-T005552,Yes,0.635,2026-09-21T16:42:19.353279+00:00,baseline_v1
FT-T005553,No,0.3615,2026-09-21T16:42:19.353279+00:00,baseline_v1
FT-T005554,No,0.4322,2026-09-21T16:42:19.353279+00:00,baseline_v1
FT-T005555,Yes,0.6983,2026-09-21T16:42:19.353279+00:00,baseline_v1
FT-T005556,Yes,0.5735,2026-09-21T16:42:19.353279+00:00,baseline_v1
FT-T005557,Yes,0.551,2026-09-21T16:42:19.353279+00:00,baseline_v1
FT-T005558,Yes,0.5427,2026-09-21T16:42:19.353279+00:00,baseline_v1
FT-T005559,No,0.4915,2026-09-21T16:42:19.353279+00:00,baseline_v1
FT-T005560,No,0.3332,2026-09-21T16:42:19.353279+00:00,baseline_v1
FT-T005561,No,0.2973,2026-09-21T16:42:19.353279+00:00,baseline_v1
FT-T005562,No,0.3386,2026-09-21T16:42:19.353279+00:00,baseline_v1
FT-T005563,No,0.28,2026-09-21T16:42:19.353279+00:00,baseline_v1
FT-T005564,No,0.2761,2026-09-21T16:42:19.353279+00:00,baseline_v1
FT-T005565,Yes,0.6697,2026-09-21T16:42:19.353279+00:00,baseline_v1
FT-T005566,Yes,0.5036,2026-09-21T16:42:19.353279+00:00,baseline_v1
FT-T005567,No,0.4952,2026-09-21T16:42:19.353279+00:00,baseline_v1
FT-T005568,No,0.486,2026-09-21T16:42:19.353279+00:00,baseline_v1
FT-T005569,No,0.3366,2026-09-21T16:42:19.353279+00:00,baseline_v1
FT-T005570,No,0.3073,2026-09-21T16:42:19.353279+00:00,baseline_v1
FT-T005571,Yes,0.6346,2026-09-21T16:42:19.353279+00:00,baseline_v1
FT-T005572,No,0.3147,2026-09-21T16:42:19.353279+00:00,baseline_v1
FT-T005573,Yes,0.5661,2026-09-21T16:42:19.353279+00:00,baseline_v1
FT-T005574,No,0.2527,2026-09-21T16:42:19.353279+00:00,baseline_v1
FT-T005575,No,0.2416,2026-09-21T16:42:19.353279+00:00,baseline_v1
FT-T005576,Yes,0.6726,2026-09-21T16:42:19.353279+00:00,baseline_v1
FT-T005577,No,0.1892,2026-09-21T16:42:19.353279+00:00,baseline_v1
FT-T005578,No,0.2737,2026-09-21T16:42:19.353279+00:00,baseline_v1
FT-T005579,No,0.2699,2026-09-21T16:42:19.353279+00:00,baseline_v1
FT-T005580,Yes,0.7432,2026-09-21T16:42:19.353279+00:00,baseline_v1
FT-T005581,No,0.4987,2026-09-21T16:42:19.353279+00:00,baseline_v1
FT-T005582,Yes,0.6237,2026-09-21T16:42:19.353279+00:00,baseline_v1
FT-T005583,No,0.2639,2026-09-21T16:42:19.353279+00:00,baseline_v1
FT-T005584,No,0.2974,2026-09-21T16:42:19.353279+00:00,baseline_v1
FT-T005585,No,0.2812,2026-09-21T16:42:19.353279+00:00,baseline_v1
FT-T005586,No,0.3258,2026-09-21T16:42:19.353279+00:00,baseline_v1
FT-T005587,No,0.2577,2026-09-21T16:42:19.353279+00:00,baseline_v1
FT-T005588,No,0.2682,2026-09-21T16:42:19.353279+00:00,baseline_v1
FT-T005589,No,0.2344,2026-09-21T16:42:19.353279+00:00,baseline_v1
FT-T005590,No,0.2559,2026-09-21T16:42:19.353279+00:00,baseline_v1
FT-T005591,No,0.4751,2026-09-21T16:42:19.353279+00:00,baseline_v1
FT-T005592,No,0.288,2026-09-21T16:42:19.353279+00:00,baseline_v1
FT-T005593,No,0.2644,2026-09-21T16:42:19.353279+00:00,baseline_v1
FT-T005594,Yes,0.7288,2026-09-21T16:42:19.353279+00:00,baseline_v1
FT-T005595,No,0.3697,2026-09-21T16:42:19.353279+00:00,baseline_v1
FT-T005596,No,0.428,2026-09-21T16:42:19.353279+00:00,baseline_v1
FT-T005597,No,0.3964,2026-09-21T16:42:19.353279+00:00,baseline_v1
FT-T005598,No,0.3456,2026-09-21T16:42:19.353279+00:00,baseline_v1
FT-T005599,No,0.2375,2026-09-21T16:42:19.353279+00:00,baseline_v1
FT-T005600,No,0.4918,2026-09-21T16:42:19.353279+00:00,baseline_v1
FT-T005601,Yes,0.5494,2026-09-21T16:42:19.353279+00:00,baseline_v1
FT-T005602,No,0.4425,2026-09-21T16:42:19.353279+00:00,baseline_v1
FT-T005603,Yes,0.5627,2026-09-21T16:42:19.353279+00:00,baseline_v1
FT-T005604,Yes,0.6179,2026-09-21T16:42:19.353279+00:00,baseline_v1
FT-T005605,Yes,0.6648,2026-09-21T16:42:19.353279+00:00,baseline_v1
FT-T005606,Yes,0.7551,2026-09-21T16:42:19.353279+00:00,baseline_v1
FT-T005607,Yes,0.6218,2026-09-21T16:42:19.353279+00:00,baseline_v1
FT-T005608,No,0.4754,2026-09-21T16:42:19.353279+00:00,baseline_v1
FT-T005609,Yes,0.5319,2026-09-21T16:42:19.353279+00:00,baseline_v1
FT-T005610,Yes,0.7505,2026-09-21T16:42:19.353279+00:00,baseline_v1
FT-T005611,No,0.437,2026-09-21T16:42:19.353279+00:00,baseline_v1
FT-T005612,Yes,0.6397,2026-09-21T16:42:19.353279+00:00,baseline_v1
FT-T005613,No,0.3462,2026-09-21T16:42:19.353279+00:00,baseline_v1
FT-T005614,No,0.4963,2026-09-21T16:42:19.353279+00:00,baseline_v1
FT-T005615,Yes,0.6143,2026-09-21T16:42:19.353279+00:00,baseline_v1
FT-T005616,Yes,0.6666,2026-09-21T16:42:19.353279+00:00,baseline_v1
FT-T005617,No,0.4283,2026-09-21T16:42:19.353279+00:00,baseline_v1
FT-T005618,No,0.4415,2026-09-21T16:42:19.353279+00:00,baseline_v1
FT-T005619,Yes,0.6501,2026-09-21T16:42:19.353279+00:00,baseline_v1
FT-T005620,No,0.421,2026-09-21T16:42:19.353279+00:00,baseline_v1
FT-T005621,No,0.4576,2026-09-21T16:42:19.353279+00:00,baseline_v1
FT-T005622,Yes,0.5106,2026-09-21T16:42:19.353279+00:00,baseline_v1
FT-T005623,Yes,0.6753,2026-09-21T16:42:19.353279+00:00,baseline_v1
FT-T005624,Yes,0.6704,2026-09-21T16:42:19.353279+00:00,baseline_v1
FT-T005625,Yes,0.5235,2026-09-21T16:42:19.353279+00:00,baseline_v1
FT-T005626,No,0.4313,2026-09-21T16:42:19.353279+00:00,baseline_v1
FT-T005627,Yes,0.5101,2026-09-21T16:42:19.353279+00:00,baseline_v1
FT-T005628,No,0.3647,2026-09-21T16:42:19.353279+00:00,baseline_v1
FT-T005629,No,0.4687,2026-09-21T16:42:19.353279+00:00,baseline_v1
FT-T005630,Yes,0.6821,2026-09-21T16:42:19.353279+00:00,baseline_v1
FT-T005631,No,0.3961,2026-09-21T16:42:19.353279+00:00,baseline_v1
FT-T005632,Yes,0.5577,2026-09-21T16:42:19.353279+00:00,baseline_v1
FT-T005633,No,0.4478,2026-09-21T16:42:19.353279+00:00,baseline_v1
FT-T005634,Yes,0.7183,2026-09-21T16:42:19.353279+00:00,baseline_v1
FT-T005635,No,0.4741,2026-09-21T16:42:19.353279+00:00,baseline_v1
FT-T005636,Yes,0.8202,2026-09-21T16:42:19.353279+00:00,baseline_v1
FT-T005637,No,0.3978,2026-09-21T16:42:19.353279+00:00,baseline_v1
FT-T005638,Yes,0.5708,2026-09-21T16:42:19.353279+00:00,baseline_v1
FT-T005639,Yes,0.6039,2026-09-21T16:42:19.353279+00:00,baseline_v1
FT-T005640,Yes,0.6489,2026-09-21T16:42:19.353279+00:00,baseline_v1
FT-T005641,No,0.3463,2026-09-21T16:42:19.353279+00:00,baseline_v1
FT-T005642,No,0.3896,2026-09-21T16:42:19.353279+00:00,baseline_v1
FT-T005643,No,0.4298,2026-09-21T16:42:19.353279+00:00,baseline_v1
FT-T005644,No,0.3951,2026-09-21T16:42:19.353279+00:00,baseline_v1
FT-T005645,No,0.4576,2026-09-21T16:42:19.353279+00:00,baseline_v1
FT-T005646,Yes,0.6063,2026-09-21T16:42:19.353279+00:00,baseline_v1
FT-T005647,Yes,0.63,2026-09-21T16:42:19.353279+00:00,baseline_v1
FT-T005648,No,0.3543,2026-09-21T16:42:19.353279+00:00,baseline_v1
FT-T005649,No,0.3746,2026-09-21T16:42:19.353279+00:00,baseline_v1
FT-T005650,Yes,0.6082,2026-09-21T16:42:19.353279+00:00,baseline_v1
FT-T005651,No,0.2959,2026-09-21T16:42:19.353279+00:00,baseline_v1
FT-T005652,Yes,0.7213,2026-09-21T16:42:19.353279+00:00,baseline_v1
FT-T005653,No,0.3831,2026-09-21T16:42:19.353279+00:00,baseline_v1
FT-T005654,No,0.4468,2026-09-21T16:42:19.353279+00:00,baseline_v1
FT-T005655,No,0.4616,2026-09-21T16:42:19.353279+00:00,baseline_v1
FT-T005656,No,0.4487,2026-09-21T16:42:19.353279+00:00,baseline_v1
FT-T005657,No,0.4768,2026-09-21T16:42:19.353279+00:00,baseline_v1
FT-T005658,Yes,0.5575,2026-09-21T16:42:19.353279+00:00,baseline_v1
FT-T005659,Yes,0.6494,2026-09-21T16:42:19.353279+00:00,baseline_v1
FT-T005660,No,0.3971,2026-09-21T16:42:19.353279+00:00,baseline_v1
FT-T005661,No,0.3835,2026-09-21T16:42:19.353279+00:00,baseline_v1
FT-T005662,No,0.3341,2026-09-21T16:42:19.353279+00:00,baseline_v1
FT-T005663,Yes,0.5479,2026-09-21T16:42:19.353279+00:00,baseline_v1
FT-T005664,No,0.38,2026-09-21T16:42:19.353279+00:00,baseline_v1
FT-T005665,No,0.4785,2026-09-21T16:42:19.353279+00:00,baseline_v1
FT-T005666,Yes,0.5249,2026-09-21T16:42:19.353279+00:00,baseline_v1
FT-T005667,Yes,0.5607,2026-09-21T16:42:19.353279+00:00,baseline_v1
FT-T005668,Yes,0.5429,2026-09-21T16:42:19.353279+00:00,baseline_v1
FT-T005669,No,0.3028,2026-09-21T16:42:19.353279+00:00,baseline_v1
FT-T005670,No,0.3723,2026-09-21T16:42:19.353279+00:00,baseline_v1
FT-T005671,No,0.3664,2026-09-21T16:42:19.353279+00:00,baseline_v1
FT-T005672,No,0.292,2026-09-21T16:42:19.353279+00:00,baseline_v1
FT-T005673,Yes,0.5379,2026-09-21T16:42:19.353279+00:00,baseline_v1
FT-T005674,No,0.2851,2026-09-21T16:42:19.353279+00:00,baseline_v1
FT-T005675,Yes,0.5833,2026-09-21T16:42:19.353279+00:00,baseline_v1
FT-T005676,Yes,0.7236,2026-09-21T16:42:19.353279+00:00,baseline_v1
FT-T005677,Yes,0.7053,2026-09-21T16:42:19.353279+00:00,baseline_v1
FT-T005678,No,0.3366,2026-09-21T16:42:19.353279+00:00,baseline_v1
FT-T005679,Yes,0.5957,2026-09-21T16:42:19.353279+00:00,baseline_v1
FT-T005680,Yes,0.6121,2026-09-21T16:42:19.353279+00:00,baseline_v1
FT-T005681,No,0.3231,2026-09-21T16:42:19.353279+00:00,baseline_v1
FT-T005682,No,0.2887,2026-09-21T16:42:19.353279+00:00,baseline_v1
FT-T005683,No,0.2987,2026-09-21T16:42:19.353279+00:00,baseline_v1
FT-T005684,No,0.3127,2026-09-21T16:42:19.353279+00:00,baseline_v1
FT-T005685,No,0.3274,2026-09-21T16:42:19.353279+00:00,baseline_v1
FT-T005686,No,0.4104,2026-09-21T16:42:19.353279+00:00,baseline_v1
FT-T005687,No,0.2926,2026-09-21T16:42:19.353279+00:00,baseline_v1
FT-T005688,No,0.3131,2026-09-21T16:42:19.353279+00:00,baseline_v1
FT-T005689,No,0.3399,2026-09-21T16:42:19.353279+00:00,baseline_v1
FT-T005690,No,0.3791,2026-09-21T16:42:19.353279+00:00,baseline_v1
FT-T005691,No,0.2999,2026-09-21T16:42:19.353279+00:00,baseline_v1
FT-T005692,No,0.4979,2026-09-21T16:42:19.353279+00:00,baseline_v1
FT-T005693,No,0.3172,2026-09-21T16:42:19.353279+00:00,baseline_v1
FT-T005694,No,0.3035,2026-09-21T16:42:19.353279+00:00,baseline_v1
FT-T005695,No,0.3337,2026-09-21T16:42:19.353279+00:00,baseline_v1
FT-T005696,No,0.23,2026-09-21T16:42:19.353279+00:00,baseline_v1
FT-T005697,Yes,0.7645,2026-09-21T16:42:19.353279+00:00,baseline_v1
FT-T005698,Yes,0.8763,2026-09-21T16:42:19.353279+00:00,baseline_v1
FT-T005699,No,0.4616,2026-09-21T16:42:19.353279+00:00,baseline_v1
FT-T005700,Yes,0.5357,2026-09-21T16:42:19.353279+00:00,baseline_v1
FT-T005701,No,0.2942,2026-09-21T16:42:19.353279+00:00,baseline_v1
FT-T005702,No,0.4513,2026-09-21T16:42:19.353279+00:00,baseline_v1
FT-T005703,No,0.4081,2026-09-21T16:42:19.353279+00:00,baseline_v1
FT-T005704,Yes,0.5928,2026-09-21T16:42:19.353279+00:00,baseline_v1
FT-T005705,Yes,0.5405,2026-09-21T16:42:19.353279+00:00,baseline_v1
FT-T005706,No,0.3154,2026-09-21T16:42:19.353279+00:00,baseline_v1
FT-T005707,No,0.4515,2026-09-21T16:42:19.353279+00:00,baseline_v1
FT-T005708,No,0.2461,2026-09-21T16:42:19.353279+00:00,baseline_v1
FT-T005709,Yes,0.5945,2026-09-21T16:42:19.353279+00:00,baseline_v1
FT-T005710,Yes,0.5857,2026-09-21T16:42:19.353279+00:00,baseline_v1
FT-T005711,Yes,0.6981,2026-09-21T16:42:19.353279+00:00,baseline_v1
FT-T005712,Yes,0.6708,2026-09-21T16:42:19.353279+00:00,baseline_v1
FT-T005713,Yes,0.5815,2026-09-21T16:42:19.353279+00:00,baseline_v1
FT-T005714,No,0.4933,2026-09-21T16:42:19.353279+00:00,baseline_v1
FT-T005715,No,0.4376,2026-09-21T16:42:19.353279+00:00,baseline_v1
FT-T005716,No,0.4171,2026-09-21T16:42:19.353279+00:00,baseline_v1
FT-T005717,No,0.4445,2026-09-21T16:42:19.353279+00:00,baseline_v1
FT-T005718,No,0.4035,2026-09-21T16:42:19.353279+00:00,baseline_v1
FT-T005719,No,0.3879,2026-09-21T16:42:19.353279+00:00,baseline_v1
FT-T005720,No,0.2486,2026-09-21T16:42:19.353279+00:00,baseline_v1
FT-T005721,Yes,0.7471,2026-09-21T16:42:19.353279+00:00,baseline_v1
FT-T005722,No,0.4428,2026-09-21T16:42:19.353279+00:00,baseline_v1
FT-T005723,No,0.2377,2026-09-21T16:42:19.353279+00:00,baseline_v1
FT-T005724,No,0.3063,2026-09-21T16:42:19.353279+00:00,baseline_v1
FT-T005725,No,0.243,2026-09-21T16:42:19.353279+00:00,baseline_v1
FT-T005726,Yes,0.6372,2026-09-21T16:42:19.353279+00:00,baseline_v1
FT-T005727,No,0.4018,2026-09-21T16:42:19.353279+00:00,baseline_v1
FT-T005728,No,0.4465,2026-09-21T16:42:19.353279+00:00,baseline_v1
FT-T005729,Yes,0.5902,2026-09-21T16:42:19.353279+00:00,baseline_v1
FT-T005730,Yes,0.5331,2026-09-21T16:42:19.353279+00:00,baseline_v1
FT-T005731,No,0.4063,2026-09-21T16:42:19.353279+00:00,baseline_v1
FT-T005732,Yes,0.7048,2026-09-21T16:42:19.353279+00:00,baseline_v1
FT-T005733,No,0.2405,2026-09-21T16:42:19.353279+00:00,baseline_v1
FT-T005734,Yes,0.5099,2026-09-21T16:42:19.353279+00:00,baseline_v1
FT-T005735,Yes,0.7468,2026-09-21T16:42:19.353279+00:00,baseline_v1
FT-T005736,No,0.4746,2026-09-21T16:42:19.353279+00:00,baseline_v1
FT-T005737,Yes,0.512,2026-09-21T16:42:19.353279+00:00,baseline_v1
FT-T005738,Yes,0.5798,2026-09-21T16:42:19.353279+00:00,baseline_v1
FT-T005739,Yes,0.5082,2026-09-21T16:42:19.353279+00:00,baseline_v1
FT-T005740,No,0.4023,2026-09-21T16:42:19.353279+00:00,baseline_v1
FT-T005741,No,0.4158,2026-09-21T16:42:19.353279+00:00,baseline_v1
FT-T005742,No,0.3673,2026-09-21T16:42:19.353279+00:00,baseline_v1
FT-T005743,Yes,0.6328,2026-09-21T16:42:19.353279+00:00,baseline_v1
FT-T005744,No,0.3641,2026-09-21T16:42:19.353279+00:00,baseline_v1
FT-T005745,No,0.3752,2026-09-21T16:42:19.353279+00:00,baseline_v1
FT-T005746,Yes,0.6356,2026-09-21T16:42:19.353279+00:00,baseline_v1
FT-T005747,Yes,0.6238,2026-09-21T16:42:19.353279+00:00,baseline_v1
FT-T005748,Yes,0.5657,2026-09-21T16:42:19.353279+00:00,baseline_v1
FT-T005749,No,0.4473,2026-09-21T16:42:19.353279+00:00,baseline_v1
FT-T005750,Yes,0.6874,2026-09-21T16:42:19.353279+00:00,baseline_v1
FT-T005751,No,0.4349,2026-09-21T16:42:19.353279+00:00,baseline_v1
FT-T005752,Yes,0.9543,2026-09-21T16:42:19.353279+00:00,baseline_v1
FT-T005753,Yes,0.6818,2026-09-21T16:42:19.353279+00:00,baseline_v1
FT-T005754,Yes,0.603,2026-09-21T16:42:19.353279+00:00,baseline_v1
FT-T005755,Yes,0.5003,2026-09-21T16:42:19.353279+00:00,baseline_v1
FT-T005756,Yes,0.6274,2026-09-21T16:42:19.353279+00:00,baseline_v1
FT-T005757,Yes,0.7453,2026-09-21T16:42:19.353279+00:00,baseline_v1
FT-T005758,Yes,0.6273,2026-09-21T16:42:19.353279+00:00,baseline_v1
FT-T005759,Yes,0.6382,2026-09-21T16:42:19.353279+00:00,baseline_v1
FT-T005760,No,0.4572,2026-09-21T16:42:19.353279+00:00,baseline_v1
FT-T005761,Yes,0.5175,2026-09-21T16:42:19.353279+00:00,baseline_v1
FT-T005762,Yes,0.6623,2026-09-21T16:42:19.353279+00:00,baseline_v1
FT-T005763,Yes,0.6558,2026-09-21T16:42:19.353279+00:00,baseline_v1
FT-T005764,No,0.4652,2026-09-21T16:42:19.353279+00:00,baseline_v1
FT-T005765,Yes,0.5952,2026-09-21T16:42:19.353279+00:00,baseline_v1
FT-T005766,Yes,0.5669,2026-09-21T16:42:19.353279+00:00,baseline_v1
FT-T005767,No,0.4082,2026-09-21T16:42:19.353279+00:00,baseline_v1
FT-T005768,No,0.3934,2026-09-21T16:42:19.353279+00:00,baseline_v1
FT-T005769,Yes,0.7122,2026-09-21T16:42:19.353279+00:00,baseline_v1
FT-T005770,Yes,0.5521,2026-09-21T16:42:19.353279+00:00,baseline_v1
FT-T005771,Yes,0.7579,2026-09-21T16:42:19.353279+00:00,baseline_v1
FT-T005772,No,0.3928,2026-09-21T16:42:19.353279+00:00,baseline_v1
FT-T005773,No,0.3808,2026-09-21T16:42:19.353279+00:00,baseline_v1
FT-T005774,Yes,0.566,2026-09-21T16:42:19.353279+00:00,baseline_v1
FT-T005775,No,0.35,2026-09-21T16:42:19.353279+00:00,baseline_v1
FT-T005776,No,0.3159,2026-09-21T16:42:19.353279+00:00,baseline_v1
FT-T005777,Yes,0.6385,2026-09-21T16:42:19.353279+00:00,baseline_v1
FT-T005778,No,0.3818,2026-09-21T16:42:19.353279+00:00,baseline_v1
FT-T005779,No,0.4166,2026-09-21T16:42:19.353279+00:00,baseline_v1
FT-T005780,Yes,0.6444,2026-09-21T16:42:19.353279+00:00,baseline_v1
FT-T005781,Yes,0.6558,2026-09-21T16:42:19.353279+00:00,baseline_v1
FT-T005782,Yes,0.6839,2026-09-21T16:42:19.353279+00:00,baseline_v1
FT-T005783,Yes,0.7701,2026-09-21T16:42:19.353279+00:00,baseline_v1
FT-T005784,Yes,0.5019,2026-09-21T16:42:19.353279+00:00,baseline_v1
FT-T005785,Yes,0.5669,2026-09-21T16:42:19.353279+00:00,baseline_v1
FT-T005786,No,0.348,2026-09-21T16:42:19.353279+00:00,baseline_v1
FT-T005787,Yes,0.5266,2026-09-21T16:42:19.353279+00:00,baseline_v1
FT-T005788,Yes,0.5674,2026-09-21T16:42:19.353279+00:00,baseline_v1
FT-T005789,No,0.3644,2026-09-21T16:42:19.353279+00:00,baseline_v1
FT-T005790,No,0.4735,2026-09-21T16:42:19.353279+00:00,baseline_v1
FT-T005791,Yes,0.6907,2026-09-21T16:42:19.353279+00:00,baseline_v1
FT-T005792,Yes,0.5241,2026-09-21T16:42:19.353279+00:00,baseline_v1
FT-T005793,Yes,0.6109,2026-09-21T16:42:19.353279+00:00,baseline_v1
FT-T005794,Yes,0.5584,2026-09-21T16:42:19.353279+00:00,baseline_v1
FT-T005795,Yes,0.5832,2026-09-21T16:42:19.353279+00:00,baseline_v1
FT-T005796,No,0.3854,2026-09-21T16:42:19.353279+00:00,baseline_v1
FT-T005797,No,0.4765,2026-09-21T16:42:19.353279+00:00,baseline_v1
FT-T005798,Yes,0.8085,2026-09-21T16:42:19.353279+00:00,baseline_v1
FT-T005799,No,0.3918,2026-09-21T16:42:19.353279+00:00,baseline_v1
FT-T005800,No,0.4048,2026-09-21T16:42:19.353279+00:00,baseline_v1
FT-T005801,Yes,0.6809,2026-09-21T16:42:19.353279+00:00,baseline_v1
FT-T005802,Yes,0.51,2026-09-21T16:42:19.353279+00:00,baseline_v1
FT-T005803,No,0.3622,2026-09-21T16:42:19.353279+00:00,baseline_v1
FT-T005804,No,0.2615,2026-09-21T16:42:19.353279+00:00,baseline_v1
FT-T005805,No,0.3601,2026-09-21T16:42:19.353279+00:00,baseline_v1
FT-T005806,No,0.392,2026-09-21T16:42:19.353279+00:00,baseline_v1
FT-T005807,Yes,0.7233,2026-09-21T16:42:19.353279+00:00,baseline_v1
FT-T005808,Yes,0.5164,2026-09-21T16:42:19.353279+00:00,baseline_v1
FT-T005809,Yes,0.532,2026-09-21T16:42:19.353279+00:00,baseline_v1
FT-T005810,No,0.3991,2026-09-21T16:42:19.353279+00:00,baseline_v1
FT-T005811,No,0.2809,2026-09-21T16:42:19.353279+00:00,baseline_v1
FT-T005812,No,0.2843,2026-09-21T16:42:19.353279+00:00,baseline_v1
FT-T005813,No,0.4015,2026-09-21T16:42:19.353279+00:00,baseline_v1
FT-T005814,Yes,0.5166,2026-09-21T16:42:19.353279+00:00,baseline_v1
FT-T005815,No,0.3194,2026-09-21T16:42:19.353279+00:00,baseline_v1
FT-T005816,Yes,0.5097,2026-09-21T16:42:19.353279+00:00,baseline_v1
FT-T005817,No,0.324,2026-09-21T16:42:19.353279+00:00,baseline_v1
FT-T005818,No,0.3446,2026-09-21T16:42:19.353279+00:00,baseline_v1
FT-T005819,Yes,0.5191,2026-09-21T16:42:19.353279+00:00,baseline_v1
FT-T005820,No,0.27,2026-09-21T16:42:19.353279+00:00,baseline_v1
FT-T005821,No,0.4308,2026-09-21T16:42:19.353279+00:00,baseline_v1
FT-T005822,No,0.4688,2026-09-21T16:42:19.353279+00:00,baseline_v1
FT-T005823,No,0.3169,2026-09-21T16:42:19.353279+00:00,baseline_v1
FT-T005824,No,0.3154,2026-09-21T16:42:19.353279+00:00,baseline_v1
FT-T005825,No,0.354,2026-09-21T16:42:19.353279+00:00,baseline_v1
FT-T005826,No,0.3535,2026-09-21T16:42:19.353279+00:00,baseline_v1
FT-T005827,No,0.3334,2026-09-21T16:42:19.353279+00:00,baseline_v1
FT-T005828,Yes,0.5338,2026-09-21T16:42:19.353279+00:00,baseline_v1
FT-T005829,No,0.2655,2026-09-21T16:42:19.353279+00:00,baseline_v1
FT-T005830,No,0.3259,2026-09-21T16:42:19.353279+00:00,baseline_v1
FT-T005831,Yes,0.5196,2026-09-21T16:42:19.353279+00:00,baseline_v1
FT-T005832,Yes,0.5769,2026-09-21T16:42:19.353279+00:00,baseline_v1
FT-T005833,No,0.3905,2026-09-21T16:42:19.353279+00:00,baseline_v1
FT-T005834,No,0.4861,2026-09-21T16:42:19.353279+00:00,baseline_v1
FT-T005835,No,0.481,2026-09-21T16:42:19.353279+00:00,baseline_v1
FT-T005836,No,0.2762,2026-09-21T16:42:19.353279+00:00,baseline_v1
FT-T005837,Yes,0.5469,2026-09-21T16:42:19.353279+00:00,baseline_v1
FT-T005838,Yes,0.5325,2026-09-21T16:42:19.353279+00:00,baseline_v1
FT-T005839,No,0.3296,2026-09-21T16:42:19.353279+00:00,baseline_v1
FT-T005840,No,0.3512,2026-09-21T16:42:19.353279+00:00,baseline_v1
FT-T005841,No,0.4711,2026-09-21T16:42:19.353279+00:00,baseline_v1
FT-T005842,No,0.2979,2026-09-21T16:42:19.353279+00:00,baseline_v1
FT-T005843,No,0.269,2026-09-21T16:42:19.353279+00:00,baseline_v1
FT-T005844,Yes,0.5085,2026-09-21T16:42:19.353279+00:00,baseline_v1
FT-T005845,No,0.2888,2026-09-21T16:42:19.353279+00:00,baseline_v1
FT-T005846,No,0.2861,2026-09-21T16:42:19.353279+00:00,baseline_v1
FT-T005847,No,0.4192,2026-09-21T16:42:19.353279+00:00,baseline_v1
FT-T005848,No,0.2842,2026-09-21T16:42:19.353279+00:00,baseline_v1
FT-T005849,Yes,0.5049,2026-09-21T16:42:19.353279+00:00,baseline_v1
FT-T005850,No,0.3528,2026-09-21T16:42:19.353279+00:00,baseline_v1
FT-T005851,No,0.2178,2026-09-21T16:42:19.353279+00:00,baseline_v1
FT-T005852,No,0.2534,2026-09-21T16:42:19.353279+00:00,baseline_v1
FT-T005853,No,0.4516,2026-09-21T16:42:19.353279+00:00,baseline_v1
FT-T005854,No,0.2904,2026-09-21T16:42:19.353279+00:00,baseline_v1
FT-T005855,No,0.3164,2026-09-21T16:42:19.353279+00:00,baseline_v1
FT-T005856,No,0.3917,2026-09-21T16:42:19.353279+00:00,baseline_v1
FT-T005857,No,0.3956,2026-09-21T16:42:19.353279+00:00,baseline_v1
FT-T005858,No,0.4408,2026-09-21T16:42:19.353279+00:00,baseline_v1
FT-T005859,No,0.183,2026-09-21T16:42:19.353279+00:00,baseline_v1
FT-T005860,No,0.2557,2026-09-21T16:42:19.353279+00:00,baseline_v1
FT-T005861,No,0.3952,2026-09-21T16:42:19.353279+00:00,baseline_v1
FT-T005862,Yes,0.5049,2026-09-21T16:42:19.353279+00:00,baseline_v1
FT-T005863,No,0.2956,2026-09-21T16:42:19.353279+00:00,baseline_v1
FT-T005864,No,0.2384,2026-09-21T16:42:19.353279+00:00,baseline_v1
FT-T005865,No,0.2461,2026-09-21T16:42:19.353279+00:00,baseline_v1
FT-T005866,No,0.2628,2026-09-21T16:42:19.353279+00:00,baseline_v1
FT-T005867,No,0.2824,2026-09-21T16:42:19.353279+00:00,baseline_v1
FT-T005868,No,0.3783,2026-09-21T16:42:19.353279+00:00,baseline_v1
FT-T005869,No,0.4944,2026-09-21T16:42:19.353279+00:00,baseline_v1
FT-T005870,No,0.4623,2026-09-21T16:42:19.353279+00:00,baseline_v1
FT-T005871,Yes,0.5964,2026-09-21T16:42:19.353279+00:00,baseline_v1
FT-T005872,No,0.3982,2026-09-21T16:42:19.353279+00:00,baseline_v1
FT-T005873,Yes,0.6927,2026-09-21T16:42:19.353279+00:00,baseline_v1
FT-T005874,No,0.4742,2026-09-21T16:42:19.353279+00:00,baseline_v1
FT-T005875,Yes,0.8567,2026-09-21T16:42:19.353279+00:00,baseline_v1
FT-T005876,Yes,0.5071,2026-09-21T16:42:19.353279+00:00,baseline_v1
FT-T005877,Yes,0.5003,2026-09-21T16:42:19.353279+00:00,baseline_v1
FT-T005878,Yes,0.5639,2026-09-21T16:42:19.353279+00:00,baseline_v1
FT-T005879,Yes,0.7265,2026-09-21T16:42:19.353279+00:00,baseline_v1
FT-T005880,Yes,0.68,2026-09-21T16:42:19.353279+00:00,baseline_v1
FT-T005881,Yes,0.6781,2026-09-21T16:42:19.353279+00:00,baseline_v1
FT-T005882,Yes,0.5016,2026-09-21T16:42:19.353279+00:00,baseline_v1
FT-T005883,Yes,0.5309,2026-09-21T16:42:19.353279+00:00,baseline_v1
FT-T005884,No,0.3518,2026-09-21T16:42:19.353279+00:00,baseline_v1
FT-T005885,No,0.3249,2026-09-21T16:42:19.353279+00:00,baseline_v1
FT-T005886,Yes,0.6874,2026-09-21T16:42:19.353279+00:00,baseline_v1
FT-T005887,No,0.4959,2026-09-21T16:42:19.353279+00:00,baseline_v1
FT-T005888,No,0.4777,2026-09-21T16:42:19.353279+00:00,baseline_v1
FT-T005889,Yes,0.5668,2026-09-21T16:42:19.353279+00:00,baseline_v1
FT-T005890,Yes,0.7928,2026-09-21T16:42:19.353279+00:00,baseline_v1
FT-T005891,No,0.4124,2026-09-21T16:42:19.353279+00:00,baseline_v1
FT-T005892,Yes,0.6217,2026-09-21T16:42:19.353279+00:00,baseline_v1
FT-T005893,No,0.4359,2026-09-21T16:42:19.353279+00:00,baseline_v1
FT-T005894,Yes,0.5669,2026-09-21T16:42:19.353279+00:00,baseline_v1
FT-T005895,No,0.4191,2026-09-21T16:42:19.353279+00:00,baseline_v1
FT-T005896,Yes,0.5194,2026-09-21T16:42:19.353279+00:00,baseline_v1
FT-T005897,No,0.4201,2026-09-21T16:42:19.353279+00:00,baseline_v1
FT-T005898,Yes,0.6149,2026-09-21T16:42:19.353279+00:00,baseline_v1
FT-T005899,Yes,0.6704,2026-09-21T16:42:19.353279+00:00,baseline_v1
FT-T005900,No,0.4204,2026-09-21T16:42:19.353279+00:00,baseline_v1
FT-T005901,Yes,0.5818,2026-09-21T16:42:19.353279+00:00,baseline_v1
FT-T005902,No,0.4016,2026-09-21T16:42:19.353279+00:00,baseline_v1
FT-T005903,Yes,0.5647,2026-09-21T16:42:19.353279+00:00,baseline_v1
FT-T005904,Yes,0.6185,2026-09-21T16:42:19.353279+00:00,baseline_v1
FT-T005905,Yes,0.6791,2026-09-21T16:42:19.353279+00:00,baseline_v1
FT-T005906,No,0.3834,2026-09-21T16:42:19.353279+00:00,baseline_v1
FT-T005907,Yes,0.5076,2026-09-21T16:42:19.353279+00:00,baseline_v1
FT-T005908,Yes,0.6549,2026-09-21T16:42:19.353279+00:00,baseline_v1
FT-T005909,No,0.3285,2026-09-21T16:42:19.353279+00:00,baseline_v1
FT-T005910,No,0.4095,2026-09-21T16:42:19.353279+00:00,baseline_v1
FT-T005911,Yes,0.6592,2026-09-21T16:42:19.353279+00:00,baseline_v1
FT-T005912,Yes,0.613,2026-09-21T16:42:19.353279+00:00,baseline_v1
FT-T005913,No,0.3432,2026-09-21T16:42:19.353279+00:00,baseline_v1
FT-T005914,No,0.3757,2026-09-21T16:42:19.353279+00:00,baseline_v1
FT-T005915,No,0.4318,2026-09-21T16:42:19.353279+00:00,baseline_v1
FT-T005916,Yes,0.5311,2026-09-21T16:42:19.353279+00:00,baseline_v1
FT-T005917,No,0.3043,2026-09-21T16:42:19.353279+00:00,baseline_v1
FT-T005918,Yes,0.6438,2026-09-21T16:42:19.353279+00:00,baseline_v1
FT-T005919,No,0.4107,2026-09-21T16:42:19.353279+00:00,baseline_v1
FT-T005920,No,0.3869,2026-09-21T16:42:19.353279+00:00,baseline_v1
FT-T005921,No,0.3339,2026-09-21T16:42:19.353279+00:00,baseline_v1
FT-T005922,No,0.3376,2026-09-21T16:42:19.353279+00:00,baseline_v1
FT-T005923,No,0.3913,2026-09-21T16:42:19.353279+00:00,baseline_v1
FT-T005924,No,0.4651,2026-09-21T16:42:19.353279+00:00,baseline_v1
FT-T005925,No,0.3781,2026-09-21T16:42:19.353279+00:00,baseline_v1
FT-T005926,No,0.3233,2026-09-21T16:42:19.353279+00:00,baseline_v1
FT-T005927,No,0.4226,2026-09-21T16:42:19.353279+00:00,baseline_v1
FT-T005928,No,0.3535,2026-09-21T16:42:19.353279+00:00,baseline_v1
FT-T005929,No,0.319,2026-09-21T16:42:19.353279+00:00,baseline_v1
FT-T005930,No,0.3992,2026-09-21T16:42:19.353279+00:00,baseline_v1
FT-T005931,No,0.3848,2026-09-21T16:42:19.353279+00:00,baseline_v1
FT-T005932,Yes,0.7473,2026-09-21T16:42:19.353279+00:00,baseline_v1
FT-T005933,No,0.3855,2026-09-21T16:42:19.353279+00:00,baseline_v1
FT-T005934,Yes,0.6936,2026-09-21T16:42:19.353279+00:00,baseline_v1
FT-T005935,Yes,0.6896,2026-09-21T16:42:19.353279+00:00,baseline_v1
FT-T005936,No,0.3147,2026-09-21T16:42:19.353279+00:00,baseline_v1
FT-T005937,No,0.365,2026-09-21T16:42:19.353279+00:00,baseline_v1
FT-T005938,No,0.3522,2026-09-21T16:42:19.353279+00:00,baseline_v1
FT-T005939,No,0.361,2026-09-21T16:42:19.353279+00:00,baseline_v1
FT-T005940,Yes,0.8071,2026-09-21T16:42:19.353279+00:00,baseline_v1
FT-T005941,Yes,0.7237,2026-09-21T16:42:19.353279+00:00,baseline_v1
FT-T005942,No,0.2697,2026-09-21T16:42:19.353279+00:00,baseline_v1
FT-T005943,No,0.3375,2026-09-21T16:42:19.353279+00:00,baseline_v1
FT-T005944,No,0.3098,2026-09-21T16:42:19.353279+00:00,baseline_v1
FT-T005945,No,0.3122,2026-09-21T16:42:19.353279+00:00,baseline_v1
FT-T005946,No,0.3441,2026-09-21T16:42:19.353279+00:00,baseline_v1
FT-T005947,Yes,0.5321,2026-09-21T16:42:19.353279+00:00,baseline_v1
FT-T005948,Yes,0.6419,2026-09-21T16:42:19.353279+00:00,baseline_v1
FT-T005949,Yes,0.7795,2026-09-21T16:42:19.353279+00:00,baseline_v1
FT-T005950,Yes,0.547,2026-09-21T16:42:19.353279+00:00,baseline_v1
FT-T005951,No,0.2813,2026-09-21T16:42:19.353279+00:00,baseline_v1
FT-T005952,No,0.3411,2026-09-21T16:42:19.353279+00:00,baseline_v1
FT-T005953,Yes,0.5958,2026-09-21T16:42:19.353279+00:00,baseline_v1
FT-T005954,No,0.328,2026-09-21T16:42:19.353279+00:00,baseline_v1
FT-T005955,No,0.4511,2026-09-21T16:42:19.353279+00:00,baseline_v1
FT-T005956,No,0.4301,2026-09-21T16:42:19.353279+00:00,baseline_v1
FT-T005957,No,0.2559,2026-09-21T16:42:19.353279+00:00,baseline_v1
FT-T005958,Yes,0.61,2026-09-21T16:42:19.353279+00:00,baseline_v1
FT-T005959,No,0.3129,2026-09-21T16:42:19.353279+00:00,baseline_v1
FT-T005960,No,0.3037,2026-09-21T16:42:19.353279+00:00,baseline_v1
FT-T005961,No,0.4689,2026-09-21T16:42:19.353279+00:00,baseline_v1
FT-T005962,No,0.3491,2026-09-21T16:42:19.353279+00:00,baseline_v1
FT-T005963,Yes,0.5663,2026-09-21T16:42:19.353279+00:00,baseline_v1
FT-T005964,No,0.3113,2026-09-21T16:42:19.353279+00:00,baseline_v1
FT-T005965,Yes,0.5494,2026-09-21T16:42:19.353279+00:00,baseline_v1
FT-T005966,Yes,0.6302,2026-09-21T16:42:19.353279+00:00,baseline_v1
FT-T005967,No,0.2356,2026-09-21T16:42:19.353279+00:00,baseline_v1
FT-T005968,No,0.3201,2026-09-21T16:42:19.353279+00:00,baseline_v1
FT-T005969,No,0.4913,2026-09-21T16:42:19.353279+00:00,baseline_v1
FT-T005970,No,0.4578,2026-09-21T16:42:19.353279+00:00,baseline_v1
FT-T005971,No,0.3072,2026-09-21T16:42:19.353279+00:00,baseline_v1
FT-T005972,Yes,0.5378,2026-09-21T16:42:19.353279+00:00,baseline_v1
FT-T005973,Yes,0.5377,2026-09-21T16:42:19.353279+00:00,baseline_v1
FT-T005974,Yes,0.5086,2026-09-21T16:42:19.353279+00:00,baseline_v1
FT-T005975,No,0.3156,2026-09-21T16:42:19.353279+00:00,baseline_v1
FT-T005976,Yes,0.6049,2026-09-21T16:42:19.353279+00:00,baseline_v1
FT-T005977,No,0.2798,2026-09-21T16:42:19.353279+00:00,baseline_v1
FT-T005978,No,0.4258,2026-09-21T16:42:19.353279+00:00,baseline_v1
FT-T005979,No,0.3146,2026-09-21T16:42:19.353279+00:00,baseline_v1
FT-T005980,Yes,0.5034,2026-09-21T16:42:19.353279+00:00,baseline_v1
FT-T005981,Yes,0.6041,2026-09-21T16:42:19.353279+00:00,baseline_v1
FT-T005982,No,0.2683,2026-09-21T16:42:19.353279+00:00,baseline_v1
FT-T005983,No,0.2429,2026-09-21T16:42:19.353279+00:00,baseline_v1
FT-T005984,No,0.2756,2026-09-21T16:42:19.353279+00:00,baseline_v1
FT-T005985,No,0.1871,2026-09-21T16:42:19.353279+00:00,baseline_v1
FT-T005986,No,0.3027,2026-09-21T16:42:19.353279+00:00,baseline_v1
FT-T005987,No,0.2317,2026-09-21T16:42:19.353279+00:00,baseline_v1
FT-T005988,No,0.3339,2026-09-21T16:42:19.353279+00:00,baseline_v1
FT-T005989,No,0.4791,2026-09-21T16:42:19.353279+00:00,baseline_v1
FT-T005990,No,0.4511,2026-09-21T16:42:19.353279+00:00,baseline_v1
FT-T005991,No,0.3351,2026-09-21T16:42:19.353279+00:00,baseline_v1
FT-T005992,No,0.4459,2026-09-21T16:42:19.353279+00:00,baseline_v1
FT-T005993,No,0.2155,2026-09-21T16:42:19.353279+00:00,baseline_v1
FT-T005994,No,0.2695,2026-09-21T16:42:19.353279+00:00,baseline_v1
FT-T005995,No,0.3054,2026-09-21T16:42:19.353279+00:00,baseline_v1
FT-T005996,No,0.2371,2026-09-21T16:42:19.353279+00:00,baseline_v1
FT-T005997,No,0.3993,2026-09-21T16:42:19.353279+00:00,baseline_v1
FT-T005998,No,0.4347,2026-09-21T16:42:19.353279+00:00,baseline_v1
FT-T005999,No,0.3019,2026-09-21T16:42:19.353279+00:00,baseline_v1
FT-T006000,No,0.2876,2026-09-21T16:42:19.353279+00:00,baseline_v1
FT-T006001,Yes,0.6598,2026-09-21T16:42:19.353279+00:00,baseline_v1
FT-T006002,Yes,0.5372,2026-09-21T16:42:19.353279+00:00,baseline_v1
FT-T006003,Yes,0.7561,2026-09-21T16:42:19.353279+00:00,baseline_v1
FT-T006004,Yes,0.5647,2026-09-21T16:42:19.353279+00:00,baseline_v1
FT-T006005,No,0.4538,2026-09-21T16:42:19.353279+00:00,baseline_v1
FT-T006006,Yes,0.6354,2026-09-21T16:42:19.353279+00:00,baseline_v1
FT-T006007,Yes,0.6519,2026-09-21T16:42:19.353279+00:00,baseline_v1
FT-T006008,Yes,0.6011,2026-09-21T16:42:19.353279+00:00,baseline_v1
FT-T006009,Yes,0.6073,2026-09-21T16:42:19.353279+00:00,baseline_v1
FT-T006010,Yes,0.6112,2026-09-21T16:42:19.353279+00:00,baseline_v1
FT-T006011,Yes,0.5376,2026-09-21T16:42:19.353279+00:00,baseline_v1
FT-T006012,Yes,0.6175,2026-09-21T16:42:19.353279+00:00,baseline_v1
FT-T006013,No,0.4036,2026-09-21T16:42:19.353279+00:00,baseline_v1
FT-T006014,No,0.4165,2026-09-21T16:42:19.353279+00:00,baseline_v1
FT-T006015,Yes,0.6463,2026-09-21T16:42:19.353279+00:00,baseline_v1
FT-T006016,Yes,0.6652,2026-09-21T16:42:19.353279+00:00,baseline_v1
FT-T006017,Yes,0.6486,2026-09-21T16:42:19.353279+00:00,baseline_v1
FT-T006018,No,0.4382,2026-09-21T16:42:19.353279+00:00,baseline_v1
FT-T006019,Yes,0.5263,2026-09-21T16:42:19.353279+00:00,baseline_v1
FT-T006020,Yes,0.5171,2026-09-21T16:42:19.353279+00:00,baseline_v1
FT-T006021,Yes,0.6428,2026-09-21T16:42:19.353279+00:00,baseline_v1
FT-T006022,Yes,0.8201,2026-09-21T16:42:19.353279+00:00,baseline_v1
FT-T006023,No,0.391,2026-09-21T16:42:19.353279+00:00,baseline_v1
FT-T006024,Yes,0.8462,2026-09-21T16:42:19.353279+00:00,baseline_v1
FT-T006025,Yes,0.5197,2026-09-21T16:42:19.353279+00:00,baseline_v1
FT-T006026,Yes,0.62,2026-09-21T16:42:19.353279+00:00,baseline_v1
FT-T006027,No,0.4109,2026-09-21T16:42:19.353279+00:00,baseline_v1
FT-T006028,Yes,0.741,2026-09-21T16:42:19.353279+00:00,baseline_v1
FT-T006029,Yes,0.67,2026-09-21T16:42:19.353279+00:00,baseline_v1
FT-T006030,Yes,0.6539,2026-09-21T16:42:19.353279+00:00,baseline_v1
FT-T006031,No,0.4133,2026-09-21T16:42:19.353279+00:00,baseline_v1
FT-T006032,No,0.4098,2026-09-21T16:42:19.353279+00:00,baseline_v1
FT-T006033,Yes,0.6698,2026-09-21T16:42:19.353279+00:00,baseline_v1
FT-T006034,Yes,0.6957,2026-09-21T16:42:19.353279+00:00,baseline_v1
FT-T006035,No,0.4068,2026-09-21T16:42:19.353279+00:00,baseline_v1
FT-T006036,No,0.4698,2026-09-21T16:42:19.353279+00:00,baseline_v1
FT-T006037,Yes,0.6875,2026-09-21T16:42:19.353279+00:00,baseline_v1
FT-T006038,Yes,0.732,2026-09-21T16:42:19.353279+00:00,baseline_v1
FT-T006039,Yes,0.5244,2026-09-21T16:42:19.353279+00:00,baseline_v1
FT-T006040,No,0.3659,2026-09-21T16:42:19.353279+00:00,baseline_v1
FT-T006041,No,0.4325,2026-09-21T16:42:19.353279+00:00,baseline_v1
FT-T006042,Yes,0.6144,2026-09-21T16:42:19.353279+00:00,baseline_v1
FT-T006043,No,0.3639,2026-09-21T16:42:19.353279+00:00,baseline_v1
FT-T006044,Yes,0.5434,2026-09-21T16:42:19.353279+00:00,baseline_v1
FT-T006045,No,0.4566,2026-09-21T16:42:19.353279+00:00,baseline_v1
FT-T006046,Yes,0.641,2026-09-21T16:42:19.353279+00:00,baseline_v1
FT-T006047,No,0.4439,2026-09-21T16:42:19.353279+00:00,baseline_v1
FT-T006048,No,0.3123,2026-09-21T16:42:19.353279+00:00,baseline_v1
FT-T006049,No,0.4401,2026-09-21T16:42:19.353279+00:00,baseline_v1
FT-T006050,No,0.3898,2026-09-21T16:42:19.353279+00:00,baseline_v1
FT-T006051,No,0.4816,2026-09-21T16:42:19.353279+00:00,baseline_v1
FT-T006052,No,0.3875,2026-09-21T16:42:19.353279+00:00,baseline_v1
FT-T006053,Yes,0.6292,2026-09-21T16:42:19.353279+00:00,baseline_v1
FT-T006054,No,0.3908,2026-09-21T16:42:19.353279+00:00,baseline_v1
FT-T006055,Yes,0.5839,2026-09-21T16:42:19.353279+00:00,baseline_v1
FT-T006056,Yes,0.5768,2026-09-21T16:42:19.353279+00:00,baseline_v1
FT-T006057,No,0.3798,2026-09-21T16:42:19.353279+00:00,baseline_v1
FT-T006058,No,0.2843,2026-09-21T16:42:19.353279+00:00,baseline_v1
FT-T006059,Yes,0.724,2026-09-21T16:42:19.353279+00:00,baseline_v1
FT-T006060,Yes,0.6162,2026-09-21T16:42:19.353279+00:00,baseline_v1
FT-T006061,No,0.4497,2026-09-21T16:42:19.353279+00:00,baseline_v1
FT-T006062,No,0.3924,2026-09-21T16:42:19.353279+00:00,baseline_v1
FT-T006063,No,0.3163,2026-09-21T16:42:19.353279+00:00,baseline_v1
FT-T006064,No,0.3087,2026-09-21T16:42:19.353279+00:00,baseline_v1
FT-T006065,Yes,0.5095,2026-09-21T16:42:19.353279+00:00,baseline_v1
FT-T006066,Yes,0.6722,2026-09-21T16:42:19.353279+00:00,baseline_v1
FT-T006067,No,0.4996,2026-09-21T16:42:19.353279+00:00,baseline_v1
FT-T006068,Yes,0.5531,2026-09-21T16:42:19.353279+00:00,baseline_v1
FT-T006069,No,0.4182,2026-09-21T16:42:19.353279+00:00,baseline_v1
FT-T006070,No,0.4166,2026-09-21T16:42:19.353279+00:00,baseline_v1
FT-T006071,No,0.3303,2026-09-21T16:42:19.353279+00:00,baseline_v1
FT-T006072,Yes,0.542,2026-09-21T16:42:19.353279+00:00,baseline_v1
FT-T006073,Yes,0.5264,2026-09-21T16:42:19.353279+00:00,baseline_v1
FT-T006074,No,0.3246,2026-09-21T16:42:19.353279+00:00,baseline_v1
FT-T006075,No,0.293,2026-09-21T16:42:19.353279+00:00,baseline_v1
FT-T006076,No,0.4293,2026-09-21T16:42:19.353279+00:00,baseline_v1
FT-T006077,Yes,0.6581,2026-09-21T16:42:19.353279+00:00,baseline_v1
FT-T006078,Yes,0.6216,2026-09-21T16:42:19.353279+00:00,baseline_v1
FT-T006079,Yes,0.5368,2026-09-21T16:42:19.353279+00:00,baseline_v1
FT-T006080,No,0.3295,2026-09-21T16:42:19.353279+00:00,baseline_v1
FT-T006081,No,0.4387,2026-09-21T16:42:19.353279+00:00,baseline_v1
FT-T006082,No,0.3711,2026-09-21T16:42:19.353279+00:00,baseline_v1
FT-T006083,No,0.3224,2026-09-21T16:42:19.353279+00:00,baseline_v1
FT-T006084,No,0.2847,2026-09-21T16:42:19.353279+00:00,baseline_v1
FT-T006085,No,0.3381,2026-09-21T16:42:19.353279+00:00,baseline_v1
FT-T006086,No,0.3519,2026-09-21T16:42:19.353279+00:00,baseline_v1
FT-T006087,Yes,0.5206,2026-09-21T16:42:19.353279+00:00,baseline_v1
FT-T006088,No,0.2921,2026-09-21T16:42:19.353279+00:00,baseline_v1
FT-T006089,No,0.4374,2026-09-21T16:42:19.353279+00:00,baseline_v1
FT-T006090,No,0.2697,2026-09-21T16:42:19.353279+00:00,baseline_v1
FT-T006091,No,0.3169,2026-09-21T16:42:19.353279+00:00,baseline_v1
FT-T006092,Yes,0.6553,2026-09-21T16:42:19.353279+00:00,baseline_v1
FT-T006093,No,0.495,2026-09-21T16:42:19.353279+00:00,baseline_v1
FT-T006094,No,0.3353,2026-09-21T16:42:19.353279+00:00,baseline_v1
FT-T006095,No,0.3264,2026-09-21T16:42:19.353279+00:00,baseline_v1
FT-T006096,No,0.448,2026-09-21T16:42:19.353279+00:00,baseline_v1
FT-T006097,Yes,0.533,2026-09-21T16:42:19.353279+00:00,baseline_v1
FT-T006098,Yes,0.5141,2026-09-21T16:42:19.353279+00:00,baseline_v1
FT-T006099,No,0.2419,2026-09-21T16:42:19.353279+00:00,baseline_v1
FT-T006100,No,0.3871,2026-09-21T16:42:19.353279+00:00,baseline_v1
FT-T006101,No,0.3328,2026-09-21T16:42:19.353279+00:00,baseline_v1
FT-T006102,Yes,0.5179,2026-09-21T16:42:19.353279+00:00,baseline_v1
FT-T006103,No,0.3131,2026-09-21T16:42:19.353279+00:00,baseline_v1
FT-T006104,Yes,0.6089,2026-09-21T16:42:19.353279+00:00,baseline_v1
FT-T006105,No,0.2592,2026-09-21T16:42:19.353279+00:00,baseline_v1
FT-T006106,No,0.2401,2026-09-21T16:42:19.353279+00:00,baseline_v1
FT-T006107,No,0.373,2026-09-21T16:42:19.353279+00:00,baseline_v1
FT-T006108,No,0.3884,2026-09-21T16:42:19.353279+00:00,baseline_v1
FT-T006109,No,0.4242,2026-09-21T16:42:19.353279+00:00,baseline_v1
FT-T006110,No,0.3958,2026-09-21T16:42:19.353279+00:00,baseline_v1
FT-T006111,No,0.4582,2026-09-21T16:42:19.353279+00:00,baseline_v1
FT-T006112,No,0.4945,2026-09-21T16:42:19.353279+00:00,baseline_v1
FT-T006113,No,0.3127,2026-09-21T16:42:19.353279+00:00,baseline_v1
FT-T006114,No,0.3652,2026-09-21T16:42:19.353279+00:00,baseline_v1
FT-T006115,No,0.3281,2026-09-21T16:42:19.353279+00:00,baseline_v1
FT-T006116,No,0.2093,2026-09-21T16:42:19.353279+00:00,baseline_v1
FT-T006117,No,0.4968,2026-09-21T16:42:19.353279+00:00,baseline_v1
FT-T006118,No,0.2656,2026-09-21T16:42:19.353279+00:00,baseline_v1
FT-T006119,No,0.2585,2026-09-21T16:42:19.353279+00:00,baseline_v1
FT-T006120,No,0.2397,2026-09-21T16:42:19.353279+00:00,baseline_v1
FT-T006121,No,0.3983,2026-09-21T16:42:19.353279+00:00,baseline_v1
FT-T006122,No,0.2951,2026-09-21T16:42:19.353279+00:00,baseline_v1
FT-T006123,No,0.3101,2026-09-21T16:42:19.353279+00:00,baseline_v1
FT-T006124,No,0.2869,2026-09-21T16:42:19.353279+00:00,baseline_v1
FT-T006125,No,0.2179,2026-09-21T16:42:19.353279+00:00,baseline_v1
FT-T006126,No,0.45,2026-09-21T16:42:19.353279+00:00,baseline_v1
FT-T006127,No,0.3086,2026-09-21T16:42:19.353279+00:00,baseline_v1
FT-T006128,No,0.4346,2026-09-21T16:42:19.353279+00:00,baseline_v1
FT-T006129,No,0.4216,2026-09-21T16:42:19.353279+00:00,baseline_v1
FT-T006130,Yes,0.612,2026-09-21T16:42:19.353279+00:00,baseline_v1
FT-T006131,No,0.2696,2026-09-21T16:42:19.353279+00:00,baseline_v1
FT-T006132,No,0.2424,2026-09-21T16:42:19.353279+00:00,baseline_v1
FT-T006133,No,0.3821,2026-09-21T16:42:19.353279+00:00,baseline_v1
FT-T006134,Yes,0.7041,2026-09-21T16:42:19.353279+00:00,baseline_v1
FT-T006135,No,0.4839,2026-09-21T16:42:19.353279+00:00,baseline_v1
FT-T006136,Yes,0.7181,2026-09-21T16:42:19.353279+00:00,baseline_v1
FT-T006137,Yes,0.6309,2026-09-21T16:42:19.353279+00:00,baseline_v1
FT-T006138,Yes,0.6226,2026-09-21T16:42:19.353279+00:00,baseline_v1
FT-T006139,Yes,0.6866,2026-09-21T16:42:19.353279+00:00,baseline_v1
FT-T006140,No,0.3785,2026-09-21T16:42:19.353279+00:00,baseline_v1
FT-T006141,Yes,0.6942,2026-09-21T16:42:19.353279+00:00,baseline_v1
FT-T006142,Yes,0.6736,2026-09-21T16:42:19.353279+00:00,baseline_v1
FT-T006143,No,0.3872,2026-09-21T16:42:19.353279+00:00,baseline_v1
FT-T006144,Yes,0.6152,2026-09-21T16:42:19.353279+00:00,baseline_v1
FT-T006145,No,0.495,2026-09-21T16:42:19.353279+00:00,baseline_v1
FT-T006146,Yes,0.622,2026-09-21T16:42:19.353279+00:00,baseline_v1
FT-T006147,Yes,0.6108,2026-09-21T16:42:19.353279+00:00,baseline_v1
FT-T006148,Yes,0.5284,2026-09-21T16:42:19.353279+00:00,baseline_v1
FT-T006149,Yes,0.6287,2026-09-21T16:42:19.353279+00:00,baseline_v1
FT-T006150,Yes,0.7103,2026-09-21T16:42:19.353279+00:00,baseline_v1
FT-T006151,No,0.4752,2026-09-21T16:42:19.353279+00:00,baseline_v1
FT-T006152,Yes,0.57,2026-09-21T16:42:19.353279+00:00,baseline_v1
FT-T006153,No,0.4018,2026-09-21T16:42:19.353279+00:00,baseline_v1
FT-T006154,No,0.3722,2026-09-21T16:42:19.353279+00:00,baseline_v1
FT-T006155,Yes,0.6752,2026-09-21T16:42:19.353279+00:00,baseline_v1
FT-T006156,Yes,0.8203,2026-09-21T16:42:19.353279+00:00,baseline_v1
FT-T006157,Yes,0.8002,2026-09-21T16:42:19.353279+00:00,baseline_v1
FT-T006158,Yes,0.5406,2026-09-21T16:42:19.353279+00:00,baseline_v1
FT-T006159,No,0.4724,2026-09-21T16:42:19.353279+00:00,baseline_v1
FT-T006160,Yes,0.5214,2026-09-21T16:42:19.353279+00:00,baseline_v1
FT-T006161,No,0.4558,2026-09-21T16:42:19.353279+00:00,baseline_v1
FT-T006162,Yes,0.5613,2026-09-21T16:42:19.353279+00:00,baseline_v1
FT-T006163,Yes,0.5243,2026-09-21T16:42:19.353279+00:00,baseline_v1
FT-T006164,Yes,0.7717,2026-09-21T16:42:19.353279+00:00,baseline_v1
FT-T006165,No,0.4413,2026-09-21T16:42:19.353279+00:00,baseline_v1
FT-T006166,No,0.4428,2026-09-21T16:42:19.353279+00:00,baseline_v1
FT-T006167,No,0.3482,2026-09-21T16:42:19.353279+00:00,baseline_v1
FT-T006168,No,0.3407,2026-09-21T16:42:19.353279+00:00,baseline_v1
FT-T006169,Yes,0.8251,2026-09-21T16:42:19.353279+00:00,baseline_v1
FT-T006170,Yes,0.624,2026-09-21T16:42:19.353279+00:00,baseline_v1
FT-T006171,No,0.4633,2026-09-21T16:42:19.353279+00:00,baseline_v1
FT-T006172,Yes,0.5134,2026-09-21T16:42:19.353279+00:00,baseline_v1
FT-T006173,No,0.3301,2026-09-21T16:42:19.353279+00:00,baseline_v1
FT-T006174,Yes,0.5999,2026-09-21T16:42:19.353279+00:00,baseline_v1
FT-T006175,No,0.3515,2026-09-21T16:42:19.353279+00:00,baseline_v1
FT-T006176,No,0.4243,2026-09-21T16:42:19.353279+00:00,baseline_v1
FT-T006177,Yes,0.5457,2026-09-21T16:42:19.353279+00:00,baseline_v1
FT-T006178,No,0.4323,2026-09-21T16:42:19.353279+00:00,baseline_v1
FT-T006179,Yes,0.6898,2026-09-21T16:42:19.353279+00:00,baseline_v1
FT-T006180,No,0.3102,2026-09-21T16:42:19.353279+00:00,baseline_v1
FT-T006181,No,0.3569,2026-09-21T16:42:19.353279+00:00,baseline_v1
FT-T006182,No,0.4418,2026-09-21T16:42:19.353279+00:00,baseline_v1
FT-T006183,Yes,0.5243,2026-09-21T16:42:19.353279+00:00,baseline_v1
FT-T006184,Yes,0.577,2026-09-21T16:42:19.353279+00:00,baseline_v1
FT-T006185,No,0.3227,2026-09-21T16:42:19.353279+00:00,baseline_v1
FT-T006186,Yes,0.5381,2026-09-21T16:42:19.353279+00:00,baseline_v1
FT-T006187,Yes,0.5093,2026-09-21T16:42:19.353279+00:00,baseline_v1
FT-T006188,No,0.4359,2026-09-21T16:42:19.353279+00:00,baseline_v1
FT-T006189,No,0.396,2026-09-21T16:42:19.353279+00:00,baseline_v1
FT-T006190,Yes,0.647,2026-09-21T16:42:19.353279+00:00,baseline_v1
FT-T006191,No,0.4038,2026-09-21T16:42:19.353279+00:00,baseline_v1
FT-T006192,Yes,0.5462,2026-09-21T16:42:19.353279+00:00,baseline_v1
FT-T006193,No,0.4557,2026-09-21T16:42:19.353279+00:00,baseline_v1
FT-T006194,No,0.3229,2026-09-21T16:42:19.353279+00:00,baseline_v1
FT-T006195,Yes,0.5115,2026-09-21T16:42:19.353279+00:00,baseline_v1
FT-T006196,No,0.3875,2026-09-21T16:42:19.353279+00:00,baseline_v1
FT-T006197,No,0.2679,2026-09-21T16:42:19.353279+00:00,baseline_v1
FT-T006198,Yes,0.5146,2026-09-21T16:42:19.353279+00:00,baseline_v1
FT-T006199,No,0.317,2026-09-21T16:42:19.353279+00:00,baseline_v1
FT-T006200,Yes,0.5114,2026-09-21T16:42:19.353279+00:00,baseline_v1
FT-T006201,No,0.3624,2026-09-21T16:42:19.353279+00:00,baseline_v1
FT-T006202,No,0.3311,2026-09-21T16:42:19.353279+00:00,baseline_v1
FT-T006203,Yes,0.5552,2026-09-21T16:42:19.353279+00:00,baseline_v1
FT-T006204,No,0.372,2026-09-21T16:42:19.353279+00:00,baseline_v1
FT-T006205,No,0.3542,2026-09-21T16:42:19.353279+00:00,baseline_v1
FT-T006206,No,0.3675,2026-09-21T16:42:19.353279+00:00,baseline_v1
FT-T006207,Yes,0.6717,2026-09-21T16:42:19.353279+00:00,baseline_v1
FT-T006208,No,0.4928,2026-09-21T16:42:19.353279+00:00,baseline_v1
FT-T006209,No,0.3086,2026-09-21T16:42:19.353279+00:00,baseline_v1
FT-T006210,Yes,0.5615,2026-09-21T16:42:19.353279+00:00,baseline_v1
FT-T006211,No,0.3546,2026-09-21T16:42:19.353279+00:00,baseline_v1
FT-T006212,No,0.3006,2026-09-21T16:42:19.353279+00:00,baseline_v1
FT-T006213,Yes,0.539,2026-09-21T16:42:19.353279+00:00,baseline_v1
FT-T006214,No,0.3192,2026-09-21T16:42:19.353279+00:00,baseline_v1
FT-T006215,No,0.3677,2026-09-21T16:42:19.353279+00:00,baseline_v1
FT-T006216,No,0.4847,2026-09-21T16:42:19.353279+00:00,baseline_v1
FT-T006217,Yes,0.5082,2026-09-21T16:42:19.353279+00:00,baseline_v1
FT-T006218,No,0.3776,2026-09-21T16:42:19.353279+00:00,baseline_v1
FT-T006219,Yes,0.5967,2026-09-21T16:42:19.353279+00:00,baseline_v1
FT-T006220,No,0.3122,2026-09-21T16:42:19.353279+00:00,baseline_v1
FT-T006221,Yes,0.5356,2026-09-21T16:42:19.353279+00:00,baseline_v1
FT-T006222,No,0.4563,2026-09-21T16:42:19.353279+00:00,baseline_v1
FT-T006223,No,0.4618,2026-09-21T16:42:19.353279+00:00,baseline_v1
FT-T006224,No,0.4557,2026-09-21T16:42:19.353279+00:00,baseline_v1
FT-T006225,No,0.2823,2026-09-21T16:42:19.353279+00:00,baseline_v1
FT-T006226,No,0.4871,2026-09-21T16:42:19.353279+00:00,baseline_v1
FT-T006227,No,0.2505,2026-09-21T16:42:19.353279+00:00,baseline_v1
FT-T006228,No,0.3474,2026-09-21T16:42:19.353279+00:00,baseline_v1
FT-T006229,No,0.3257,2026-09-21T16:42:19.353279+00:00,baseline_v1
FT-T006230,Yes,0.517,2026-09-21T16:42:19.353279+00:00,baseline_v1
FT-T006231,No,0.2196,2026-09-21T16:42:19.353279+00:00,baseline_v1
FT-T006232,No,0.3367,2026-09-21T16:42:19.353279+00:00,baseline_v1
FT-T006233,No,0.4358,2026-09-21T16:42:19.353279+00:00,baseline_v1
FT-T006234,Yes,0.6644,2026-09-21T16:42:19.353279+00:00,baseline_v1
FT-T006235,No,0.3116,2026-09-21T16:42:19.353279+00:00,baseline_v1
FT-T006236,No,0.4656,2026-09-21T16:42:19.353279+00:00,baseline_v1
FT-T006237,No,0.3129,2026-09-21T16:42:19.353279+00:00,baseline_v1
FT-T006238,Yes,0.5255,2026-09-21T16:42:19.353279+00:00,baseline_v1
FT-T006239,No,0.3042,2026-09-21T16:42:19.353279+00:00,baseline_v1
FT-T006240,No,0.2431,2026-09-21T16:42:19.353279+00:00,baseline_v1
FT-T006241,No,0.4066,2026-09-21T16:42:19.353279+00:00,baseline_v1
FT-T006242,No,0.2841,2026-09-21T16:42:19.353279+00:00,baseline_v1
FT-T006243,No,0.4517,2026-09-21T16:42:19.353279+00:00,baseline_v1
FT-T006244,Yes,0.6122,2026-09-21T16:42:19.353279+00:00,baseline_v1
FT-T006245,No,0.3028,2026-09-21T16:42:19.353279+00:00,baseline_v1
FT-T006246,Yes,0.6072,2026-09-21T16:42:19.353279+00:00,baseline_v1
FT-T006247,Yes,0.508,2026-09-21T16:42:19.353279+00:00,baseline_v1
FT-T006248,No,0.2995,2026-09-21T16:42:19.353279+00:00,baseline_v1
FT-T006249,No,0.2015,2026-09-21T16:42:19.353279+00:00,baseline_v1
FT-T006250,Yes,0.5652,2026-09-21T16:42:19.353279+00:00,baseline_v1
FT-T006251,No,0.4864,2026-09-21T16:42:19.353279+00:00,baseline_v1
FT-T006252,Yes,0.5028,2026-09-21T16:42:19.353279+00:00,baseline_v1
FT-T006253,No,0.2139,2026-09-21T16:42:19.353279+00:00,baseline_v1
FT-T006254,No,0.2319,2026-09-21T16:42:19.353279+00:00,baseline_v1
FT-T006255,Yes,0.547,2026-09-21T16:42:19.353279+00:00,baseline_v1
FT-T006256,No,0.2694,2026-09-21T16:42:19.353279+00:00,baseline_v1
FT-T006257,No,0.4502,2026-09-21T16:42:19.353279+00:00,baseline_v1
FT-T006258,No,0.1961,2026-09-21T16:42:19.353279+00:00,baseline_v1
FT-T006259,No,0.442,2026-09-21T16:42:19.353279+00:00,baseline_v1
FT-T006260,No,0.3656,2026-09-21T16:42:19.353279+00:00,baseline_v1
FT-T006261,No,0.2657,2026-09-21T16:42:19.353279+00:00,baseline_v1
FT-T006262,No,0.2735,2026-09-21T16:42:19.353279+00:00,baseline_v1
FT-T006263,No,0.2572,2026-09-21T16:42:19.353279+00:00,baseline_v1
FT-T006264,No,0.2248,2026-09-21T16:42:19.353279+00:00,baseline_v1
FT-T006265,No,0.3748,2026-09-21T16:42:19.353279+00:00,baseline_v1
FT-T006266,No,0.2615,2026-09-21T16:42:19.353279+00:00,baseline_v1
FT-T006267,No,0.2261,2026-09-21T16:42:19.353279+00:00,baseline_v1
FT-T006268,Yes,0.5036,2026-09-21T16:42:19.353279+00:00,baseline_v1
FT-T006269,Yes,0.701,2026-09-21T16:42:19.353279+00:00,baseline_v1
FT-T006270,Yes,0.7661,2026-09-21T16:42:19.353279+00:00,baseline_v1
FT-T006271,No,0.3903,2026-09-21T16:42:19.353279+00:00,baseline_v1
FT-T006272,Yes,0.6924,2026-09-21T16:42:19.353279+00:00,baseline_v1
FT-T006273,Yes,0.5865,2026-09-21T16:42:19.353279+00:00,baseline_v1
FT-T006274,No,0.3776,2026-09-21T16:42:19.353279+00:00,baseline_v1
FT-T006275,No,0.4299,2026-09-21T16:42:19.353279+00:00,baseline_v1
FT-T006276,No,0.4502,2026-09-21T16:42:19.353279+00:00,baseline_v1
FT-T006277,Yes,0.666,2026-09-21T16:42:19.353279+00:00,baseline_v1
FT-T006278,Yes,0.7968,2026-09-21T16:42:19.353279+00:00,baseline_v1
FT-T006279,No,0.4709,2026-09-21T16:42:19.353279+00:00,baseline_v1
FT-T006280,Yes,0.5747,2026-09-21T16:42:19.353279+00:00,baseline_v1
FT-T006281,No,0.3643,2026-09-21T16:42:19.353279+00:00,baseline_v1
FT-T006282,No,0.4727,2026-09-21T16:42:19.353279+00:00,baseline_v1
FT-T006283,No,0.4318,2026-09-21T16:42:19.353279+00:00,baseline_v1
FT-T006284,No,0.438,2026-09-21T16:42:19.353279+00:00,baseline_v1
FT-T006285,No,0.341,2026-09-21T16:42:19.353279+00:00,baseline_v1
FT-T006286,Yes,0.7149,2026-09-21T16:42:19.353279+00:00,baseline_v1
FT-T006287,Yes,0.5185,2026-09-21T16:42:19.353279+00:00,baseline_v1
FT-T006288,Yes,0.6429,2026-09-21T16:42:19.353279+00:00,baseline_v1
FT-T006289,Yes,0.5634,2026-09-21T16:42:19.353279+00:00,baseline_v1
FT-T006290,No,0.47,2026-09-21T16:42:19.353279+00:00,baseline_v1
FT-T006291,Yes,0.5885,2026-09-21T16:42:19.353279+00:00,baseline_v1
FT-T006292,Yes,0.7212,2026-09-21T16:42:19.353279+00:00,baseline_v1
FT-T006293,No,0.389,2026-09-21T16:42:19.353279+00:00,baseline_v1
FT-T006294,No,0.4428,2026-09-21T16:42:19.353279+00:00,baseline_v1
FT-T006295,No,0.4295,2026-09-21T16:42:19.353279+00:00,baseline_v1
FT-T006296,Yes,0.7318,2026-09-21T16:42:19.353279+00:00,baseline_v1
FT-T006297,No,0.3856,2026-09-21T16:42:19.353279+00:00,baseline_v1
FT-T006298,No,0.4786,2026-09-21T16:42:19.353279+00:00,baseline_v1
FT-T006299,No,0.4111,2026-09-21T16:42:19.353279+00:00,baseline_v1
FT-T006300,Yes,0.7367,2026-09-21T16:42:19.353279+00:00,baseline_v1
FT-T006301,Yes,0.552,2026-09-21T16:42:19.353279+00:00,baseline_v1
FT-T006302,No,0.3133,2026-09-21T16:42:19.353279+00:00,baseline_v1
FT-T006303,No,0.4398,2026-09-21T16:42:19.353279+00:00,baseline_v1
FT-T006304,Yes,0.5627,2026-09-21T16:42:19.353279+00:00,baseline_v1
FT-T006305,Yes,0.5672,2026-09-21T16:42:19.353279+00:00,baseline_v1
FT-T006306,No,0.3471,2026-09-21T16:42:19.353279+00:00,baseline_v1
FT-T006307,No,0.4577,2026-09-21T16:42:19.353279+00:00,baseline_v1
FT-T006308,Yes,0.6319,2026-09-21T16:42:19.353279+00:00,baseline_v1
FT-T006309,Yes,0.7997,2026-09-21T16:42:19.353279+00:00,baseline_v1
FT-T006310,No,0.3769,2026-09-21T16:42:19.353279+00:00,baseline_v1
FT-T006311,No,0.3384,2026-09-21T16:42:19.353279+00:00,baseline_v1
FT-T006312,Yes,0.5083,2026-09-21T16:42:19.353279+00:00,baseline_v1
FT-T006313,No,0.3411,2026-09-21T16:42:19.353279+00:00,baseline_v1
FT-T006314,No,0.3468,2026-09-21T16:42:19.353279+00:00,baseline_v1
FT-T006315,Yes,0.6261,2026-09-21T16:42:19.353279+00:00,baseline_v1
FT-T006316,Yes,0.6479,2026-09-21T16:42:19.353279+00:00,baseline_v1
FT-T006317,Yes,0.7289,2026-09-21T16:42:19.353279+00:00,baseline_v1
FT-T006318,Yes,0.586,2026-09-21T16:42:19.353279+00:00,baseline_v1
FT-T006319,No,0.348,2026-09-21T16:42:19.353279+00:00,baseline_v1
FT-T006320,No,0.4907,2026-09-21T16:42:19.353279+00:00,baseline_v1
FT-T006321,Yes,0.6028,2026-09-21T16:42:19.353279+00:00,baseline_v1
FT-T006322,Yes,0.746,2026-09-21T16:42:19.353279+00:00,baseline_v1
FT-T006323,Yes,0.5802,2026-09-21T16:42:19.353279+00:00,baseline_v1
FT-T006324,No,0.3212,2026-09-21T16:42:19.353279+00:00,baseline_v1
FT-T006325,Yes,0.5082,2026-09-21T16:42:19.353279+00:00,baseline_v1
FT-T006326,No,0.3869,2026-09-21T16:42:19.353279+00:00,baseline_v1
FT-T006327,Yes,0.5532,2026-09-21T16:42:19.353279+00:00,baseline_v1
FT-T006328,No,0.3415,2026-09-21T16:42:19.353279+00:00,baseline_v1
FT-T006329,Yes,0.6235,2026-09-21T16:42:19.353279+00:00,baseline_v1
FT-T006330,No,0.3725,2026-09-21T16:42:19.353279+00:00,baseline_v1
FT-T006331,No,0.326,2026-09-21T16:42:19.353279+00:00,baseline_v1
FT-T006332,Yes,0.6228,2026-09-21T16:42:19.353279+00:00,baseline_v1
FT-T006333,No,0.3087,2026-09-21T16:42:19.353279+00:00,baseline_v1
FT-T006334,No,0.4915,2026-09-21T16:42:19.353279+00:00,baseline_v1
FT-T006335,No,0.3751,2026-09-21T16:42:19.353279+00:00,baseline_v1
FT-T006336,Yes,0.5783,2026-09-21T16:42:19.353279+00:00,baseline_v1
FT-T006337,No,0.3607,2026-09-21T16:42:19.353279+00:00,baseline_v1
FT-T006338,No,0.3282,2026-09-21T16:42:19.353279+00:00,baseline_v1
FT-T006339,Yes,0.691,2026-09-21T16:42:19.353279+00:00,baseline_v1
FT-T006340,No,0.3389,2026-09-21T16:42:19.353279+00:00,baseline_v1
FT-T006341,Yes,0.5705,2026-09-21T16:42:19.353279+00:00,baseline_v1
FT-T006342,Yes,0.5455,2026-09-21T16:42:19.353279+00:00,baseline_v1
FT-T006343,No,0.4965,2026-09-21T16:42:19.353279+00:00,baseline_v1
FT-T006344,No,0.3344,2026-09-21T16:42:19.353279+00:00,baseline_v1
FT-T006345,No,0.4677,2026-09-21T16:42:19.353279+00:00,baseline_v1
FT-T006346,Yes,0.5341,2026-09-21T16:42:19.353279+00:00,baseline_v1
FT-T006347,No,0.3149,2026-09-21T16:42:19.353279+00:00,baseline_v1
FT-T006348,No,0.4714,2026-09-21T16:42:19.353279+00:00,baseline_v1
FT-T006349,No,0.3062,2026-09-21T16:42:19.353279+00:00,baseline_v1
FT-T006350,Yes,0.8119,2026-09-21T16:42:19.353279+00:00,baseline_v1
FT-T006351,No,0.2992,2026-09-21T16:42:19.353279+00:00,baseline_v1
FT-T006352,No,0.2968,2026-09-21T16:42:19.353279+00:00,baseline_v1
FT-T006353,No,0.3126,2026-09-21T16:42:19.353279+00:00,baseline_v1
FT-T006354,Yes,0.7953,2026-09-21T16:42:19.353279+00:00,baseline_v1
FT-T006355,Yes,0.538,2026-09-21T16:42:19.353279+00:00,baseline_v1
FT-T006356,No,0.4112,2026-09-21T16:42:19.353279+00:00,baseline_v1
FT-T006357,No,0.3248,2026-09-21T16:42:19.353279+00:00,baseline_v1
FT-T006358,No,0.4742,2026-09-21T16:42:19.353279+00:00,baseline_v1
FT-T006359,No,0.2695,2026-09-21T16:42:19.353279+00:00,baseline_v1
FT-T006360,No,0.283,2026-09-21T16:42:19.353279+00:00,baseline_v1
FT-T006361,No,0.4856,2026-09-21T16:42:19.353279+00:00,baseline_v1
FT-T006362,No,0.2105,2026-09-21T16:42:19.353279+00:00,baseline_v1
FT-T006363,No,0.3179,2026-09-21T16:42:19.353279+00:00,baseline_v1
FT-T006364,Yes,0.6768,2026-09-21T16:42:19.353279+00:00,baseline_v1
FT-T006365,No,0.4906,2026-09-21T16:42:19.353279+00:00,baseline_v1
FT-T006366,No,0.2303,2026-09-21T16:42:19.353279+00:00,baseline_v1
FT-T006367,No,0.4678,2026-09-21T16:42:19.353279+00:00,baseline_v1
FT-T006368,No,0.2896,2026-09-21T16:42:19.353279+00:00,baseline_v1
FT-T006369,No,0.2654,2026-09-21T16:42:19.353279+00:00,baseline_v1
FT-T006370,Yes,0.6901,2026-09-21T16:42:19.353279+00:00,baseline_v1
FT-T006371,Yes,0.7523,2026-09-21T16:42:19.353279+00:00,baseline_v1
FT-T006372,Yes,0.634,2026-09-21T16:42:19.353279+00:00,baseline_v1
FT-T006373,Yes,0.6086,2026-09-21T16:42:19.353279+00:00,baseline_v1
FT-T006374,No,0.242,2026-09-21T16:42:19.353279+00:00,baseline_v1
FT-T006375,No,0.398,2026-09-21T16:42:19.353279+00:00,baseline_v1
FT-T006376,Yes,0.5511,2026-09-21T16:42:19.353279+00:00,baseline_v1
FT-T006377,No,0.4355,2026-09-21T16:42:19.353279+00:00,baseline_v1
FT-T006378,No,0.3529,2026-09-21T16:42:19.353279+00:00,baseline_v1
FT-T006379,No,0.4922,2026-09-21T16:42:19.353279+00:00,baseline_v1
FT-T006380,Yes,0.7386,2026-09-21T16:42:19.353279+00:00,baseline_v1
FT-T006381,Yes,0.6472,2026-09-21T16:42:19.353279+00:00,baseline_v1
FT-T006382,No,0.274,2026-09-21T16:42:19.353279+00:00,baseline_v1
FT-T006383,No,0.2652,2026-09-21T16:42:19.353279+00:00,baseline_v1
FT-T006384,No,0.4264,2026-09-21T16:42:19.353279+00:00,baseline_v1
FT-T006385,Yes,0.5528,2026-09-21T16:42:19.353279+00:00,baseline_v1
FT-T006386,No,0.2721,2026-09-21T16:42:19.353279+00:00,baseline_v1
FT-T006387,Yes,0.7149,2026-09-21T16:42:19.353279+00:00,baseline_v1
FT-T006388,No,0.2727,2026-09-21T16:42:19.353279+00:00,baseline_v1
FT-T006389,No,0.2673,2026-09-21T16:42:19.353279+00:00,baseline_v1
FT-T006390,No,0.2674,2026-09-21T16:42:19.353279+00:00,baseline_v1
FT-T006391,Yes,0.5163,2026-09-21T16:42:19.353279+00:00,baseline_v1
FT-T006392,No,0.1595,2026-09-21T16:42:19.353279+00:00,baseline_v1
FT-T006393,No,0.2582,2026-09-21T16:42:19.353279+00:00,baseline_v1
FT-T006394,No,0.3708,2026-09-21T16:42:19.353279+00:00,baseline_v1
FT-T006395,No,0.3426,2026-09-21T16:42:19.353279+00:00,baseline_v1
FT-T006396,Yes,0.5416,2026-09-21T16:42:19.353279+00:00,baseline_v1
FT-T006397,No,0.4949,2026-09-21T16:42:19.353279+00:00,baseline_v1
FT-T006398,No,0.4003,2026-09-21T16:42:19.353279+00:00,baseline_v1
FT-T006399,No,0.2562,2026-09-21T16:42:19.353279+00:00,baseline_v1
FT-T006400,No,0.3944,2026-09-21T16:42:19.353279+00:00,baseline_v1
FT-T006401,Yes,0.7447,2026-09-21T16:42:19.353279+00:00,baseline_v1
FT-T006402,Yes,0.7242,2026-09-21T16:42:19.353279+00:00,baseline_v1
FT-T006403,Yes,0.6576,2026-09-21T16:42:19.353279+00:00,baseline_v1
FT-T006404,No,0.4216,2026-09-21T16:42:19.353279+00:00,baseline_v1
FT-T006405,No,0.4592,2026-09-21T16:42:19.353279+00:00,baseline_v1
FT-T006406,Yes,0.6918,2026-09-21T16:42:19.353279+00:00,baseline_v1
FT-T006407,Yes,0.7503,2026-09-21T16:42:19.353279+00:00,baseline_v1
FT-T006408,Yes,0.8609,2026-09-21T16:42:19.353279+00:00,baseline_v1
FT-T006409,No,0.4324,2026-09-21T16:42:19.353279+00:00,baseline_v1
FT-T006410,Yes,0.7562,2026-09-21T16:42:19.353279+00:00,baseline_v1
FT-T006411,Yes,0.6207,2026-09-21T16:42:19.353279+00:00,baseline_v1
FT-T006412,No,0.4238,2026-09-21T16:42:19.353279+00:00,baseline_v1
FT-T006413,No,0.4005,2026-09-21T16:42:19.353279+00:00,baseline_v1
FT-T006414,Yes,0.6384,2026-09-21T16:42:19.353279+00:00,baseline_v1
FT-T006415,No,0.4828,2026-09-21T16:42:19.353279+00:00,baseline_v1
FT-T006416,Yes,0.6388,2026-09-21T16:42:19.353279+00:00,baseline_v1
FT-T006417,Yes,0.7033,2026-09-21T16:42:19.353279+00:00,baseline_v1
FT-T006418,Yes,0.625,2026-09-21T16:42:19.353279+00:00,baseline_v1
FT-T006419,Yes,0.6037,2026-09-21T16:42:19.353279+00:00,baseline_v1
FT-T006420,No,0.2874,2026-09-21T16:42:19.353279+00:00,baseline_v1
FT-T006421,Yes,0.5938,2026-09-21T16:42:19.353279+00:00,baseline_v1
FT-T006422,No,0.4544,2026-09-21T16:42:19.353279+00:00,baseline_v1
FT-T006423,No,0.4481,2026-09-21T16:42:19.353279+00:00,baseline_v1
FT-T006424,No,0.4973,2026-09-21T16:42:19.353279+00:00,baseline_v1
FT-T006425,Yes,0.5587,2026-09-21T16:42:19.353279+00:00,baseline_v1
FT-T006426,No,0.48,2026-09-21T16:42:19.353279+00:00,baseline_v1
FT-T006427,No,0.4564,2026-09-21T16:42:19.353279+00:00,baseline_v1
FT-T006428,No,0.4912,2026-09-21T16:42:19.353279+00:00,baseline_v1
FT-T006429,No,0.4325,2026-09-21T16:42:19.353279+00:00,baseline_v1
FT-T006430,No,0.4555,2026-09-21T16:42:19.353279+00:00,baseline_v1
FT-T006431,Yes,0.6232,2026-09-21T16:42:19.353279+00:00,baseline_v1
FT-T006432,Yes,0.5751,2026-09-21T16:42:19.353279+00:00,baseline_v1
FT-T006433,No,0.4137,2026-09-21T16:42:19.353279+00:00,baseline_v1
FT-T006434,Yes,0.7341,2026-09-21T16:42:19.353279+00:00,baseline_v1
FT-T006435,Yes,0.6366,2026-09-21T16:42:19.353279+00:00,baseline_v1
FT-T006436,Yes,0.5771,2026-09-21T16:42:19.353279+00:00,baseline_v1
FT-T006437,No,0.3367,2026-09-21T16:42:19.353279+00:00,baseline_v1
FT-T006438,No,0.4936,2026-09-21T16:42:19.353279+00:00,baseline_v1
FT-T006439,Yes,0.521,2026-09-21T16:42:19.353279+00:00,baseline_v1
FT-T006440,No,0.3713,2026-09-21T16:42:19.353279+00:00,baseline_v1
FT-T006441,No,0.3257,2026-09-21T16:42:19.353279+00:00,baseline_v1
FT-T006442,Yes,0.5996,2026-09-21T16:42:19.353279+00:00,baseline_v1
FT-T006443,Yes,0.6016,2026-09-21T16:42:19.353279+00:00,baseline_v1
FT-T006444,Yes,0.5945,2026-09-21T16:42:19.353279+00:00,baseline_v1
FT-T006445,No,0.4278,2026-09-21T16:42:19.353279+00:00,baseline_v1
FT-T006446,Yes,0.7171,2026-09-21T16:42:19.353279+00:00,baseline_v1
FT-T006447,Yes,0.5755,2026-09-21T16:42:19.353279+00:00,baseline_v1
FT-T006448,No,0.3715,2026-09-21T16:42:19.353279+00:00,baseline_v1
FT-T006449,Yes,0.6393,2026-09-21T16:42:19.353279+00:00,baseline_v1
FT-T006450,Yes,0.7074,2026-09-21T16:42:19.353279+00:00,baseline_v1
FT-T006451,No,0.3564,2026-09-21T16:42:19.353279+00:00,baseline_v1
FT-T006452,Yes,0.5911,2026-09-21T16:42:19.353279+00:00,baseline_v1
FT-T006453,Yes,0.7614,2026-09-21T16:42:19.353279+00:00,baseline_v1
FT-T006454,Yes,0.5238,2026-09-21T16:42:19.353279+00:00,baseline_v1
FT-T006455,No,0.2616,2026-09-21T16:42:19.353279+00:00,baseline_v1
FT-T006456,No,0.3088,2026-09-21T16:42:19.353279+00:00,baseline_v1
FT-T006457,Yes,0.551,2026-09-21T16:42:19.353279+00:00,baseline_v1
FT-T006458,Yes,0.6317,2026-09-21T16:42:19.353279+00:00,baseline_v1
FT-T006459,Yes,0.5384,2026-09-21T16:42:19.353279+00:00,baseline_v1
FT-T006460,Yes,0.6255,2026-09-21T16:42:19.353279+00:00,baseline_v1
FT-T006461,Yes,0.5784,2026-09-21T16:42:19.353279+00:00,baseline_v1
FT-T006462,Yes,0.6561,2026-09-21T16:42:19.353279+00:00,baseline_v1
FT-T006463,No,0.3374,2026-09-21T16:42:19.353279+00:00,baseline_v1
FT-T006464,No,0.284,2026-09-21T16:42:19.353279+00:00,baseline_v1
FT-T006465,No,0.4598,2026-09-21T16:42:19.353279+00:00,baseline_v1
FT-T006466,Yes,0.7042,2026-09-21T16:42:19.353279+00:00,baseline_v1
FT-T006467,Yes,0.5068,2026-09-21T16:42:19.353279+00:00,baseline_v1
FT-T006468,No,0.2759,2026-09-21T16:42:19.353279+00:00,baseline_v1
FT-T006469,Yes,0.5513,2026-09-21T16:42:19.353279+00:00,baseline_v1
FT-T006470,No,0.2984,2026-09-21T16:42:19.353279+00:00,baseline_v1
FT-T006471,No,0.4687,2026-09-21T16:42:19.353279+00:00,baseline_v1
FT-T006472,Yes,0.6788,2026-09-21T16:42:19.353279+00:00,baseline_v1
FT-T006473,No,0.2223,2026-09-21T16:42:19.353279+00:00,baseline_v1
FT-T006474,No,0.3818,2026-09-21T16:42:19.353279+00:00,baseline_v1
FT-T006475,No,0.3299,2026-09-21T16:42:19.353279+00:00,baseline_v1
FT-T006476,Yes,0.5772,2026-09-21T16:42:19.353279+00:00,baseline_v1
FT-T006477,No,0.325,2026-09-21T16:42:19.353279+00:00,baseline_v1
FT-T006478,Yes,0.6082,2026-09-21T16:42:19.353279+00:00,baseline_v1
FT-T006479,No,0.4315,2026-09-21T16:42:19.353279+00:00,baseline_v1
FT-T006480,No,0.3292,2026-09-21T16:42:19.353279+00:00,baseline_v1
FT-T006481,No,0.4385,2026-09-21T16:42:19.353279+00:00,baseline_v1
FT-T006482,No,0.2726,2026-09-21T16:42:19.353279+00:00,baseline_v1
FT-T006483,No,0.3312,2026-09-21T16:42:19.353279+00:00,baseline_v1
FT-T006484,No,0.2964,2026-09-21T16:42:19.353279+00:00,baseline_v1
FT-T006485,No,0.319,2026-09-21T16:42:19.353279+00:00,baseline_v1
FT-T006486,Yes,0.5026,2026-09-21T16:42:19.353279+00:00,baseline_v1
FT-T006487,Yes,0.5606,2026-09-21T16:42:19.353279+00:00,baseline_v1
FT-T006488,Yes,0.6015,2026-09-21T16:42:19.353279+00:00,baseline_v1
FT-T006489,No,0.4302,2026-09-21T16:42:19.353279+00:00,baseline_v1
FT-T006490,Yes,0.5586,2026-09-21T16:42:19.353279+00:00,baseline_v1
FT-T006491,Yes,0.5054,2026-09-21T16:42:19.353279+00:00,baseline_v1
FT-T006492,No,0.2993,2026-09-21T16:42:19.353279+00:00,baseline_v1
FT-T006493,No,0.4809,2026-09-21T16:42:19.353279+00:00,baseline_v1
FT-T006494,No,0.3696,2026-09-21T16:42:19.353279+00:00,baseline_v1
FT-T006495,No,0.2282,2026-09-21T16:42:19.353279+00:00,baseline_v1
FT-T006496,Yes,0.5062,2026-09-21T16:42:19.353279+00:00,baseline_v1
FT-T006497,No,0.275,2026-09-21T16:42:19.353279+00:00,baseline_v1
FT-T006498,Yes,0.5854,2026-09-21T16:42:19.353279+00:00,baseline_v1
FT-T006499,No,0.4734,2026-09-21T16:42:19.353279+00:00,baseline_v1
FT-T006500,Yes,0.5858,2026-09-21T16:42:19.353279+00:00,baseline_v1
FT-T006501,No,0.2801,2026-09-21T16:42:19.353279+00:00,baseline_v1
FT-T006502,No,0.2041,2026-09-21T16:42:19.353279+00:00,baseline_v1
FT-T006503,No,0.3683,2026-09-21T16:42:19.353279+00:00,baseline_v1
FT-T006504,No,0.3186,2026-09-21T16:42:19.353279+00:00,baseline_v1
FT-T006505,No,0.301,2026-09-21T16:42:19.353279+00:00,baseline_v1
FT-T006506,No,0.3067,2026-09-21T16:42:19.353279+00:00,baseline_v1
FT-T006507,No,0.2512,2026-09-21T16:42:19.353279+00:00,baseline_v1
FT-T006508,No,0.4931,2026-09-21T16:42:19.353279+00:00,baseline_v1
FT-T006509,No,0.4209,2026-09-21T16:42:19.353279+00:00,baseline_v1
FT-T006510,Yes,0.5359,2026-09-21T16:42:19.353279+00:00,baseline_v1
FT-T006511,Yes,0.5712,2026-09-21T16:42:19.353279+00:00,baseline_v1
FT-T006512,Yes,0.6545,2026-09-21T16:42:19.353279+00:00,baseline_v1
FT-T006513,No,0.3789,2026-09-21T16:42:19.353279+00:00,baseline_v1
FT-T006514,Yes,0.6904,2026-09-21T16:42:19.353279+00:00,baseline_v1
FT-T006515,Yes,0.5609,2026-09-21T16:42:19.353279+00:00,baseline_v1
FT-T006516,No,0.3112,2026-09-21T16:42:19.353279+00:00,baseline_v1
FT-T006517,No,0.3185,2026-09-21T16:42:19.353279+00:00,baseline_v1
FT-T006518,No,0.2309,2026-09-21T16:42:19.353279+00:00,baseline_v1
FT-T006519,No,0.2481,2026-09-21T16:42:19.353279+00:00,baseline_v1
FT-T006520,Yes,0.515,2026-09-21T16:42:19.353279+00:00,baseline_v1
FT-T006521,No,0.446,2026-09-21T16:42:19.353279+00:00,baseline_v1
FT-T006522,No,0.4756,2026-09-21T16:42:19.353279+00:00,baseline_v1
FT-T006523,Yes,0.559,2026-09-21T16:42:19.353279+00:00,baseline_v1
FT-T006524,No,0.3049,2026-09-21T16:42:19.353279+00:00,baseline_v1
FT-T006525,Yes,0.5287,2026-09-21T16:42:19.353279+00:00,baseline_v1
FT-T006526,No,0.2913,2026-09-21T16:42:19.353279+00:00,baseline_v1
FT-T006527,Yes,0.5476,2026-09-21T16:42:19.353279+00:00,baseline_v1
FT-T006528,No,0.4342,2026-09-21T16:42:19.353279+00:00,baseline_v1
FT-T006529,Yes,0.6485,2026-09-21T16:42:19.353279+00:00,baseline_v1
FT-T006530,No,0.2423,2026-09-21T16:42:19.353279+00:00,baseline_v1
FT-T006531,No,0.2264,2026-09-21T16:42:19.353279+00:00,baseline_v1
FT-T006532,No,0.249,2026-09-21T16:42:19.353279+00:00,baseline_v1
FT-T006533,No,0.4888,2026-09-21T16:42:19.353279+00:00,baseline_v1
FT-T006534,Yes,0.69,2026-09-21T16:42:19.353279+00:00,baseline_v1
FT-T006535,No,0.4047,2026-09-21T16:42:19.353279+00:00,baseline_v1
FT-T006536,Yes,0.6583,2026-09-21T16:42:19.353279+00:00,baseline_v1
FT-T006537,Yes,0.5638,2026-09-21T16:42:19.353279+00:00,baseline_v1
FT-T006538,Yes,0.6784,2026-09-21T16:42:19.353279+00:00,baseline_v1
FT-T006539,Yes,0.5284,2026-09-21T16:42:19.353279+00:00,baseline_v1
FT-T006540,Yes,0.517,2026-09-21T16:42:19.353279+00:00,baseline_v1
FT-T006541,No,0.4554,2026-09-21T16:42:19.353279+00:00,baseline_v1
FT-T006542,Yes,0.7116,2026-09-21T16:42:19.353279+00:00,baseline_v1
FT-T006543,Yes,0.6809,2026-09-21T16:42:19.353279+00:00,baseline_v1
FT-T006544,Yes,0.8173,2026-09-21T16:42:19.353279+00:00,baseline_v1
FT-T006545,No,0.4445,2026-09-21T16:42:19.353279+00:00,baseline_v1
FT-T006546,Yes,0.6257,2026-09-21T16:42:19.353279+00:00,baseline_v1
FT-T006547,No,0.4242,2026-09-21T16:42:19.353279+00:00,baseline_v1
FT-T006548,Yes,0.6977,2026-09-21T16:42:19.353279+00:00,baseline_v1
FT-T006549,Yes,0.6321,2026-09-21T16:42:19.353279+00:00,baseline_v1
FT-T006550,Yes,0.6893,2026-09-21T16:42:19.353279+00:00,baseline_v1
FT-T006551,Yes,0.5541,2026-09-21T16:42:19.353279+00:00,baseline_v1
FT-T006552,Yes,0.667,2026-09-21T16:42:19.353279+00:00,baseline_v1
FT-T006553,Yes,0.6893,2026-09-21T16:42:19.353279+00:00,baseline_v1
FT-T006554,No,0.3981,2026-09-21T16:42:19.353279+00:00,baseline_v1
FT-T006555,Yes,0.5885,2026-09-21T16:42:19.353279+00:00,baseline_v1
FT-T006556,Yes,0.7368,2026-09-21T16:42:19.353279+00:00,baseline_v1
FT-T006557,No,0.4307,2026-09-21T16:42:19.353279+00:00,baseline_v1
FT-T006558,Yes,0.5987,2026-09-21T16:42:19.353279+00:00,baseline_v1
FT-T006559,No,0.3367,2026-09-21T16:42:19.353279+00:00,baseline_v1
FT-T006560,No,0.3798,2026-09-21T16:42:19.353279+00:00,baseline_v1
FT-T006561,Yes,0.5952,2026-09-21T16:42:19.353279+00:00,baseline_v1
FT-T006562,Yes,0.5851,2026-09-21T16:42:19.353279+00:00,baseline_v1
FT-T006563,No,0.3529,2026-09-21T16:42:19.353279+00:00,baseline_v1
FT-T006564,No,0.4557,2026-09-21T16:42:19.353279+00:00,baseline_v1
FT-T006565,No,0.4246,2026-09-21T16:42:19.353279+00:00,baseline_v1
FT-T006566,Yes,0.5801,2026-09-21T16:42:19.353279+00:00,baseline_v1
FT-T006567,No,0.3391,2026-09-21T16:42:19.353279+00:00,baseline_v1
FT-T006568,Yes,0.6355,2026-09-21T16:42:19.353279+00:00,baseline_v1
FT-T006569,No,0.3642,2026-09-21T16:42:19.353279+00:00,baseline_v1
FT-T006570,Yes,0.6211,2026-09-21T16:42:19.353279+00:00,baseline_v1
FT-T006571,No,0.3314,2026-09-21T16:42:19.353279+00:00,baseline_v1
FT-T006572,No,0.4064,2026-09-21T16:42:19.353279+00:00,baseline_v1
FT-T006573,Yes,0.7815,2026-09-21T16:42:19.353279+00:00,baseline_v1
FT-T006574,Yes,0.5741,2026-09-21T16:42:19.353279+00:00,baseline_v1
FT-T006575,No,0.3518,2026-09-21T16:42:19.353279+00:00,baseline_v1
FT-T006576,Yes,0.772,2026-09-21T16:42:19.353279+00:00,baseline_v1
FT-T006577,No,0.466,2026-09-21T16:42:19.353279+00:00,baseline_v1
FT-T006578,Yes,0.5821,2026-09-21T16:42:19.353279+00:00,baseline_v1
FT-T006579,No,0.3815,2026-09-21T16:42:19.353279+00:00,baseline_v1
FT-T006580,Yes,0.533,2026-09-21T16:42:19.353279+00:00,baseline_v1
FT-T006581,No,0.403,2026-09-21T16:42:19.353279+00:00,baseline_v1
FT-T006582,Yes,0.5679,2026-09-21T16:42:19.353279+00:00,baseline_v1
FT-T006583,Yes,0.5971,2026-09-21T16:42:19.353279+00:00,baseline_v1
FT-T006584,No,0.4417,2026-09-21T16:42:19.353279+00:00,baseline_v1
FT-T006585,Yes,0.6098,2026-09-21T16:42:19.353279+00:00,baseline_v1
FT-T006586,No,0.2624,2026-09-21T16:42:19.353279+00:00,baseline_v1
FT-T006587,No,0.4378,2026-09-21T16:42:19.353279+00:00,baseline_v1
FT-T006588,No,0.345,2026-09-21T16:42:19.353279+00:00,baseline_v1
FT-T006589,No,0.4022,2026-09-21T16:42:19.353279+00:00,baseline_v1
FT-T006590,No,0.3164,2026-09-21T16:42:19.353279+00:00,baseline_v1
FT-T006591,No,0.3211,2026-09-21T16:42:19.353279+00:00,baseline_v1
FT-T006592,Yes,0.6109,2026-09-21T16:42:19.353279+00:00,baseline_v1
FT-T006593,No,0.315,2026-09-21T16:42:19.353279+00:00,baseline_v1
FT-T006594,Yes,0.6408,2026-09-21T16:42:19.353279+00:00,baseline_v1
FT-T006595,No,0.4369,2026-09-21T16:42:19.353279+00:00,baseline_v1
FT-T006596,Yes,0.501,2026-09-21T16:42:19.353279+00:00,baseline_v1
FT-T006597,Yes,0.757,2026-09-21T16:42:19.353279+00:00,baseline_v1
FT-T006598,Yes,0.5901,2026-09-21T16:42:19.353279+00:00,baseline_v1
FT-T006599,No,0.3691,2026-09-21T16:42:19.353279+00:00,baseline_v1
FT-T006600,No,0.2919,2026-09-21T16:42:19.353279+00:00,baseline_v1
FT-T006601,No,0.3404,2026-09-21T16:42:19.353279+00:00,baseline_v1
FT-T006602,Yes,0.509,2026-09-21T16:42:19.353279+00:00,baseline_v1
FT-T006603,No,0.246,2026-09-21T16:42:19.353279+00:00,baseline_v1
FT-T006604,Yes,0.6096,2026-09-21T16:42:19.353279+00:00,baseline_v1
FT-T006605,No,0.1988,2026-09-21T16:42:19.353279+00:00,baseline_v1
FT-T006606,No,0.4137,2026-09-21T16:42:19.353279+00:00,baseline_v1
FT-T006607,No,0.2909,2026-09-21T16:42:19.353279+00:00,baseline_v1
FT-T006608,No,0.2955,2026-09-21T16:42:19.353279+00:00,baseline_v1
FT-T006609,No,0.3695,2026-09-21T16:42:19.353279+00:00,baseline_v1
FT-T006610,No,0.4661,2026-09-21T16:42:19.353279+00:00,baseline_v1
FT-T006611,Yes,0.7274,2026-09-21T16:42:19.353279+00:00,baseline_v1
FT-T006612,Yes,0.5104,2026-09-21T16:42:19.353279+00:00,baseline_v1
FT-T006613,No,0.3431,2026-09-21T16:42:19.353279+00:00,baseline_v1
FT-T006614,Yes,0.7321,2026-09-21T16:42:19.353279+00:00,baseline_v1
FT-T006615,Yes,0.719,2026-09-21T16:42:19.353279+00:00,baseline_v1
FT-T006616,No,0.2831,2026-09-21T16:42:19.353279+00:00,baseline_v1
FT-T006617,No,0.2796,2026-09-21T16:42:19.353279+00:00,baseline_v1
FT-T006618,No,0.3235,2026-09-21T16:42:19.353279+00:00,baseline_v1
FT-T006619,No,0.3151,2026-09-21T16:42:19.353279+00:00,baseline_v1
FT-T006620,Yes,0.5999,2026-09-21T16:42:19.353279+00:00,baseline_v1
FT-T006621,No,0.3008,2026-09-21T16:42:19.353279+00:00,baseline_v1
FT-T006622,Yes,0.503,2026-09-21T16:42:19.353279+00:00,baseline_v1
FT-T006623,No,0.3277,2026-09-21T16:42:19.353279+00:00,baseline_v1
FT-T006624,No,0.2809,2026-09-21T16:42:19.353279+00:00,baseline_v1
FT-T006625,Yes,0.5558,2026-09-21T16:42:19.353279+00:00,baseline_v1
FT-T006626,No,0.2937,2026-09-21T16:42:19.353279+00:00,baseline_v1
FT-T006627,Yes,0.5269,2026-09-21T16:42:19.353279+00:00,baseline_v1
FT-T006628,No,0.3607,2026-09-21T16:42:19.353279+00:00,baseline_v1
FT-T006629,Yes,0.5027,2026-09-21T16:42:19.353279+00:00,baseline_v1
FT-T006630,No,0.2681,2026-09-21T16:42:19.353279+00:00,baseline_v1
FT-T006631,No,0.3412,2026-09-21T16:42:19.353279+00:00,baseline_v1
FT-T006632,No,0.2703,2026-09-21T16:42:19.353279+00:00,baseline_v1
FT-T006633,No,0.3032,2026-09-21T16:42:19.353279+00:00,baseline_v1
FT-T006634,Yes,0.5316,2026-09-21T16:42:19.353279+00:00,baseline_v1
FT-T006635,No,0.2678,2026-09-21T16:42:19.353279+00:00,baseline_v1
FT-T006636,No,0.3824,2026-09-21T16:42:19.353279+00:00,baseline_v1
FT-T006637,No,0.262,2026-09-21T16:42:19.353279+00:00,baseline_v1
FT-T006638,No,0.1757,2026-09-21T16:42:19.353279+00:00,baseline_v1
FT-T006639,No,0.2585,2026-09-21T16:42:19.353279+00:00,baseline_v1
FT-T006640,No,0.2707,2026-09-21T16:42:19.353279+00:00,baseline_v1
FT-T006641,No,0.4642,2026-09-21T16:42:19.353279+00:00,baseline_v1
FT-T006642,No,0.2674,2026-09-21T16:42:19.353279+00:00,baseline_v1
FT-T006643,No,0.4592,2026-09-21T16:42:19.353279+00:00,baseline_v1
FT-T006644,No,0.2034,2026-09-21T16:42:19.353279+00:00,baseline_v1
FT-T006645,No,0.2365,2026-09-21T16:42:19.353279+00:00,baseline_v1
FT-T006646,No,0.2288,2026-09-21T16:42:19.353279+00:00,baseline_v1
FT-T006647,No,0.2236,2026-09-21T16:42:19.353279+00:00,baseline_v1
FT-T006648,No,0.23,2026-09-21T16:42:19.353279+00:00,baseline_v1
FT-T006649,No,0.3345,2026-09-21T16:42:19.353279+00:00,baseline_v1
FT-T006650,No,0.2608,2026-09-21T16:42:19.353279+00:00,baseline_v1
FT-T006651,No,0.4487,2026-09-21T16:42:19.353279+00:00,baseline_v1
FT-T006652,No,0.3012,2026-09-21T16:42:19.353279+00:00,baseline_v1
FT-T006653,No,0.2179,2026-09-21T16:42:19.353279+00:00,baseline_v1
FT-T006654,No,0.336,2026-09-21T16:42:19.353279+00:00,baseline_v1
FT-T006655,No,0.4227,2026-09-21T16:42:19.353279+00:00,baseline_v1
FT-T006656,No,0.3781,2026-09-21T16:42:19.353279+00:00,baseline_v1
FT-T006657,No,0.4512,2026-09-21T16:42:19.353279+00:00,baseline_v1
FT-T006658,No,0.4366,2026-09-21T16:42:19.353279+00:00,baseline_v1
FT-T006659,No,0.2258,2026-09-21T16:42:19.353279+00:00,baseline_v1
FT-T006660,No,0.4763,2026-09-21T16:42:19.353279+00:00,baseline_v1
FT-T006661,No,0.4201,2026-09-21T16:42:19.353279+00:00,baseline_v1
FT-T006662,No,0.4731,2026-09-21T16:42:19.353279+00:00,baseline_v1
FT-T006663,No,0.2672,2026-09-21T16:42:19.353279+00:00,baseline_v1
FT-T006664,No,0.2704,2026-09-21T16:42:19.353279+00:00,baseline_v1
FT-T006665,No,0.2046,2026-09-21T16:42:19.353279+00:00,baseline_v1
FT-T006666,No,0.4004,2026-09-21T16:42:19.353279+00:00,baseline_v1
FT-T006667,No,0.2644,2026-09-21T16:42:19.353279+00:00,baseline_v1
FT-T006668,No,0.3212,2026-09-21T16:42:19.353279+00:00,baseline_v1
FT-T006669,No,0.4201,2026-09-21T16:42:19.353279+00:00,baseline_v1
FT-T006670,No,0.4725,2026-09-21T16:42:19.353279+00:00,baseline_v1
FT-T006671,No,0.4242,2026-09-21T16:42:19.353279+00:00,baseline_v1
FT-T006672,Yes,0.5452,2026-09-21T16:42:19.353279+00:00,baseline_v1
FT-T006673,Yes,0.6375,2026-09-21T16:42:19.353279+00:00,baseline_v1
FT-T006674,No,0.4064,2026-09-21T16:42:19.353279+00:00,baseline_v1
FT-T006675,Yes,0.6325,2026-09-21T16:42:19.353279+00:00,baseline_v1
FT-T006676,Yes,0.5864,2026-09-21T16:42:19.353279+00:00,baseline_v1
FT-T006677,No,0.4136,2026-09-21T16:42:19.353279+00:00,baseline_v1
FT-T006678,Yes,0.8828,2026-09-21T16:42:19.353279+00:00,baseline_v1
FT-T006679,No,0.3641,2026-09-21T16:42:19.353279+00:00,baseline_v1
FT-T006680,No,0.4188,2026-09-21T16:42:19.353279+00:00,baseline_v1
FT-T006681,No,0.4306,2026-09-21T16:42:19.353279+00:00,baseline_v1
FT-T006682,No,0.4359,2026-09-21T16:42:19.353279+00:00,baseline_v1
FT-T006683,Yes,0.8095,2026-09-21T16:42:19.353279+00:00,baseline_v1
FT-T006684,No,0.4195,2026-09-21T16:42:19.353279+00:00,baseline_v1
FT-T006685,No,0.4476,2026-09-21T16:42:19.353279+00:00,baseline_v1
FT-T006686,Yes,0.7492,2026-09-21T16:42:19.353279+00:00,baseline_v1
FT-T006687,No,0.4531,2026-09-21T16:42:19.353279+00:00,baseline_v1
FT-T006688,Yes,0.6678,2026-09-21T16:42:19.353279+00:00,baseline_v1
FT-T006689,Yes,0.7171,2026-09-21T16:42:19.353279+00:00,baseline_v1
FT-T006690,Yes,0.669,2026-09-21T16:42:19.353279+00:00,baseline_v1
FT-T006691,No,0.3615,2026-09-21T16:42:19.353279+00:00,baseline_v1
FT-T006692,Yes,0.5064,2026-09-21T16:42:19.353279+00:00,baseline_v1
FT-T006693,No,0.3794,2026-09-21T16:42:19.353279+00:00,baseline_v1
FT-T006694,Yes,0.8336,2026-09-21T16:42:19.353279+00:00,baseline_v1
FT-T006695,Yes,0.6708,2026-09-21T16:42:19.353279+00:00,baseline_v1
FT-T006696,No,0.4356,2026-09-21T16:42:19.353279+00:00,baseline_v1
FT-T006697,No,0.4664,2026-09-21T16:42:19.353279+00:00,baseline_v1
FT-T006698,No,0.3592,2026-09-21T16:42:19.353279+00:00,baseline_v1
FT-T006699,Yes,0.6781,2026-09-21T16:42:19.353279+00:00,baseline_v1
FT-T006700,Yes,0.674,2026-09-21T16:42:19.353279+00:00,baseline_v1
FT-T006701,No,0.3912,2026-09-21T16:42:19.353279+00:00,baseline_v1
FT-T006702,Yes,0.6981,2026-09-21T16:42:19.353279+00:00,baseline_v1
FT-T006703,No,0.4308,2026-09-21T16:42:19.353279+00:00,baseline_v1
FT-T006704,No,0.3954,2026-09-21T16:42:19.353279+00:00,baseline_v1
FT-T006705,Yes,0.5163,2026-09-21T16:42:19.353279+00:00,baseline_v1
FT-T006706,Yes,0.627,2026-09-21T16:42:19.353279+00:00,baseline_v1
FT-T006707,No,0.3958,2026-09-21T16:42:19.353279+00:00,baseline_v1
FT-T006708,No,0.3853,2026-09-21T16:42:19.353279+00:00,baseline_v1
FT-T006709,No,0.302,2026-09-21T16:42:19.353279+00:00,baseline_v1
FT-T006710,No,0.4039,2026-09-21T16:42:19.353279+00:00,baseline_v1
FT-T006711,No,0.4299,2026-09-21T16:42:19.353279+00:00,baseline_v1
FT-T006712,Yes,0.6422,2026-09-21T16:42:19.353279+00:00,baseline_v1
FT-T006713,No,0.3,2026-09-21T16:42:19.353279+00:00,baseline_v1
FT-T006714,Yes,0.5887,2026-09-21T16:42:19.353279+00:00,baseline_v1
FT-T006715,No,0.3214,2026-09-21T16:42:19.353279+00:00,baseline_v1
FT-T006716,No,0.3354,2026-09-21T16:42:19.353279+00:00,baseline_v1
FT-T006717,Yes,0.6432,2026-09-21T16:42:19.353279+00:00,baseline_v1
FT-T006718,No,0.2811,2026-09-21T16:42:19.353279+00:00,baseline_v1
FT-T006719,Yes,0.719,2026-09-21T16:42:19.353279+00:00,baseline_v1
FT-T006720,Yes,0.8021,2026-09-21T16:42:19.353279+00:00,baseline_v1
FT-T006721,No,0.4357,2026-09-21T16:42:19.353279+00:00,baseline_v1
FT-T006722,Yes,0.5639,2026-09-21T16:42:19.353279+00:00,baseline_v1
FT-T006723,No,0.378,2026-09-21T16:42:19.353279+00:00,baseline_v1
FT-T006724,No,0.396,2026-09-21T16:42:19.353279+00:00,baseline_v1
FT-T006725,Yes,0.7909,2026-09-21T16:42:19.353279+00:00,baseline_v1
FT-T006726,Yes,0.6663,2026-09-21T16:42:19.353279+00:00,baseline_v1
FT-T006727,No,0.3033,2026-09-21T16:42:19.353279+00:00,baseline_v1
FT-T006728,Yes,0.6301,2026-09-21T16:42:19.353279+00:00,baseline_v1
FT-T006729,No,0.3069,2026-09-21T16:42:19.353279+00:00,baseline_v1
FT-T006730,No,0.362,2026-09-21T16:42:19.353279+00:00,baseline_v1
FT-T006731,Yes,0.7898,2026-09-21T16:42:19.353279+00:00,baseline_v1
FT-T006732,No,0.398,2026-09-21T16:42:19.353279+00:00,baseline_v1
FT-T006733,Yes,0.5109,2026-09-21T16:42:19.353279+00:00,baseline_v1
FT-T006734,Yes,0.5277,2026-09-21T16:42:19.353279+00:00,baseline_v1
FT-T006735,No,0.411,2026-09-21T16:42:19.353279+00:00,baseline_v1
FT-T006736,No,0.3327,2026-09-21T16:42:19.353279+00:00,baseline_v1
FT-T006737,No,0.3314,2026-09-21T16:42:19.353279+00:00,baseline_v1
FT-T006738,Yes,0.5255,2026-09-21T16:42:19.353279+00:00,baseline_v1
FT-T006739,No,0.3066,2026-09-21T16:42:19.353279+00:00,baseline_v1
FT-T006740,Yes,0.5031,2026-09-21T16:42:19.353279+00:00,baseline_v1
FT-T006741,Yes,0.5099,2026-09-21T16:42:19.353279+00:00,baseline_v1
FT-T006742,No,0.4714,2026-09-21T16:42:19.353279+00:00,baseline_v1
FT-T006743,No,0.3616,2026-09-21T16:42:19.353279+00:00,baseline_v1
FT-T006744,No,0.2814,2026-09-21T16:42:19.353279+00:00,baseline_v1
FT-T006745,Yes,0.5568,2026-09-21T16:42:19.353279+00:00,baseline_v1
FT-T006746,No,0.367,2026-09-21T16:42:19.353279+00:00,baseline_v1
FT-T006747,Yes,0.5237,2026-09-21T16:42:19.353279+00:00,baseline_v1
FT-T006748,No,0.2795,2026-09-21T16:42:19.353279+00:00,baseline_v1
FT-T006749,No,0.3759,2026-09-21T16:42:19.353279+00:00,baseline_v1
FT-T006750,Yes,0.6469,2026-09-21T16:42:19.353279+00:00,baseline_v1
FT-T006751,Yes,0.6351,2026-09-21T16:42:19.353279+00:00,baseline_v1
FT-T006752,No,0.4823,2026-09-21T16:42:19.353279+00:00,baseline_v1
FT-T006753,No,0.3141,2026-09-21T16:42:19.353279+00:00,baseline_v1
FT-T006754,Yes,0.7632,2026-09-21T16:42:19.353279+00:00,baseline_v1
FT-T006755,No,0.3173,2026-09-21T16:42:19.353279+00:00,baseline_v1
FT-T006756,No,0.3159,2026-09-21T16:42:19.353279+00:00,baseline_v1
FT-T006757,Yes,0.7444,2026-09-21T16:42:19.353279+00:00,baseline_v1
FT-T006758,No,0.2982,2026-09-21T16:42:19.353279+00:00,baseline_v1
FT-T006759,Yes,0.5373,2026-09-21T16:42:19.353279+00:00,baseline_v1
FT-T006760,Yes,0.5369,2026-09-21T16:42:19.353279+00:00,baseline_v1
FT-T006761,Yes,0.6344,2026-09-21T16:42:19.353279+00:00,baseline_v1
FT-T006762,Yes,0.5241,2026-09-21T16:42:19.353279+00:00,baseline_v1
FT-T006763,No,0.3496,2026-09-21T16:42:19.353279+00:00,baseline_v1
FT-T006764,No,0.3222,2026-09-21T16:42:19.353279+00:00,baseline_v1
FT-T006765,No,0.4916,2026-09-21T16:42:19.353279+00:00,baseline_v1
FT-T006766,Yes,0.557,2026-09-21T16:42:19.353279+00:00,baseline_v1
FT-T006767,No,0.2764,2026-09-21T16:42:19.353279+00:00,baseline_v1
FT-T006768,No,0.2253,2026-09-21T16:42:19.353279+00:00,baseline_v1
FT-T006769,No,0.2637,2026-09-21T16:42:19.353279+00:00,baseline_v1
FT-T006770,No,0.3065,2026-09-21T16:42:19.353279+00:00,baseline_v1
FT-T006771,No,0.3858,2026-09-21T16:42:19.353279+00:00,baseline_v1
FT-T006772,No,0.4596,2026-09-21T16:42:19.353279+00:00,baseline_v1
FT-T006773,No,0.4333,2026-09-21T16:42:19.353279+00:00,baseline_v1
FT-T006774,Yes,0.5228,2026-09-21T16:42:19.353279+00:00,baseline_v1
FT-T006775,No,0.3342,2026-09-21T16:42:19.353279+00:00,baseline_v1
FT-T006776,Yes,0.5674,2026-09-21T16:42:19.353279+00:00,baseline_v1
FT-T006777,Yes,0.5878,2026-09-21T16:42:19.353279+00:00,baseline_v1
FT-T006778,No,0.4689,2026-09-21T16:42:19.353279+00:00,baseline_v1
FT-T006779,No,0.3342,2026-09-21T16:42:19.353279+00:00,baseline_v1
FT-T006780,Yes,0.5355,2026-09-21T16:42:19.353279+00:00,baseline_v1
FT-T006781,No,0.2724,2026-09-21T16:42:19.353279+00:00,baseline_v1
FT-T006782,No,0.3133,2026-09-21T16:42:19.353279+00:00,baseline_v1
FT-T006783,Yes,0.5481,2026-09-21T16:42:19.353279+00:00,baseline_v1
FT-T006784,No,0.4412,2026-09-21T16:42:19.353279+00:00,baseline_v1
FT-T006785,Yes,0.5582,2026-09-21T16:42:19.353279+00:00,baseline_v1
FT-T006786,Yes,0.707,2026-09-21T16:42:19.353279+00:00,baseline_v1
FT-T006787,No,0.1958,2026-09-21T16:42:19.353279+00:00,baseline_v1
FT-T006788,No,0.4674,2026-09-21T16:42:19.353279+00:00,baseline_v1
FT-T006789,No,0.3123,2026-09-21T16:42:19.353279+00:00,baseline_v1
FT-T006790,No,0.4188,2026-09-21T16:42:19.353279+00:00,baseline_v1
FT-T006791,No,0.4522,2026-09-21T16:42:19.353279+00:00,baseline_v1
FT-T006792,Yes,0.6498,2026-09-21T16:42:19.353279+00:00,baseline_v1
FT-T006793,No,0.4293,2026-09-21T16:42:19.353279+00:00,baseline_v1
FT-T006794,No,0.2082,2026-09-21T16:42:19.353279+00:00,baseline_v1
FT-T006795,No,0.4187,2026-09-21T16:42:19.353279+00:00,baseline_v1
FT-T006796,Yes,0.5439,2026-09-21T16:42:19.353279+00:00,baseline_v1
FT-T006797,No,0.2285,2026-09-21T16:42:19.353279+00:00,baseline_v1
FT-T006798,Yes,0.5137,2026-09-21T16:42:19.353279+00:00,baseline_v1
FT-T006799,No,0.2171,2026-09-21T16:42:19.353279+00:00,baseline_v1
FT-T006800,No,0.4881,2026-09-21T16:42:19.353279+00:00,baseline_v1
FT-T006801,Yes,0.6582,2026-09-21T16:42:19.353279+00:00,baseline_v1
FT-T006802,Yes,0.6094,2026-09-21T16:42:19.353279+00:00,baseline_v1
FT-T006803,No,0.4372,2026-09-21T16:42:19.353279+00:00,baseline_v1
FT-T006804,Yes,0.5749,2026-09-21T16:42:19.353279+00:00,baseline_v1
FT-T006805,No,0.415,2026-09-21T16:42:19.353279+00:00,baseline_v1
FT-T006806,No,0.4816,2026-09-21T16:42:19.353279+00:00,baseline_v1
FT-T006807,Yes,0.6704,2026-09-21T16:42:19.353279+00:00,baseline_v1
FT-T006808,Yes,0.6935,2026-09-21T16:42:19.353279+00:00,baseline_v1
FT-T006809,Yes,0.628,2026-09-21T16:42:19.353279+00:00,baseline_v1
FT-T006810,Yes,0.6338,2026-09-21T16:42:19.353279+00:00,baseline_v1
FT-T006811,Yes,0.6529,2026-09-21T16:42:19.353279+00:00,baseline_v1
FT-T006812,Yes,0.6253,2026-09-21T16:42:19.353279+00:00,baseline_v1
FT-T006813,No,0.4406,2026-09-21T16:42:19.353279+00:00,baseline_v1
FT-T006814,Yes,0.6317,2026-09-21T16:42:19.353279+00:00,baseline_v1
FT-T006815,Yes,0.6521,2026-09-21T16:42:19.353279+00:00,baseline_v1
FT-T006816,Yes,0.6781,2026-09-21T16:42:19.353279+00:00,baseline_v1
FT-T006817,Yes,0.5386,2026-09-21T16:42:19.353279+00:00,baseline_v1
FT-T006818,No,0.3946,2026-09-21T16:42:19.353279+00:00,baseline_v1
FT-T006819,No,0.3398,2026-09-21T16:42:19.353279+00:00,baseline_v1
FT-T006820,No,0.4096,2026-09-21T16:42:19.353279+00:00,baseline_v1
FT-T006821,Yes,0.6324,2026-09-21T16:42:19.353279+00:00,baseline_v1
FT-T006822,Yes,0.8212,2026-09-21T16:42:19.353279+00:00,baseline_v1
FT-T006823,No,0.4505,2026-09-21T16:42:19.353279+00:00,baseline_v1
FT-T006824,Yes,0.5682,2026-09-21T16:42:19.353279+00:00,baseline_v1
FT-T006825,Yes,0.5281,2026-09-21T16:42:19.353279+00:00,baseline_v1
FT-T006826,No,0.3684,2026-09-21T16:42:19.353279+00:00,baseline_v1
FT-T006827,Yes,0.5237,2026-09-21T16:42:19.353279+00:00,baseline_v1
FT-T006828,No,0.4797,2026-09-21T16:42:19.353279+00:00,baseline_v1
FT-T006829,No,0.4911,2026-09-21T16:42:19.353279+00:00,baseline_v1
FT-T006830,Yes,0.5941,2026-09-21T16:42:19.353279+00:00,baseline_v1
FT-T006831,Yes,0.5251,2026-09-21T16:42:19.353279+00:00,baseline_v1
FT-T006832,No,0.3401,2026-09-21T16:42:19.353279+00:00,baseline_v1
FT-T006833,Yes,0.5746,2026-09-21T16:42:19.353279+00:00,baseline_v1
FT-T006834,Yes,0.5952,2026-09-21T16:42:19.353279+00:00,baseline_v1
FT-T006835,Yes,0.6765,2026-09-21T16:42:19.353279+00:00,baseline_v1
FT-T006836,Yes,0.5852,2026-09-21T16:42:19.353279+00:00,baseline_v1
FT-T006837,Yes,0.6436,2026-09-21T16:42:19.353279+00:00,baseline_v1
FT-T006838,No,0.454,2026-09-21T16:42:19.353279+00:00,baseline_v1
FT-T006839,Yes,0.7296,2026-09-21T16:42:19.353279+00:00,baseline_v1
FT-T006840,No,0.4384,2026-09-21T16:42:19.353279+00:00,baseline_v1
FT-T006841,No,0.4268,2026-09-21T16:42:19.353279+00:00,baseline_v1
FT-T006842,Yes,0.6334,2026-09-21T16:42:19.353279+00:00,baseline_v1
FT-T006843,No,0.3708,2026-09-21T16:42:19.353279+00:00,baseline_v1
FT-T006844,Yes,0.7273,2026-09-21T16:42:19.353279+00:00,baseline_v1
FT-T006845,No,0.4556,2026-09-21T16:42:19.353279+00:00,baseline_v1
FT-T006846,Yes,0.6072,2026-09-21T16:42:19.353279+00:00,baseline_v1
FT-T006847,Yes,0.6318,2026-09-21T16:42:19.353279+00:00,baseline_v1
FT-T006848,No,0.4199,2026-09-21T16:42:19.353279+00:00,baseline_v1
FT-T006849,Yes,0.5745,2026-09-21T16:42:19.353279+00:00,baseline_v1
FT-T006850,No,0.3087,2026-09-21T16:42:19.353279+00:00,baseline_v1
FT-T006851,Yes,0.7342,2026-09-21T16:42:19.353279+00:00,baseline_v1
FT-T006852,Yes,0.6423,2026-09-21T16:42:19.353279+00:00,baseline_v1
FT-T006853,Yes,0.508,2026-09-21T16:42:19.353279+00:00,baseline_v1
FT-T006854,No,0.3942,2026-09-21T16:42:19.353279+00:00,baseline_v1
FT-T006855,No,0.4126,2026-09-21T16:42:19.353279+00:00,baseline_v1
FT-T006856,No,0.3204,2026-09-21T16:42:19.353279+00:00,baseline_v1
FT-T006857,Yes,0.6304,2026-09-21T16:42:19.353279+00:00,baseline_v1
FT-T006858,No,0.3778,2026-09-21T16:42:19.353279+00:00,baseline_v1
FT-T006859,Yes,0.5611,2026-09-21T16:42:19.353279+00:00,baseline_v1
FT-T006860,No,0.3489,2026-09-21T16:42:19.353279+00:00,baseline_v1
FT-T006861,Yes,0.5611,2026-09-21T16:42:19.353279+00:00,baseline_v1
FT-T006862,No,0.4315,2026-09-21T16:42:19.353279+00:00,baseline_v1
FT-T006863,No,0.4834,2026-09-21T16:42:19.353279+00:00,baseline_v1
FT-T006864,No,0.4061,2026-09-21T16:42:19.353279+00:00,baseline_v1
FT-T006865,No,0.3671,2026-09-21T16:42:19.353279+00:00,baseline_v1
FT-T006866,Yes,0.6739,2026-09-21T16:42:19.353279+00:00,baseline_v1
FT-T006867,Yes,0.6828,2026-09-21T16:42:19.353279+00:00,baseline_v1
FT-T006868,Yes,0.5065,2026-09-21T16:42:19.353279+00:00,baseline_v1
FT-T006869,Yes,0.6098,2026-09-21T16:42:19.353279+00:00,baseline_v1
FT-T006870,Yes,0.5571,2026-09-21T16:42:19.353279+00:00,baseline_v1
FT-T006871,No,0.4459,2026-09-21T16:42:19.353279+00:00,baseline_v1
FT-T006872,No,0.4969,2026-09-21T16:42:19.353279+00:00,baseline_v1
FT-T006873,No,0.2779,2026-09-21T16:42:19.353279+00:00,baseline_v1
FT-T006874,No,0.3163,2026-09-21T16:42:19.353279+00:00,baseline_v1
FT-T006875,Yes,0.6425,2026-09-21T16:42:19.353279+00:00,baseline_v1
FT-T006876,No,0.2843,2026-09-21T16:42:19.353279+00:00,baseline_v1
FT-T006877,No,0.3487,2026-09-21T16:42:19.353279+00:00,baseline_v1
FT-T006878,No,0.3673,2026-09-21T16:42:19.353279+00:00,baseline_v1
FT-T006879,No,0.3593,2026-09-21T16:42:19.353279+00:00,baseline_v1
FT-T006880,No,0.281,2026-09-21T16:42:19.353279+00:00,baseline_v1
FT-T006881,No,0.3532,2026-09-21T16:42:19.353279+00:00,baseline_v1
FT-T006882,No,0.4839,2026-09-21T16:42:19.353279+00:00,baseline_v1
FT-T006883,Yes,0.5175,2026-09-21T16:42:19.353279+00:00,baseline_v1
FT-T006884,No,0.2834,2026-09-21T16:42:19.353279+00:00,baseline_v1
FT-T006885,No,0.4199,2026-09-21T16:42:19.353279+00:00,baseline_v1
FT-T006886,Yes,0.5674,2026-09-21T16:42:19.353279+00:00,baseline_v1
FT-T006887,No,0.3626,2026-09-21T16:42:19.353279+00:00,baseline_v1
FT-T006888,No,0.4774,2026-09-21T16:42:19.353279+00:00,baseline_v1
FT-T006889,Yes,0.5993,2026-09-21T16:42:19.353279+00:00,baseline_v1
FT-T006890,No,0.302,2026-09-21T16:42:19.353279+00:00,baseline_v1
FT-T006891,No,0.4244,2026-09-21T16:42:19.353279+00:00,baseline_v1
FT-T006892,No,0.3336,2026-09-21T16:42:19.353279+00:00,baseline_v1
FT-T006893,No,0.2763,2026-09-21T16:42:19.353279+00:00,baseline_v1
FT-T006894,No,0.3252,2026-09-21T16:42:19.353279+00:00,baseline_v1
FT-T006895,Yes,0.6937,2026-09-21T16:42:19.353279+00:00,baseline_v1
FT-T006896,No,0.2364,2026-09-21T16:42:19.353279+00:00,baseline_v1
FT-T006897,No,0.3767,2026-09-21T16:42:19.353279+00:00,baseline_v1
FT-T006898,Yes,0.7596,2026-09-21T16:42:19.353279+00:00,baseline_v1
FT-T006899,Yes,0.7373,2026-09-21T16:42:19.353279+00:00,baseline_v1
FT-T006900,No,0.2953,2026-09-21T16:42:19.353279+00:00,baseline_v1
FT-T006901,No,0.4428,2026-09-21T16:42:19.353279+00:00,baseline_v1
FT-T006902,No,0.3321,2026-09-21T16:42:19.353279+00:00,baseline_v1
FT-T006903,No,0.3319,2026-09-21T16:42:19.353279+00:00,baseline_v1
FT-T006904,No,0.3749,2026-09-21T16:42:19.353279+00:00,baseline_v1
FT-T006905,Yes,0.5451,2026-09-21T16:42:19.353279+00:00,baseline_v1
FT-T006906,Yes,0.5447,2026-09-21T16:42:19.353279+00:00,baseline_v1
FT-T006907,No,0.2242,2026-09-21T16:42:19.353279+00:00,baseline_v1
FT-T006908,No,0.32,2026-09-21T16:42:19.353279+00:00,baseline_v1
FT-T006909,No,0.3215,2026-09-21T16:42:19.353279+00:00,baseline_v1
FT-T006910,No,0.3028,2026-09-21T16:42:19.353279+00:00,baseline_v1
FT-T006911,Yes,0.5256,2026-09-21T16:42:19.353279+00:00,baseline_v1
FT-T006912,No,0.4374,2026-09-21T16:42:19.353279+00:00,baseline_v1
FT-T006913,No,0.4639,2026-09-21T16:42:19.353279+00:00,baseline_v1
FT-T006914,No,0.2344,2026-09-21T16:42:19.353279+00:00,baseline_v1
FT-T006915,Yes,0.5016,2026-09-21T16:42:19.353279+00:00,baseline_v1
FT-T006916,Yes,0.545,2026-09-21T16:42:19.353279+00:00,baseline_v1
FT-T006917,Yes,0.7882,2026-09-21T16:42:19.353279+00:00,baseline_v1
FT-T006918,No,0.2468,2026-09-21T16:42:19.353279+00:00,baseline_v1
FT-T006919,No,0.2497,2026-09-21T16:42:19.353279+00:00,baseline_v1
FT-T006920,No,0.486,2026-09-21T16:42:19.353279+00:00,baseline_v1
FT-T006921,No,0.4698,2026-09-21T16:42:19.353279+00:00,baseline_v1
FT-T006922,Yes,0.6546,2026-09-21T16:42:19.353279+00:00,baseline_v1
FT-T006923,No,0.3935,2026-09-21T16:42:19.353279+00:00,baseline_v1
FT-T006924,No,0.3383,2026-09-21T16:42:19.353279+00:00,baseline_v1
FT-T006925,Yes,0.5011,2026-09-21T16:42:19.353279+00:00,baseline_v1
FT-T006926,No,0.3505,2026-09-21T16:42:19.353279+00:00,baseline_v1
FT-T006927,No,0.255,2026-09-21T16:42:19.353279+00:00,baseline_v1
FT-T006928,No,0.3384,2026-09-21T16:42:19.353279+00:00,baseline_v1
FT-T006929,No,0.1963,2026-09-21T16:42:19.353279+00:00,baseline_v1
FT-T006930,No,0.2108,2026-09-21T16:42:19.353279+00:00,baseline_v1
FT-T006931,Yes,0.7066,2026-09-21T16:42:19.353279+00:00,baseline_v1
FT-T006932,No,0.4226,2026-09-21T16:42:19.353279+00:00,baseline_v1
FT-T006933,No,0.4629,2026-09-21T16:42:19.353279+00:00,baseline_v1
FT-T006934,Yes,0.6479,2026-09-21T16:42:19.353279+00:00,baseline_v1
FT-T006935,No,0.495,2026-09-21T16:42:19.353279+00:00,baseline_v1
FT-T006936,Yes,0.5186,2026-09-21T16:42:19.353279+00:00,baseline_v1
FT-T006937,No,0.3871,2026-09-21T16:42:19.353279+00:00,baseline_v1
FT-T006938,Yes,0.6637,2026-09-21T16:42:19.353279+00:00,baseline_v1
FT-T006939,No,0.4267,2026-09-21T16:42:19.353279+00:00,baseline_v1
FT-T006940,No,0.4053,2026-09-21T16:42:19.353279+00:00,baseline_v1
FT-T006941,No,0.4139,2026-09-21T16:42:19.353279+00:00,baseline_v1
FT-T006942,Yes,0.5123,2026-09-21T16:42:19.353279+00:00,baseline_v1
FT-T006943,Yes,0.6676,2026-09-21T16:42:19.353279+00:00,baseline_v1
FT-T006944,No,0.458,2026-09-21T16:42:19.353279+00:00,baseline_v1
FT-T006945,Yes,0.5183,2026-09-21T16:42:19.353279+00:00,baseline_v1
FT-T006946,Yes,0.5454,2026-09-21T16:42:19.353279+00:00,baseline_v1
FT-T006947,No,0.451,2026-09-21T16:42:19.353279+00:00,baseline_v1
FT-T006948,No,0.4242,2026-09-21T16:42:19.353279+00:00,baseline_v1
FT-T006949,Yes,0.6504,2026-09-21T16:42:19.353279+00:00,baseline_v1
FT-T006950,No,0.4962,2026-09-21T16:42:19.353279+00:00,baseline_v1
FT-T006951,No,0.4463,2026-09-21T16:42:19.353279+00:00,baseline_v1
FT-T006952,Yes,0.712,2026-09-21T16:42:19.353279+00:00,baseline_v1
FT-T006953,No,0.4658,2026-09-21T16:42:19.353279+00:00,baseline_v1
FT-T006954,No,0.4182,2026-09-21T16:42:19.353279+00:00,baseline_v1
FT-T006955,No,0.4099,2026-09-21T16:42:19.353279+00:00,baseline_v1
FT-T006956,No,0.4587,2026-09-21T16:42:19.353279+00:00,baseline_v1
FT-T006957,No,0.4547,2026-09-21T16:42:19.353279+00:00,baseline_v1
FT-T006958,Yes,0.802,2026-09-21T16:42:19.353279+00:00,baseline_v1
FT-T006959,Yes,0.6082,2026-09-21T16:42:19.353279+00:00,baseline_v1
FT-T006960,No,0.45,2026-09-21T16:42:19.353279+00:00,baseline_v1
FT-T006961,Yes,0.6253,2026-09-21T16:42:19.353279+00:00,baseline_v1
FT-T006962,No,0.3884,2026-09-21T16:42:19.353279+00:00,baseline_v1
FT-T006963,Yes,0.793,2026-09-21T16:42:19.353279+00:00,baseline_v1
FT-T006964,No,0.3787,2026-09-21T16:42:19.353279+00:00,baseline_v1
FT-T006965,Yes,0.5046,2026-09-21T16:42:19.353279+00:00,baseline_v1
FT-T006966,Yes,0.6994,2026-09-21T16:42:19.353279+00:00,baseline_v1
FT-T006967,Yes,0.5546,2026-09-21T16:42:19.353279+00:00,baseline_v1
FT-T006968,Yes,0.7131,2026-09-21T16:42:19.353279+00:00,baseline_v1
FT-T006969,No,0.3683,2026-09-21T16:42:19.353279+00:00,baseline_v1
FT-T006970,No,0.3837,2026-09-21T16:42:19.353279+00:00,baseline_v1
FT-T006971,Yes,0.631,2026-09-21T16:42:19.353279+00:00,baseline_v1
FT-T006972,Yes,0.7049,2026-09-21T16:42:19.353279+00:00,baseline_v1
FT-T006973,No,0.4391,2026-09-21T16:42:19.353279+00:00,baseline_v1
FT-T006974,No,0.4673,2026-09-21T16:42:19.353279+00:00,baseline_v1
FT-T006975,Yes,0.5909,2026-09-21T16:42:19.353279+00:00,baseline_v1
FT-T006976,Yes,0.6647,2026-09-21T16:42:19.353279+00:00,baseline_v1
FT-T006977,No,0.3667,2026-09-21T16:42:19.353279+00:00,baseline_v1
FT-T006978,No,0.4445,2026-09-21T16:42:19.353279+00:00,baseline_v1
FT-T006979,No,0.4378,2026-09-21T16:42:19.353279+00:00,baseline_v1
FT-T006980,Yes,0.7033,2026-09-21T16:42:19.353279+00:00,baseline_v1
FT-T006981,No,0.38,2026-09-21T16:42:19.353279+00:00,baseline_v1
FT-T006982,No,0.3299,2026-09-21T16:42:19.353279+00:00,baseline_v1
FT-T006983,No,0.3766,2026-09-21T16:42:19.353279+00:00,baseline_v1
FT-T006984,Yes,0.5499,2026-09-21T16:42:19.353279+00:00,baseline_v1
FT-T006985,Yes,0.5404,2026-09-21T16:42:19.353279+00:00,baseline_v1
FT-T006986,No,0.3723,2026-09-21T16:42:19.353279+00:00,baseline_v1
FT-T006987,No,0.4545,2026-09-21T16:42:19.353279+00:00,baseline_v1
FT-T006988,Yes,0.6283,2026-09-21T16:42:19.353279+00:00,baseline_v1
FT-T006989,No,0.4363,2026-09-21T16:42:19.353279+00:00,baseline_v1
FT-T006990,No,0.3781,2026-09-21T16:42:19.353279+00:00,baseline_v1
FT-T006991,No,0.4107,2026-09-21T16:42:19.353279+00:00,baseline_v1
FT-T006992,Yes,0.5622,2026-09-21T16:42:19.353279+00:00,baseline_v1
FT-T006993,No,0.3439,2026-09-21T16:42:19.353279+00:00,baseline_v1
FT-T006994,No,0.3843,2026-09-21T16:42:19.353279+00:00,baseline_v1
FT-T006995,Yes,0.5228,2026-09-21T16:42:19.353279+00:00,baseline_v1
FT-T006996,No,0.4232,2026-09-21T16:42:19.353279+00:00,baseline_v1
FT-T006997,Yes,0.512,2026-09-21T16:42:19.353279+00:00,baseline_v1
FT-T006998,No,0.3705,2026-09-21T16:42:19.353279+00:00,baseline_v1
FT-T006999,Yes,0.6026,2026-09-21T16:42:19.353279+00:00,baseline_v1
FT-T007000,No,0.3906,2026-09-21T16:42:19.353279+00:00,baseline_v1
FT-T007001,No,0.4449,2026-09-21T16:42:19.353279+00:00,baseline_v1
FT-T007002,No,0.4111,2026-09-21T16:42:19.353279+00:00,baseline_v1
FT-T007003,Yes,0.6408,2026-09-21T16:42:19.353279+00:00,baseline_v1
FT-T007004,Yes,0.7598,2026-09-21T16:42:19.353279+00:00,baseline_v1
FT-T007005,Yes,0.648,2026-09-21T16:42:19.353279+00:00,baseline_v1
FT-T007006,No,0.3533,2026-09-21T16:42:19.353279+00:00,baseline_v1
FT-T007007,No,0.311,2026-09-21T16:42:19.353279+00:00,baseline_v1
FT-T007008,Yes,0.5107,2026-09-21T16:42:19.353279+00:00,baseline_v1
FT-T007009,No,0.3339,2026-09-21T16:42:19.353279+00:00,baseline_v1
FT-T007010,No,0.2511,2026-09-21T16:42:19.353279+00:00,baseline_v1
FT-T007011,No,0.3654,2026-09-21T16:42:19.353279+00:00,baseline_v1
FT-T007012,No,0.312,2026-09-21T16:42:19.353279+00:00,baseline_v1
FT-T007013,Yes,0.6248,2026-09-21T16:42:19.353279+00:00,baseline_v1
FT-T007014,Yes,0.7034,2026-09-21T16:42:19.353279+00:00,baseline_v1
FT-T007015,Yes,0.5121,2026-09-21T16:42:19.353279+00:00,baseline_v1
FT-T007016,Yes,0.5467,2026-09-21T16:42:19.353279+00:00,baseline_v1
FT-T007017,No,0.48,2026-09-21T16:42:19.353279+00:00,baseline_v1
FT-T007018,No,0.2746,2026-09-21T16:42:19.353279+00:00,baseline_v1
FT-T007019,No,0.4172,2026-09-21T16:42:19.353279+00:00,baseline_v1
FT-T007020,No,0.4604,2026-09-21T16:42:19.353279+00:00,baseline_v1
FT-T007021,No,0.3436,2026-09-21T16:42:19.353279+00:00,baseline_v1
FT-T007022,Yes,0.7652,2026-09-21T16:42:19.353279+00:00,baseline_v1
FT-T007023,No,0.2952,2026-09-21T16:42:19.353279+00:00,baseline_v1
FT-T007024,No,0.4768,2026-09-21T16:42:19.353279+00:00,baseline_v1
FT-T007025,No,0.2795,2026-09-21T16:42:19.353279+00:00,baseline_v1
FT-T007026,No,0.3492,2026-09-21T16:42:19.353279+00:00,baseline_v1
FT-T007027,No,0.3321,2026-09-21T16:42:19.353279+00:00,baseline_v1
FT-T007028,Yes,0.5983,2026-09-21T16:42:19.353279+00:00,baseline_v1
FT-T007029,No,0.332,2026-09-21T16:42:19.353279+00:00,baseline_v1
FT-T007030,No,0.3497,2026-09-21T16:42:19.353279+00:00,baseline_v1
FT-T007031,No,0.3209,2026-09-21T16:42:19.353279+00:00,baseline_v1
FT-T007032,No,0.3482,2026-09-21T16:42:19.353279+00:00,baseline_v1
FT-T007033,No,0.2959,2026-09-21T16:42:19.353279+00:00,baseline_v1
FT-T007034,No,0.305,2026-09-21T16:42:19.353279+00:00,baseline_v1
FT-T007035,Yes,0.5177,2026-09-21T16:42:19.353279+00:00,baseline_v1
FT-T007036,Yes,0.5771,2026-09-21T16:42:19.353279+00:00,baseline_v1
FT-T007037,Yes,0.5693,2026-09-21T16:42:19.353279+00:00,baseline_v1
FT-T007038,No,0.3718,2026-09-21T16:42:19.353279+00:00,baseline_v1
FT-T007039,No,0.4537,2026-09-21T16:42:19.353279+00:00,baseline_v1
FT-T007040,No,0.4503,2026-09-21T16:42:19.353279+00:00,baseline_v1
FT-T007041,No,0.2729,2026-09-21T16:42:19.353279+00:00,baseline_v1
FT-T007042,No,0.2798,2026-09-21T16:42:19.353279+00:00,baseline_v1
FT-T007043,No,0.3326,2026-09-21T16:42:19.353279+00:00,baseline_v1
FT-T007044,Yes,0.6509,2026-09-21T16:42:19.353279+00:00,baseline_v1
FT-T007045,No,0.3083,2026-09-21T16:42:19.353279+00:00,baseline_v1
FT-T007046,No,0.4267,2026-09-21T16:42:19.353279+00:00,baseline_v1
FT-T007047,No,0.4171,2026-09-21T16:42:19.353279+00:00,baseline_v1
FT-T007048,No,0.2883,2026-09-21T16:42:19.353279+00:00,baseline_v1
FT-T007049,Yes,0.603,2026-09-21T16:42:19.353279+00:00,baseline_v1
FT-T007050,No,0.2327,2026-09-21T16:42:19.353279+00:00,baseline_v1
FT-T007051,Yes,0.5281,2026-09-21T16:42:19.353279+00:00,baseline_v1
FT-T007052,No,0.2353,2026-09-21T16:42:19.353279+00:00,baseline_v1
FT-T007053,No,0.4746,2026-09-21T16:42:19.353279+00:00,baseline_v1
FT-T007054,No,0.4465,2026-09-21T16:42:19.353279+00:00,baseline_v1
FT-T007055,No,0.2859,2026-09-21T16:42:19.353279+00:00,baseline_v1
FT-T007056,No,0.3108,2026-09-21T16:42:19.353279+00:00,baseline_v1
FT-T007057,No,0.2618,2026-09-21T16:42:19.353279+00:00,baseline_v1
FT-T007058,No,0.3058,2026-09-21T16:42:19.353279+00:00,baseline_v1
FT-T007059,No,0.2519,2026-09-21T16:42:19.353279+00:00,baseline_v1
FT-T007060,Yes,0.6541,2026-09-21T16:42:19.353279+00:00,baseline_v1
FT-T007061,No,0.2695,2026-09-21T16:42:19.353279+00:00,baseline_v1
FT-T007062,No,0.4569,2026-09-21T16:42:19.353279+00:00,baseline_v1
FT-T007063,Yes,0.6064,2026-09-21T16:42:19.353279+00:00,baseline_v1
FT-T007064,No,0.2061,2026-09-21T16:42:19.353279+00:00,baseline_v1
FT-T007065,No,0.4796,2026-09-21T16:42:19.353279+00:00,baseline_v1
FT-T007066,Yes,0.6327,2026-09-21T16:42:19.353279+00:00,baseline_v1
FT-T007067,Yes,0.5412,2026-09-21T16:42:19.353279+00:00,baseline_v1
FT-T007068,Yes,0.7753,2026-09-21T16:42:19.353279+00:00,baseline_v1
FT-T007069,Yes,0.8231,2026-09-21T16:42:19.353279+00:00,baseline_v1
FT-T007070,Yes,0.6603,2026-09-21T16:42:19.353279+00:00,baseline_v1
FT-T007071,No,0.4761,2026-09-21T16:42:19.353279+00:00,baseline_v1
FT-T007072,No,0.3765,2026-09-21T16:42:19.353279+00:00,baseline_v1
FT-T007073,No,0.4233,2026-09-21T16:42:19.353279+00:00,baseline_v1
FT-T007074,No,0.4599,2026-09-21T16:42:19.353279+00:00,baseline_v1
FT-T007075,No,0.3504,2026-09-21T16:42:19.353279+00:00,baseline_v1
FT-T007076,Yes,0.6993,2026-09-21T16:42:19.353279+00:00,baseline_v1
FT-T007077,Yes,0.5336,2026-09-21T16:42:19.353279+00:00,baseline_v1
FT-T007078,No,0.4063,2026-09-21T16:42:19.353279+00:00,baseline_v1
FT-T007079,Yes,0.7392,2026-09-21T16:42:19.353279+00:00,baseline_v1
FT-T007080,No,0.3961,2026-09-21T16:42:19.353279+00:00,baseline_v1
FT-T007081,Yes,0.6412,2026-09-21T16:42:19.353279+00:00,baseline_v1
FT-T007082,Yes,0.7695,2026-09-21T16:42:19.353279+00:00,baseline_v1
FT-T007083,No,0.4488,2026-09-21T16:42:19.353279+00:00,baseline_v1
FT-T007084,No,0.4924,2026-09-21T16:42:19.353279+00:00,baseline_v1
FT-T007085,No,0.3342,2026-09-21T16:42:19.353279+00:00,baseline_v1
FT-T007086,No,0.4084,2026-09-21T16:42:19.353279+00:00,baseline_v1
FT-T007087,Yes,0.6479,2026-09-21T16:42:19.353279+00:00,baseline_v1
FT-T007088,No,0.392,2026-09-21T16:42:19.353279+00:00,baseline_v1
FT-T007089,Yes,0.6175,2026-09-21T16:42:19.353279+00:00,baseline_v1
FT-T007090,No,0.4331,2026-09-21T16:42:19.353279+00:00,baseline_v1
FT-T007091,Yes,0.5551,2026-09-21T16:42:19.353279+00:00,baseline_v1
FT-T007092,No,0.3578,2026-09-21T16:42:19.353279+00:00,baseline_v1
FT-T007093,No,0.3754,2026-09-21T16:42:19.353279+00:00,baseline_v1
FT-T007094,Yes,0.5963,2026-09-21T16:42:19.353279+00:00,baseline_v1
FT-T007095,Yes,0.6944,2026-09-21T16:42:19.353279+00:00,baseline_v1
FT-T007096,Yes,0.746,2026-09-21T16:42:19.353279+00:00,baseline_v1
FT-T007097,No,0.4666,2026-09-21T16:42:19.353279+00:00,baseline_v1
FT-T007098,Yes,0.6013,2026-09-21T16:42:19.353279+00:00,baseline_v1
FT-T007099,Yes,0.5315,2026-09-21T16:42:19.353279+00:00,baseline_v1
FT-T007100,No,0.396,2026-09-21T16:42:19.353279+00:00,baseline_v1
FT-T007101,Yes,0.6614,2026-09-21T16:42:19.353279+00:00,baseline_v1
FT-T007102,Yes,0.8194,2026-09-21T16:42:19.353279+00:00,baseline_v1
FT-T007103,Yes,0.6879,2026-09-21T16:42:19.353279+00:00,baseline_v1
FT-T007104,No,0.2345,2026-09-21T16:42:19.353279+00:00,baseline_v1
FT-T007105,Yes,0.7513,2026-09-21T16:42:19.353279+00:00,baseline_v1
FT-T007106,Yes,0.7427,2026-09-21T16:42:19.353279+00:00,baseline_v1
FT-T007107,Yes,0.5516,2026-09-21T16:42:19.353279+00:00,baseline_v1
FT-T007108,Yes,0.6765,2026-09-21T16:42:19.353279+00:00,baseline_v1
FT-T007109,Yes,0.5018,2026-09-21T16:42:19.353279+00:00,baseline_v1
FT-T007110,Yes,0.7007,2026-09-21T16:42:19.353279+00:00,baseline_v1
FT-T007111,Yes,0.6294,2026-09-21T16:42:19.353279+00:00,baseline_v1
FT-T007112,Yes,0.6082,2026-09-21T16:42:19.353279+00:00,baseline_v1
FT-T007113,Yes,0.5615,2026-09-21T16:42:19.353279+00:00,baseline_v1
FT-T007114,No,0.3061,2026-09-21T16:42:19.353279+00:00,baseline_v1
FT-T007115,Yes,0.5598,2026-09-21T16:42:19.353279+00:00,baseline_v1
FT-T007116,No,0.3286,2026-09-21T16:42:19.353279+00:00,baseline_v1
FT-T007117,Yes,0.5989,2026-09-21T16:42:19.353279+00:00,baseline_v1
FT-T007118,Yes,0.8808,2026-09-21T16:42:19.353279+00:00,baseline_v1
FT-T007119,Yes,0.8164,2026-09-21T16:42:19.353279+00:00,baseline_v1
FT-T007120,Yes,0.5086,2026-09-21T16:42:19.353279+00:00,baseline_v1
FT-T007121,No,0.3734,2026-09-21T16:42:19.353279+00:00,baseline_v1
FT-T007122,No,0.431,2026-09-21T16:42:19.353279+00:00,baseline_v1
FT-T007123,No,0.2849,2026-09-21T16:42:19.353279+00:00,baseline_v1
FT-T007124,No,0.3842,2026-09-21T16:42:19.353279+00:00,baseline_v1
FT-T007125,No,0.3234,2026-09-21T16:42:19.353279+00:00,baseline_v1
FT-T007126,No,0.3189,2026-09-21T16:42:19.353279+00:00,baseline_v1
FT-T007127,Yes,0.7702,2026-09-21T16:42:19.353279+00:00,baseline_v1
FT-T007128,Yes,0.611,2026-09-21T16:42:19.353279+00:00,baseline_v1
FT-T007129,Yes,0.5472,2026-09-21T16:42:19.353279+00:00,baseline_v1
FT-T007130,No,0.2769,2026-09-21T16:42:19.353279+00:00,baseline_v1
FT-T007131,No,0.3261,2026-09-21T16:42:19.353279+00:00,baseline_v1
FT-T007132,No,0.3639,2026-09-21T16:42:19.353279+00:00,baseline_v1
FT-T007133,No,0.3878,2026-09-21T16:42:19.353279+00:00,baseline_v1
FT-T007134,Yes,0.7394,2026-09-21T16:42:19.353279+00:00,baseline_v1
FT-T007135,No,0.4014,2026-09-21T16:42:19.353279+00:00,baseline_v1
FT-T007136,No,0.411,2026-09-21T16:42:19.353279+00:00,baseline_v1
FT-T007137,Yes,0.6423,2026-09-21T16:42:19.353279+00:00,baseline_v1
FT-T007138,Yes,0.5246,2026-09-21T16:42:19.353279+00:00,baseline_v1
FT-T007139,No,0.3466,2026-09-21T16:42:19.353279+00:00,baseline_v1
FT-T007140,No,0.4667,2026-09-21T16:42:19.353279+00:00,baseline_v1
FT-T007141,Yes,0.5723,2026-09-21T16:42:19.353279+00:00,baseline_v1
FT-T007142,Yes,0.5139,2026-09-21T16:42:19.353279+00:00,baseline_v1
FT-T007143,No,0.2818,2026-09-21T16:42:19.353279+00:00,baseline_v1
FT-T007144,No,0.3295,2026-09-21T16:42:19.353279+00:00,baseline_v1
FT-T007145,No,0.4386,2026-09-21T16:42:19.353279+00:00,baseline_v1
FT-T007146,Yes,0.6946,2026-09-21T16:42:19.353279+00:00,baseline_v1
FT-T007147,Yes,0.5548,2026-09-21T16:42:19.353279+00:00,baseline_v1
FT-T007148,No,0.2951,2026-09-21T16:42:19.353279+00:00,baseline_v1
FT-T007149,Yes,0.6234,2026-09-21T16:42:19.353279+00:00,baseline_v1
FT-T007150,No,0.4388,2026-09-21T16:42:19.353279+00:00,baseline_v1
FT-T007151,Yes,0.5368,2026-09-21T16:42:19.353279+00:00,baseline_v1
FT-T007152,No,0.3082,2026-09-21T16:42:19.353279+00:00,baseline_v1
FT-T007153,No,0.2564,2026-09-21T16:42:19.353279+00:00,baseline_v1
FT-T007154,Yes,0.592,2026-09-21T16:42:19.353279+00:00,baseline_v1
FT-T007155,Yes,0.535,2026-09-21T16:42:19.353279+00:00,baseline_v1
FT-T007156,Yes,0.5827,2026-09-21T16:42:19.353279+00:00,baseline_v1
FT-T007157,Yes,0.6536,2026-09-21T16:42:19.353279+00:00,baseline_v1
FT-T007158,No,0.4761,2026-09-21T16:42:19.353279+00:00,baseline_v1
FT-T007159,Yes,0.539,2026-09-21T16:42:19.353279+00:00,baseline_v1
FT-T007160,No,0.3245,2026-09-21T16:42:19.353279+00:00,baseline_v1
FT-T007161,Yes,0.5387,2026-09-21T16:42:19.353279+00:00,baseline_v1
FT-T007162,No,0.3972,2026-09-21T16:42:19.353279+00:00,baseline_v1
FT-T007163,No,0.4961,2026-09-21T16:42:19.353279+00:00,baseline_v1
FT-T007164,Yes,0.7322,2026-09-21T16:42:19.353279+00:00,baseline_v1
FT-T007165,Yes,0.6927,2026-09-21T16:42:19.353279+00:00,baseline_v1
FT-T007166,Yes,0.5427,2026-09-21T16:42:19.353279+00:00,baseline_v1
FT-T007167,Yes,0.5805,2026-09-21T16:42:19.353279+00:00,baseline_v1
FT-T007168,No,0.3593,2026-09-21T16:42:19.353279+00:00,baseline_v1
FT-T007169,No,0.3299,2026-09-21T16:42:19.353279+00:00,baseline_v1
FT-T007170,No,0.4506,2026-09-21T16:42:19.353279+00:00,baseline_v1
FT-T007171,No,0.3498,2026-09-21T16:42:19.353279+00:00,baseline_v1
FT-T007172,No,0.3535,2026-09-21T16:42:19.353279+00:00,baseline_v1
FT-T007173,No,0.2786,2026-09-21T16:42:19.353279+00:00,baseline_v1
FT-T007174,No,0.3655,2026-09-21T16:42:19.353279+00:00,baseline_v1
FT-T007175,No,0.4175,2026-09-21T16:42:19.353279+00:00,baseline_v1
FT-T007176,No,0.471,2026-09-21T16:42:19.353279+00:00,baseline_v1
FT-T007177,No,0.306,2026-09-21T16:42:19.353279+00:00,baseline_v1
FT-T007178,Yes,0.5049,2026-09-21T16:42:19.353279+00:00,baseline_v1
FT-T007179,No,0.2483,2026-09-21T16:42:19.353279+00:00,baseline_v1
FT-T007180,No,0.3995,2026-09-21T16:42:19.353279+00:00,baseline_v1
FT-T007181,Yes,0.63,2026-09-21T16:42:19.353279+00:00,baseline_v1
FT-T007182,Yes,0.5013,2026-09-21T16:42:19.353279+00:00,baseline_v1
FT-T007183,No,0.2688,2026-09-21T16:42:19.353279+00:00,baseline_v1
FT-T007184,No,0.3982,2026-09-21T16:42:19.353279+00:00,baseline_v1
FT-T007185,No,0.3193,2026-09-21T16:42:19.353279+00:00,baseline_v1
FT-T007186,Yes,0.5107,2026-09-21T16:42:19.353279+00:00,baseline_v1
FT-T007187,No,0.3445,2026-09-21T16:42:19.353279+00:00,baseline_v1
FT-T007188,No,0.2544,2026-09-21T16:42:19.353279+00:00,baseline_v1
FT-T007189,No,0.2018,2026-09-21T16:42:19.353279+00:00,baseline_v1
FT-T007190,No,0.4142,2026-09-21T16:42:19.353279+00:00,baseline_v1
FT-T007191,No,0.3562,2026-09-21T16:42:19.353279+00:00,baseline_v1
FT-T007192,No,0.2699,2026-09-21T16:42:19.353279+00:00,baseline_v1
FT-T007193,No,0.2417,2026-09-21T16:42:19.353279+00:00,baseline_v1
FT-T007194,No,0.2499,2026-09-21T16:42:19.353279+00:00,baseline_v1
FT-T007195,No,0.2351,2026-09-21T16:42:19.353279+00:00,baseline_v1
FT-T007196,Yes,0.568,2026-09-21T16:42:19.353279+00:00,baseline_v1
FT-T007197,No,0.3752,2026-09-21T16:42:19.353279+00:00,baseline_v1
FT-T007198,No,0.2516,2026-09-21T16:42:19.353279+00:00,baseline_v1
FT-T007199,Yes,0.7053,2026-09-21T16:42:19.353279+00:00,baseline_v1
FT-T007200,Yes,0.546,2026-09-21T16:42:19.353279+00:00,baseline_v1
FT-T007201,No,0.4649,2026-09-21T16:42:19.353279+00:00,baseline_v1
FT-T007202,Yes,0.6266,2026-09-21T16:42:19.353279+00:00,baseline_v1
FT-T007203,No,0.4291,2026-09-21T16:42:19.353279+00:00,baseline_v1
FT-T007204,No,0.4649,2026-09-21T16:42:19.353279+00:00,baseline_v1
FT-T007205,Yes,0.6124,2026-09-21T16:42:19.353279+00:00,baseline_v1
FT-T007206,Yes,0.5227,2026-09-21T16:42:19.353279+00:00,baseline_v1
FT-T007207,No,0.4087,2026-09-21T16:42:19.353279+00:00,baseline_v1
FT-T007208,No,0.4314,2026-09-21T16:42:19.353279+00:00,baseline_v1
FT-T007209,No,0.3594,2026-09-21T16:42:19.353279+00:00,baseline_v1
FT-T007210,Yes,0.6569,2026-09-21T16:42:19.353279+00:00,baseline_v1
FT-T007211,Yes,0.5581,2026-09-21T16:42:19.353279+00:00,baseline_v1
FT-T007212,Yes,0.5586,2026-09-21T16:42:19.353279+00:00,baseline_v1
FT-T007213,No,0.4037,2026-09-21T16:42:19.353279+00:00,baseline_v1
FT-T007214,No,0.3823,2026-09-21T16:42:19.353279+00:00,baseline_v1
FT-T007215,No,0.4,2026-09-21T16:42:19.353279+00:00,baseline_v1
FT-T007216,Yes,0.556,2026-09-21T16:42:19.353279+00:00,baseline_v1
FT-T007217,Yes,0.5118,2026-09-21T16:42:19.353279+00:00,baseline_v1
FT-T007218,No,0.4693,2026-09-21T16:42:19.353279+00:00,baseline_v1
FT-T007219,Yes,0.6668,2026-09-21T16:42:19.353279+00:00,baseline_v1
FT-T007220,No,0.4765,2026-09-21T16:42:19.353279+00:00,baseline_v1
FT-T007221,No,0.417,2026-09-21T16:42:19.353279+00:00,baseline_v1
FT-T007222,No,0.3811,2026-09-21T16:42:19.353279+00:00,baseline_v1
FT-T007223,No,0.483,2026-09-21T16:42:19.353279+00:00,baseline_v1
FT-T007224,Yes,0.6685,2026-09-21T16:42:19.353279+00:00,baseline_v1
FT-T007225,No,0.4802,2026-09-21T16:42:19.353279+00:00,baseline_v1
FT-T007226,No,0.4147,2026-09-21T16:42:19.353279+00:00,baseline_v1
FT-T007227,No,0.4237,2026-09-21T16:42:19.353279+00:00,baseline_v1
FT-T007228,No,0.3667,2026-09-21T16:42:19.353279+00:00,baseline_v1
FT-T007229,Yes,0.5694,2026-09-21T16:42:19.353279+00:00,baseline_v1
FT-T007230,No,0.34,2026-09-21T16:42:19.353279+00:00,baseline_v1
FT-T007231,Yes,0.7426,2026-09-21T16:42:19.353279+00:00,baseline_v1
FT-T007232,No,0.4153,2026-09-21T16:42:19.353279+00:00,baseline_v1
FT-T007233,No,0.3884,2026-09-21T16:42:19.353279+00:00,baseline_v1
FT-T007234,No,0.4574,2026-09-21T16:42:19.353279+00:00,baseline_v1
FT-T007235,Yes,0.657,2026-09-21T16:42:19.353279+00:00,baseline_v1
FT-T007236,Yes,0.5841,2026-09-21T16:42:19.353279+00:00,baseline_v1
FT-T007237,No,0.474,2026-09-21T16:42:19.353279+00:00,baseline_v1
FT-T007238,No,0.3371,2026-09-21T16:42:19.353279+00:00,baseline_v1
FT-T007239,No,0.4304,2026-09-21T16:42:19.353279+00:00,baseline_v1
FT-T007240,No,0.3647,2026-09-21T16:42:19.353279+00:00,baseline_v1
FT-T007241,No,0.4041,2026-09-21T16:42:19.353279+00:00,baseline_v1
FT-T007242,Yes,0.53,2026-09-21T16:42:19.353279+00:00,baseline_v1
FT-T007243,Yes,0.5841,2026-09-21T16:42:19.353279+00:00,baseline_v1
FT-T007244,No,0.4117,2026-09-21T16:42:19.353279+00:00,baseline_v1
FT-T007245,Yes,0.5845,2026-09-21T16:42:19.353279+00:00,baseline_v1
FT-T007246,No,0.2922,2026-09-21T16:42:19.353279+00:00,baseline_v1
FT-T007247,No,0.4017,2026-09-21T16:42:19.353279+00:00,baseline_v1
FT-T007248,No,0.3731,2026-09-21T16:42:19.353279+00:00,baseline_v1
FT-T007249,Yes,0.5894,2026-09-21T16:42:19.353279+00:00,baseline_v1
FT-T007250,No,0.3662,2026-09-21T16:42:19.353279+00:00,baseline_v1
FT-T007251,No,0.4,2026-09-21T16:42:19.353279+00:00,baseline_v1
FT-T007252,Yes,0.5955,2026-09-21T16:42:19.353279+00:00,baseline_v1
FT-T007253,No,0.354,2026-09-21T16:42:19.353279+00:00,baseline_v1
FT-T007254,Yes,0.5844,2026-09-21T16:42:19.353279+00:00,baseline_v1
FT-T007255,No,0.3561,2026-09-21T16:42:19.353279+00:00,baseline_v1
FT-T007256,Yes,0.5104,2026-09-21T16:42:19.353279+00:00,baseline_v1
FT-T007257,No,0.3228,2026-09-21T16:42:19.353279+00:00,baseline_v1
FT-T007258,Yes,0.6251,2026-09-21T16:42:19.353279+00:00,baseline_v1
FT-T007259,Yes,0.7305,2026-09-21T16:42:19.353279+00:00,baseline_v1
FT-T007260,No,0.2835,2026-09-21T16:42:19.353279+00:00,baseline_v1
FT-T007261,Yes,0.5681,2026-09-21T16:42:19.353279+00:00,baseline_v1
FT-T007262,Yes,0.5655,2026-09-21T16:42:19.353279+00:00,baseline_v1
FT-T007263,No,0.4533,2026-09-21T16:42:19.353279+00:00,baseline_v1
FT-T007264,Yes,0.6143,2026-09-21T16:42:19.353279+00:00,baseline_v1
FT-T007265,Yes,0.524,2026-09-21T16:42:19.353279+00:00,baseline_v1
FT-T007266,Yes,0.5444,2026-09-21T16:42:19.353279+00:00,baseline_v1
FT-T007267,No,0.4842,2026-09-21T16:42:19.353279+00:00,baseline_v1
FT-T007268,No,0.3345,2026-09-21T16:42:19.353279+00:00,baseline_v1
FT-T007269,No,0.4607,2026-09-21T16:42:19.353279+00:00,baseline_v1
FT-T007270,No,0.3512,2026-09-21T16:42:19.353279+00:00,baseline_v1
FT-T007271,No,0.3596,2026-09-21T16:42:19.353279+00:00,baseline_v1
FT-T007272,No,0.2522,2026-09-21T16:42:19.353279+00:00,baseline_v1
FT-T007273,Yes,0.6383,2026-09-21T16:42:19.353279+00:00,baseline_v1
FT-T007274,No,0.3559,2026-09-21T16:42:19.353279+00:00,baseline_v1
FT-T007275,No,0.3335,2026-09-21T16:42:19.353279+00:00,baseline_v1
FT-T007276,No,0.2959,2026-09-21T16:42:19.353279+00:00,baseline_v1
FT-T007277,Yes,0.5637,2026-09-21T16:42:19.353279+00:00,baseline_v1
FT-T007278,Yes,0.5873,2026-09-21T16:42:19.353279+00:00,baseline_v1
FT-T007279,No,0.3082,2026-09-21T16:42:19.353279+00:00,baseline_v1
FT-T007280,Yes,0.666,2026-09-21T16:42:19.353279+00:00,baseline_v1
FT-T007281,Yes,0.5375,2026-09-21T16:42:19.353279+00:00,baseline_v1
FT-T007282,No,0.3062,2026-09-21T16:42:19.353279+00:00,baseline_v1
FT-T007283,Yes,0.5134,2026-09-21T16:42:19.353279+00:00,baseline_v1
FT-T007284,Yes,0.5016,2026-09-21T16:42:19.353279+00:00,baseline_v1
FT-T007285,No,0.423,2026-09-21T16:42:19.353279+00:00,baseline_v1
FT-T007286,No,0.3111,2026-09-21T16:42:19.353279+00:00,baseline_v1
FT-T007287,No,0.3746,2026-09-21T16:42:19.353279+00:00,baseline_v1
FT-T007288,No,0.3382,2026-09-21T16:42:19.353279+00:00,baseline_v1
FT-T007289,No,0.4033,2026-09-21T16:42:19.353279+00:00,baseline_v1
FT-T007290,Yes,0.6216,2026-09-21T16:42:19.353279+00:00,baseline_v1
FT-T007291,No,0.3323,2026-09-21T16:42:19.353279+00:00,baseline_v1
FT-T007292,No,0.3112,2026-09-21T16:42:19.353279+00:00,baseline_v1
FT-T007293,No,0.4811,2026-09-21T16:42:19.353279+00:00,baseline_v1
FT-T007294,No,0.348,2026-09-21T16:42:19.353279+00:00,baseline_v1
FT-T007295,No,0.4829,2026-09-21T16:42:19.353279+00:00,baseline_v1
FT-T007296,Yes,0.5468,2026-09-21T16:42:19.353279+00:00,baseline_v1
FT-T007297,No,0.2417,2026-09-21T16:42:19.353279+00:00,baseline_v1
FT-T007298,No,0.2957,2026-09-21T16:42:19.353279+00:00,baseline_v1
FT-T007299,Yes,0.6172,2026-09-21T16:42:19.353279+00:00,baseline_v1
FT-T007300,No,0.4664,2026-09-21T16:42:19.353279+00:00,baseline_v1
FT-T007301,No,0.2583,2026-09-21T16:42:19.353279+00:00,baseline_v1
FT-T007302,Yes,0.5582,2026-09-21T16:42:19.353279+00:00,baseline_v1
FT-T007303,No,0.2197,2026-09-21T16:42:19.353279+00:00,baseline_v1
FT-T007304,No,0.3098,2026-09-21T16:42:19.353279+00:00,baseline_v1
FT-T007305,No,0.4893,2026-09-21T16:42:19.353279+00:00,baseline_v1
FT-T007306,No,0.2967,2026-09-21T16:42:19.353279+00:00,baseline_v1
FT-T007307,Yes,0.6862,2026-09-21T16:42:19.353279+00:00,baseline_v1
FT-T007308,No,0.2709,2026-09-21T16:42:19.353279+00:00,baseline_v1
FT-T007309,Yes,0.5067,2026-09-21T16:42:19.353279+00:00,baseline_v1
FT-T007310,No,0.3163,2026-09-21T16:42:19.353279+00:00,baseline_v1
FT-T007311,No,0.4958,2026-09-21T16:42:19.353279+00:00,baseline_v1
FT-T007312,No,0.2526,2026-09-21T16:42:19.353279+00:00,baseline_v1
FT-T007313,No,0.2335,2026-09-21T16:42:19.353279+00:00,baseline_v1
FT-T007314,No,0.4707,2026-09-21T16:42:19.353279+00:00,baseline_v1
FT-T007315,Yes,0.7283,2026-09-21T16:42:19.353279+00:00,baseline_v1
FT-T007316,No,0.2148,2026-09-21T16:42:19.353279+00:00,baseline_v1
FT-T007317,Yes,0.5751,2026-09-21T16:42:19.353279+00:00,baseline_v1
FT-T007318,No,0.2978,2026-09-21T16:42:19.353279+00:00,baseline_v1
FT-T007319,No,0.2551,2026-09-21T16:42:19.353279+00:00,baseline_v1
FT-T007320,No,0.2505,2026-09-21T16:42:19.353279+00:00,baseline_v1
FT-T007321,No,0.3923,2026-09-21T16:42:19.353279+00:00,baseline_v1
FT-T007322,No,0.4919,2026-09-21T16:42:19.353279+00:00,baseline_v1
FT-T007323,Yes,0.6727,2026-09-21T16:42:19.353279+00:00,baseline_v1
FT-T007324,Yes,0.6124,2026-09-21T16:42:19.353279+00:00,baseline_v1
FT-T007325,No,0.2665,2026-09-21T16:42:19.353279+00:00,baseline_v1
FT-T007326,No,0.325,2026-09-21T16:42:19.353279+00:00,baseline_v1
FT-T007327,No,0.2587,2026-09-21T16:42:19.353279+00:00,baseline_v1
FT-T007328,No,0.2631,2026-09-21T16:42:19.353279+00:00,baseline_v1
FT-T007329,No,0.2558,2026-09-21T16:42:19.353279+00:00,baseline_v1
FT-T007330,No,0.2199,2026-09-21T16:42:19.353279+00:00,baseline_v1
FT-T007331,No,0.4571,2026-09-21T16:42:19.353279+00:00,baseline_v1
FT-T007332,No,0.2723,2026-09-21T16:42:19.353279+00:00,baseline_v1
FT-T007333,No,0.4492,2026-09-21T16:42:19.353279+00:00,baseline_v1
FT-T007334,No,0.3895,2026-09-21T16:42:19.353279+00:00,baseline_v1
FT-T007335,Yes,0.5707,2026-09-21T16:42:19.353279+00:00,baseline_v1
FT-T007336,Yes,0.7761,2026-09-21T16:42:19.353279+00:00,baseline_v1
FT-T007337,Yes,0.5184,2026-09-21T16:42:19.353279+00:00,baseline_v1
FT-T007338,Yes,0.5048,2026-09-21T16:42:19.353279+00:00,baseline_v1
FT-T007339,Yes,0.6327,2026-09-21T16:42:19.353279+00:00,baseline_v1
FT-T007340,No,0.4347,2026-09-21T16:42:19.353279+00:00,baseline_v1
FT-T007341,Yes,0.6174,2026-09-21T16:42:19.353279+00:00,baseline_v1
FT-T007342,Yes,0.6557,2026-09-21T16:42:19.353279+00:00,baseline_v1
FT-T007343,No,0.4993,2026-09-21T16:42:19.353279+00:00,baseline_v1
FT-T007344,Yes,0.6327,2026-09-21T16:42:19.353279+00:00,baseline_v1
FT-T007345,No,0.4756,2026-09-21T16:42:19.353279+00:00,baseline_v1
FT-T007346,Yes,0.6371,2026-09-21T16:42:19.353279+00:00,baseline_v1
FT-T007347,Yes,0.7041,2026-09-21T16:42:19.353279+00:00,baseline_v1
FT-T007348,No,0.4919,2026-09-21T16:42:19.353279+00:00,baseline_v1
FT-T007349,Yes,0.6974,2026-09-21T16:42:19.353279+00:00,baseline_v1
FT-T007350,Yes,0.7268,2026-09-21T16:42:19.353279+00:00,baseline_v1
FT-T007351,No,0.3853,2026-09-21T16:42:19.353279+00:00,baseline_v1
FT-T007352,Yes,0.6538,2026-09-21T16:42:19.353279+00:00,baseline_v1
FT-T007353,Yes,0.8617,2026-09-21T16:42:19.353279+00:00,baseline_v1
FT-T007354,Yes,0.5961,2026-09-21T16:42:19.353279+00:00,baseline_v1
FT-T007355,No,0.3856,2026-09-21T16:42:19.353279+00:00,baseline_v1
FT-T007356,Yes,0.5856,2026-09-21T16:42:19.353279+00:00,baseline_v1
FT-T007357,Yes,0.6398,2026-09-21T16:42:19.353279+00:00,baseline_v1
FT-T007358,No,0.4917,2026-09-21T16:42:19.353279+00:00,baseline_v1
FT-T007359,No,0.3351,2026-09-21T16:42:19.353279+00:00,baseline_v1
FT-T007360,Yes,0.6586,2026-09-21T16:42:19.353279+00:00,baseline_v1
FT-T007361,No,0.4753,2026-09-21T16:42:19.353279+00:00,baseline_v1
FT-T007362,Yes,0.6991,2026-09-21T16:42:19.353279+00:00,baseline_v1
FT-T007363,Yes,0.7125,2026-09-21T16:42:19.353279+00:00,baseline_v1
FT-T007364,No,0.325,2026-09-21T16:42:19.353279+00:00,baseline_v1
FT-T007365,No,0.3801,2026-09-21T16:42:19.353279+00:00,baseline_v1
FT-T007366,Yes,0.7617,2026-09-21T16:42:19.353279+00:00,baseline_v1
FT-T007367,Yes,0.5395,2026-09-21T16:42:19.353279+00:00,baseline_v1
FT-T007368,No,0.3205,2026-09-21T16:42:19.353279+00:00,baseline_v1
FT-T007369,No,0.3507,2026-09-21T16:42:19.353279+00:00,baseline_v1
FT-T007370,Yes,0.6595,2026-09-21T16:42:19.353279+00:00,baseline_v1
FT-T007371,No,0.369,2026-09-21T16:42:19.353279+00:00,baseline_v1
FT-T007372,No,0.3471,2026-09-21T16:42:19.353279+00:00,baseline_v1
FT-T007373,No,0.3675,2026-09-21T16:42:19.353279+00:00,baseline_v1
FT-T007374,Yes,0.6504,2026-09-21T16:42:19.353279+00:00,baseline_v1
FT-T007375,Yes,0.6233,2026-09-21T16:42:19.353279+00:00,baseline_v1
FT-T007376,Yes,0.692,2026-09-21T16:42:19.353279+00:00,baseline_v1
FT-T007377,No,0.3503,2026-09-21T16:42:19.353279+00:00,baseline_v1
FT-T007378,Yes,0.5841,2026-09-21T16:42:19.353279+00:00,baseline_v1
FT-T007379,Yes,0.6319,2026-09-21T16:42:19.353279+00:00,baseline_v1
FT-T007380,No,0.2758,2026-09-21T16:42:19.353279+00:00,baseline_v1
FT-T007381,No,0.3492,2026-09-21T16:42:19.353279+00:00,baseline_v1
FT-T007382,No,0.3977,2026-09-21T16:42:19.353279+00:00,baseline_v1
FT-T007383,Yes,0.5621,2026-09-21T16:42:19.353279+00:00,baseline_v1
FT-T007384,Yes,0.6698,2026-09-21T16:42:19.353279+00:00,baseline_v1
FT-T007385,Yes,0.8402,2026-09-21T16:42:19.353279+00:00,baseline_v1
FT-T007386,Yes,0.7299,2026-09-21T16:42:19.353279+00:00,baseline_v1
FT-T007387,Yes,0.6621,2026-09-21T16:42:19.353279+00:00,baseline_v1
FT-T007388,Yes,0.5926,2026-09-21T16:42:19.353279+00:00,baseline_v1
FT-T007389,Yes,0.8316,2026-09-21T16:42:19.353279+00:00,baseline_v1
FT-T007390,No,0.3024,2026-09-21T16:42:19.353279+00:00,baseline_v1
FT-T007391,Yes,0.6151,2026-09-21T16:42:19.353279+00:00,baseline_v1
FT-T007392,No,0.4483,2026-09-21T16:42:19.353279+00:00,baseline_v1
FT-T007393,No,0.4101,2026-09-21T16:42:19.353279+00:00,baseline_v1
FT-T007394,No,0.3711,2026-09-21T16:42:19.353279+00:00,baseline_v1
FT-T007395,Yes,0.5479,2026-09-21T16:42:19.353279+00:00,baseline_v1
FT-T007396,Yes,0.5906,2026-09-21T16:42:19.353279+00:00,baseline_v1
FT-T007397,No,0.2842,2026-09-21T16:42:19.353279+00:00,baseline_v1
FT-T007398,No,0.4941,2026-09-21T16:42:19.353279+00:00,baseline_v1
FT-T007399,Yes,0.623,2026-09-21T16:42:19.353279+00:00,baseline_v1
FT-T007400,Yes,0.6548,2026-09-21T16:42:19.353279+00:00,baseline_v1
FT-T007401,Yes,0.5085,2026-09-21T16:42:19.353279+00:00,baseline_v1
FT-T007402,No,0.3271,2026-09-21T16:42:19.353279+00:00,baseline_v1
FT-T007403,Yes,0.5572,2026-09-21T16:42:19.353279+00:00,baseline_v1
FT-T007404,Yes,0.5843,2026-09-21T16:42:19.353279+00:00,baseline_v1
FT-T007405,No,0.4991,2026-09-21T16:42:19.353279+00:00,baseline_v1
FT-T007406,Yes,0.5814,2026-09-21T16:42:19.353279+00:00,baseline_v1
FT-T007407,Yes,0.5451,2026-09-21T16:42:19.353279+00:00,baseline_v1
FT-T007408,No,0.3821,2026-09-21T16:42:19.353279+00:00,baseline_v1
FT-T007409,No,0.3226,2026-09-21T16:42:19.353279+00:00,baseline_v1
FT-T007410,Yes,0.507,2026-09-21T16:42:19.353279+00:00,baseline_v1
FT-T007411,No,0.487,2026-09-21T16:42:19.353279+00:00,baseline_v1
FT-T007412,Yes,0.6944,2026-09-21T16:42:19.353279+00:00,baseline_v1
FT-T007413,No,0.29,2026-09-21T16:42:19.353279+00:00,baseline_v1
FT-T007414,No,0.4493,2026-09-21T16:42:19.353279+00:00,baseline_v1
FT-T007415,No,0.2861,2026-09-21T16:42:19.353279+00:00,baseline_v1
FT-T007416,Yes,0.5986,2026-09-21T16:42:19.353279+00:00,baseline_v1
FT-T007417,No,0.2221,2026-09-21T16:42:19.353279+00:00,baseline_v1
FT-T007418,Yes,0.5495,2026-09-21T16:42:19.353279+00:00,baseline_v1
FT-T007419,Yes,0.5882,2026-09-21T16:42:19.353279+00:00,baseline_v1
FT-T007420,Yes,0.5849,2026-09-21T16:42:19.353279+00:00,baseline_v1
FT-T007421,No,0.2963,2026-09-21T16:42:19.353279+00:00,baseline_v1
FT-T007422,No,0.4881,2026-09-21T16:42:19.353279+00:00,baseline_v1
FT-T007423,Yes,0.5352,2026-09-21T16:42:19.353279+00:00,baseline_v1
FT-T007424,No,0.3125,2026-09-21T16:42:19.353279+00:00,baseline_v1
FT-T007425,No,0.4422,2026-09-21T16:42:19.353279+00:00,baseline_v1
FT-T007426,Yes,0.7596,2026-09-21T16:42:19.353279+00:00,baseline_v1
FT-T007427,No,0.269,2026-09-21T16:42:19.353279+00:00,baseline_v1
FT-T007428,No,0.2984,2026-09-21T16:42:19.353279+00:00,baseline_v1
FT-T007429,No,0.3338,2026-09-21T16:42:19.353279+00:00,baseline_v1
FT-T007430,No,0.399,2026-09-21T16:42:19.353279+00:00,baseline_v1
FT-T007431,Yes,0.5127,2026-09-21T16:42:19.353279+00:00,baseline_v1
FT-T007432,No,0.3212,2026-09-21T16:42:19.353279+00:00,baseline_v1
FT-T007433,Yes,0.6712,2026-09-21T16:42:19.353279+00:00,baseline_v1
FT-T007434,No,0.3671,2026-09-21T16:42:19.353279+00:00,baseline_v1
FT-T007435,No,0.4532,2026-09-21T16:42:19.353279+00:00,baseline_v1
FT-T007436,No,0.3778,2026-09-21T16:42:19.353279+00:00,baseline_v1
FT-T007437,Yes,0.5238,2026-09-21T16:42:19.353279+00:00,baseline_v1
FT-T007438,No,0.2512,2026-09-21T16:42:19.353279+00:00,baseline_v1
FT-T007439,No,0.4583,2026-09-21T16:42:19.353279+00:00,baseline_v1
FT-T007440,No,0.4685,2026-09-21T16:42:19.353279+00:00,baseline_v1
FT-T007441,No,0.2795,2026-09-21T16:42:19.353279+00:00,baseline_v1
FT-T007442,No,0.2868,2026-09-21T16:42:19.353279+00:00,baseline_v1
FT-T007443,No,0.332,2026-09-21T16:42:19.353279+00:00,baseline_v1
FT-T007444,Yes,0.5768,2026-09-21T16:42:19.353279+00:00,baseline_v1
FT-T007445,No,0.2978,2026-09-21T16:42:19.353279+00:00,baseline_v1
FT-T007446,No,0.4575,2026-09-21T16:42:19.353279+00:00,baseline_v1
FT-T007447,No,0.3425,2026-09-21T16:42:19.353279+00:00,baseline_v1
FT-T007448,No,0.2966,2026-09-21T16:42:19.353279+00:00,baseline_v1
FT-T007449,No,0.2921,2026-09-21T16:42:19.353279+00:00,baseline_v1
FT-T007450,No,0.274,2026-09-21T16:42:19.353279+00:00,baseline_v1
FT-T007451,No,0.4911,2026-09-21T16:42:19.353279+00:00,baseline_v1
FT-T007452,No,0.4548,2026-09-21T16:42:19.353279+00:00,baseline_v1
FT-T007453,Yes,0.5345,2026-09-21T16:42:19.353279+00:00,baseline_v1
FT-T007454,Yes,0.5071,2026-09-21T16:42:19.353279+00:00,baseline_v1
FT-T007455,No,0.4931,2026-09-21T16:42:19.353279+00:00,baseline_v1
FT-T007456,No,0.4573,2026-09-21T16:42:19.353279+00:00,baseline_v1
FT-T007457,No,0.2861,2026-09-21T16:42:19.353279+00:00,baseline_v1
FT-T007458,No,0.4906,2026-09-21T16:42:19.353279+00:00,baseline_v1
FT-T007459,No,0.4844,2026-09-21T16:42:19.353279+00:00,baseline_v1
FT-T007460,Yes,0.5745,2026-09-21T16:42:19.353279+00:00,baseline_v1
FT-T007461,No,0.3183,2026-09-21T16:42:19.353279+00:00,baseline_v1
FT-T007462,Yes,0.7211,2026-09-21T16:42:19.353279+00:00,baseline_v1
FT-T007463,No,0.2903,2026-09-21T16:42:19.353279+00:00,baseline_v1
FT-T007464,Yes,0.6583,2026-09-21T16:42:19.353279+00:00,baseline_v1
FT-T007465,No,0.1728,2026-09-21T16:42:19.353279+00:00,baseline_v1
FT-T007466,No,0.2945,2026-09-21T16:42:19.353279+00:00,baseline_v1
FT-T007467,Yes,0.6355,2026-09-21T16:42:19.353279+00:00,baseline_v1
FT-T007468,Yes,0.5015,2026-09-21T16:42:19.353279+00:00,baseline_v1
FT-T007469,No,0.4467,2026-09-21T16:42:19.353279+00:00,baseline_v1
FT-T007470,No,0.3904,2026-09-21T16:42:19.353279+00:00,baseline_v1
FT-T007471,Yes,0.8664,2026-09-21T16:42:19.353279+00:00,baseline_v1
FT-T007472,Yes,0.6788,2026-09-21T16:42:19.353279+00:00,baseline_v1
FT-T007473,No,0.4027,2026-09-21T16:42:19.353279+00:00,baseline_v1
FT-T007474,No,0.4265,2026-09-21T16:42:19.353279+00:00,baseline_v1
FT-T007475,No,0.4886,2026-09-21T16:42:19.353279+00:00,baseline_v1
FT-T007476,No,0.4814,2026-09-21T16:42:19.353279+00:00,baseline_v1
FT-T007477,No,0.4934,2026-09-21T16:42:19.353279+00:00,baseline_v1
FT-T007478,Yes,0.5326,2026-09-21T16:42:19.353279+00:00,baseline_v1
FT-T007479,No,0.4025,2026-09-21T16:42:19.353279+00:00,baseline_v1
FT-T007480,Yes,0.5621,2026-09-21T16:42:19.353279+00:00,baseline_v1
FT-T007481,No,0.4753,2026-09-21T16:42:19.353279+00:00,baseline_v1
FT-T007482,Yes,0.6427,2026-09-21T16:42:19.353279+00:00,baseline_v1
FT-T007483,No,0.436,2026-09-21T16:42:19.353279+00:00,baseline_v1
FT-T007484,Yes,0.5909,2026-09-21T16:42:19.353279+00:00,baseline_v1
FT-T007485,No,0.3489,2026-09-21T16:42:19.353279+00:00,baseline_v1
FT-T007486,No,0.3012,2026-09-21T16:42:19.353279+00:00,baseline_v1
FT-T007487,Yes,0.6468,2026-09-21T16:42:19.353279+00:00,baseline_v1
FT-T007488,No,0.472,2026-09-21T16:42:19.353279+00:00,baseline_v1
FT-T007489,Yes,0.5105,2026-09-21T16:42:19.353279+00:00,baseline_v1
FT-T007490,No,0.4023,2026-09-21T16:42:19.353279+00:00,baseline_v1
FT-T007491,Yes,0.5789,2026-09-21T16:42:19.353279+00:00,baseline_v1
FT-T007492,No,0.4174,2026-09-21T16:42:19.353279+00:00,baseline_v1
FT-T007493,Yes,0.6828,2026-09-21T16:42:19.353279+00:00,baseline_v1
FT-T007494,No,0.398,2026-09-21T16:42:19.353279+00:00,baseline_v1
FT-T007495,No,0.3569,2026-09-21T16:42:19.353279+00:00,baseline_v1
FT-T007496,Yes,0.5574,2026-09-21T16:42:19.353279+00:00,baseline_v1
FT-T007497,No,0.3725,2026-09-21T16:42:19.353279+00:00,baseline_v1
FT-T007498,No,0.3497,2026-09-21T16:42:19.353279+00:00,baseline_v1
FT-T007499,Yes,0.5686,2026-09-21T16:42:19.353279+00:00,baseline_v1
FT-T007500,Yes,0.8181,2026-09-21T16:42:19.353279+00:00,baseline_v1
FT-T007501,No,0.4014,2026-09-21T16:42:19.353279+00:00,baseline_v1
FT-T007502,Yes,0.7088,2026-09-21T16:42:19.353279+00:00,baseline_v1
FT-T007503,Yes,0.5652,2026-09-21T16:42:19.353279+00:00,baseline_v1
FT-T007504,Yes,0.5477,2026-09-21T16:42:19.353279+00:00,baseline_v1
FT-T007505,No,0.3561,2026-09-21T16:42:19.353279+00:00,baseline_v1
FT-T007506,Yes,0.613,2026-09-21T16:42:19.353279+00:00,baseline_v1
FT-T007507,Yes,0.6842,2026-09-21T16:42:19.353279+00:00,baseline_v1
FT-T007508,Yes,0.6152,2026-09-21T16:42:19.353279+00:00,baseline_v1
FT-T007509,Yes,0.5093,2026-09-21T16:42:19.353279+00:00,baseline_v1
FT-T007510,No,0.4063,2026-09-21T16:42:19.353279+00:00,baseline_v1
FT-T007511,Yes,0.6192,2026-09-21T16:42:19.353279+00:00,baseline_v1
FT-T007512,Yes,0.566,2026-09-21T16:42:19.353279+00:00,baseline_v1
FT-T007513,Yes,0.5734,2026-09-21T16:42:19.353279+00:00,baseline_v1
FT-T007514,Yes,0.6733,2026-09-21T16:42:19.353279+00:00,baseline_v1
FT-T007515,No,0.3544,2026-09-21T16:42:19.353279+00:00,baseline_v1
FT-T007516,No,0.3778,2026-09-21T16:42:19.353279+00:00,baseline_v1
FT-T007517,No,0.4859,2026-09-21T16:42:19.353279+00:00,baseline_v1
FT-T007518,Yes,0.6137,2026-09-21T16:42:19.353279+00:00,baseline_v1
FT-T007519,No,0.3624,2026-09-21T16:42:19.353279+00:00,baseline_v1
FT-T007520,No,0.291,2026-09-21T16:42:19.353279+00:00,baseline_v1
FT-T007521,No,0.3046,2026-09-21T16:42:19.353279+00:00,baseline_v1
FT-T007522,Yes,0.8319,2026-09-21T16:42:19.353279+00:00,baseline_v1
FT-T007523,Yes,0.5865,2026-09-21T16:42:19.353279+00:00,baseline_v1
FT-T007524,No,0.4859,2026-09-21T16:42:19.353279+00:00,baseline_v1
FT-T007525,No,0.354,2026-09-21T16:42:19.353279+00:00,baseline_v1
FT-T007526,Yes,0.527,2026-09-21T16:42:19.353279+00:00,baseline_v1
FT-T007527,Yes,0.7008,2026-09-21T16:42:19.353279+00:00,baseline_v1
FT-T007528,No,0.3635,2026-09-21T16:42:19.353279+00:00,baseline_v1
FT-T007529,No,0.3512,2026-09-21T16:42:19.353279+00:00,baseline_v1
FT-T007530,No,0.3495,2026-09-21T16:42:19.353279+00:00,baseline_v1
FT-T007531,No,0.4381,2026-09-21T16:42:19.353279+00:00,baseline_v1
FT-T007532,No,0.4615,2026-09-21T16:42:19.353279+00:00,baseline_v1
FT-T007533,No,0.2985,2026-09-21T16:42:19.353279+00:00,baseline_v1
FT-T007534,No,0.3891,2026-09-21T16:42:19.353279+00:00,baseline_v1
FT-T007535,No,0.2688,2026-09-21T16:42:19.353279+00:00,baseline_v1
FT-T007536,No,0.36,2026-09-21T16:42:19.353279+00:00,baseline_v1
FT-T007537,Yes,0.5352,2026-09-21T16:42:19.353279+00:00,baseline_v1
FT-T007538,No,0.3164,2026-09-21T16:42:19.353279+00:00,baseline_v1
FT-T007539,Yes,0.8475,2026-09-21T16:42:19.353279+00:00,baseline_v1
FT-T007540,No,0.3241,2026-09-21T16:42:19.353279+00:00,baseline_v1
FT-T007541,No,0.2894,2026-09-21T16:42:19.353279+00:00,baseline_v1
FT-T007542,No,0.3719,2026-09-21T16:42:19.353279+00:00,baseline_v1
FT-T007543,Yes,0.5098,2026-09-21T16:42:19.353279+00:00,baseline_v1
FT-T007544,No,0.3275,2026-09-21T16:42:19.353279+00:00,baseline_v1
FT-T007545,No,0.4598,2026-09-21T16:42:19.353279+00:00,baseline_v1
FT-T007546,Yes,0.5746,2026-09-21T16:42:19.353279+00:00,baseline_v1
FT-T007547,No,0.3681,2026-09-21T16:42:19.353279+00:00,baseline_v1
FT-T007548,Yes,0.7195,2026-09-21T16:42:19.353279+00:00,baseline_v1
FT-T007549,Yes,0.5154,2026-09-21T16:42:19.353279+00:00,baseline_v1
FT-T007550,No,0.3546,2026-09-21T16:42:19.353279+00:00,baseline_v1
FT-T007551,No,0.2925,2026-09-21T16:42:19.353279+00:00,baseline_v1
FT-T007552,No,0.4559,2026-09-21T16:42:19.353279+00:00,baseline_v1
FT-T007553,Yes,0.505,2026-09-21T16:42:19.353279+00:00,baseline_v1
FT-T007554,No,0.3275,2026-09-21T16:42:19.353279+00:00,baseline_v1
FT-T007555,No,0.3001,2026-09-21T16:42:19.353279+00:00,baseline_v1
FT-T007556,No,0.3028,2026-09-21T16:42:19.353279+00:00,baseline_v1
FT-T007557,Yes,0.5552,2026-09-21T16:42:19.353279+00:00,baseline_v1
FT-T007558,No,0.2149,2026-09-21T16:42:19.353279+00:00,baseline_v1
FT-T007559,No,0.4074,2026-09-21T16:42:19.353279+00:00,baseline_v1
FT-T007560,Yes,0.5379,2026-09-21T16:42:19.353279+00:00,baseline_v1
FT-T007561,No,0.438,2026-09-21T16:42:19.353279+00:00,baseline_v1
FT-T007562,Yes,0.604,2026-09-21T16:42:19.353279+00:00,baseline_v1
FT-T007563,No,0.377,2026-09-21T16:42:19.353279+00:00,baseline_v1
FT-T007564,No,0.4598,2026-09-21T16:42:19.353279+00:00,baseline_v1
FT-T007565,Yes,0.5135,2026-09-21T16:42:19.353279+00:00,baseline_v1
FT-T007566,Yes,0.5233,2026-09-21T16:42:19.353279+00:00,baseline_v1
FT-T007567,No,0.2972,2026-09-21T16:42:19.353279+00:00,baseline_v1
FT-T007568,Yes,0.5089,2026-09-21T16:42:19.353279+00:00,baseline_v1
FT-T007569,No,0.2545,2026-09-21T16:42:19.353279+00:00,baseline_v1
FT-T007570,No,0.225,2026-09-21T16:42:19.353279+00:00,baseline_v1
FT-T007571,No,0.2888,2026-09-21T16:42:19.353279+00:00,baseline_v1
FT-T007572,No,0.3325,2026-09-21T16:42:19.353279+00:00,baseline_v1
FT-T007573,No,0.2452,2026-09-21T16:42:19.353279+00:00,baseline_v1
FT-T007574,No,0.4629,2026-09-21T16:42:19.353279+00:00,baseline_v1
FT-T007575,No,0.2464,2026-09-21T16:42:19.353279+00:00,baseline_v1
FT-T007576,No,0.4874,2026-09-21T16:42:19.353279+00:00,baseline_v1
FT-T007577,Yes,0.5948,2026-09-21T16:42:19.353279+00:00,baseline_v1
FT-T007578,No,0.2318,2026-09-21T16:42:19.353279+00:00,baseline_v1
FT-T007579,No,0.2541,2026-09-21T16:42:19.353279+00:00,baseline_v1
FT-T007580,No,0.2644,2026-09-21T16:42:19.353279+00:00,baseline_v1
FT-T007581,No,0.4509,2026-09-21T16:42:19.353279+00:00,baseline_v1
FT-T007582,No,0.2146,2026-09-21T16:42:19.353279+00:00,baseline_v1
FT-T007583,No,0.4171,2026-09-21T16:42:19.353279+00:00,baseline_v1
FT-T007584,No,0.4567,2026-09-21T16:42:19.353279+00:00,baseline_v1
FT-T007585,Yes,0.5287,2026-09-21T16:42:19.353279+00:00,baseline_v1
FT-T007586,Yes,0.5713,2026-09-21T16:42:19.353279+00:00,baseline_v1
FT-T007587,No,0.466,2026-09-21T16:42:19.353279+00:00,baseline_v1
FT-T007588,No,0.4305,2026-09-21T16:42:19.353279+00:00,baseline_v1
FT-T007589,No,0.4392,2026-09-21T16:42:19.353279+00:00,baseline_v1
FT-T007590,No,0.4825,2026-09-21T16:42:19.353279+00:00,baseline_v1
FT-T007591,No,0.4257,2026-09-21T16:42:19.353279+00:00,baseline_v1
FT-T007592,No,0.352,2026-09-21T16:42:19.353279+00:00,baseline_v1
FT-T007593,No,0.4189,2026-09-21T16:42:19.353279+00:00,baseline_v1
FT-T007594,No,0.2386,2026-09-21T16:42:19.353279+00:00,baseline_v1
FT-T007595,No,0.2355,2026-09-21T16:42:19.353279+00:00,baseline_v1
FT-T007596,No,0.4628,2026-09-21T16:42:19.353279+00:00,baseline_v1
FT-T007597,No,0.3136,2026-09-21T16:42:19.353279+00:00,baseline_v1
FT-T007598,No,0.1973,2026-09-21T16:42:19.353279+00:00,baseline_v1
FT-T007599,Yes,0.5174,2026-09-21T16:42:19.353279+00:00,baseline_v1
FT-T007600,No,0.3722,2026-09-21T16:42:19.353279+00:00,baseline_v1
FT-T007601,Yes,0.5916,2026-09-21T16:42:19.353279+00:00,baseline_v1
FT-T007602,Yes,0.5364,2026-09-21T16:42:19.353279+00:00,baseline_v1
FT-T007603,No,0.4108,2026-09-21T16:42:19.353279+00:00,baseline_v1
FT-T007604,No,0.4172,2026-09-21T16:42:19.353279+00:00,baseline_v1
FT-T007605,No,0.3952,2026-09-21T16:42:19.353279+00:00,baseline_v1
FT-T007606,Yes,0.6135,2026-09-21T16:42:19.353279+00:00,baseline_v1
FT-T007607,Yes,0.5153,2026-09-21T16:42:19.353279+00:00,baseline_v1
FT-T007608,No,0.4243,2026-09-21T16:42:19.353279+00:00,baseline_v1
FT-T007609,No,0.3799,2026-09-21T16:42:19.353279+00:00,baseline_v1
FT-T007610,Yes,0.7501,2026-09-21T16:42:19.353279+00:00,baseline_v1
FT-T007611,Yes,0.7036,2026-09-21T16:42:19.353279+00:00,baseline_v1
FT-T007612,No,0.3389,2026-09-21T16:42:19.353279+00:00,baseline_v1
FT-T007613,Yes,0.8558,2026-09-21T16:42:19.353279+00:00,baseline_v1
FT-T007614,Yes,0.6675,2026-09-21T16:42:19.353279+00:00,baseline_v1
FT-T007615,Yes,0.6246,2026-09-21T16:42:19.353279+00:00,baseline_v1
FT-T007616,No,0.4672,2026-09-21T16:42:19.353279+00:00,baseline_v1
FT-T007617,Yes,0.6103,2026-09-21T16:42:19.353279+00:00,baseline_v1
FT-T007618,No,0.416,2026-09-21T16:42:19.353279+00:00,baseline_v1
FT-T007619,No,0.4462,2026-09-21T16:42:19.353279+00:00,baseline_v1
FT-T007620,No,0.3244,2026-09-21T16:42:19.353279+00:00,baseline_v1
FT-T007621,No,0.4425,2026-09-21T16:42:19.353279+00:00,baseline_v1
FT-T007622,Yes,0.591,2026-09-21T16:42:19.353279+00:00,baseline_v1
FT-T007623,No,0.384,2026-09-21T16:42:19.353279+00:00,baseline_v1
FT-T007624,Yes,0.6133,2026-09-21T16:42:19.353279+00:00,baseline_v1
FT-T007625,Yes,0.854,2026-09-21T16:42:19.353279+00:00,baseline_v1
FT-T007626,No,0.3526,2026-09-21T16:42:19.353279+00:00,baseline_v1
FT-T007627,Yes,0.6769,2026-09-21T16:42:19.353279+00:00,baseline_v1
FT-T007628,No,0.4815,2026-09-21T16:42:19.353279+00:00,baseline_v1
FT-T007629,No,0.4029,2026-09-21T16:42:19.353279+00:00,baseline_v1
FT-T007630,Yes,0.7166,2026-09-21T16:42:19.353279+00:00,baseline_v1
FT-T007631,Yes,0.5607,2026-09-21T16:42:19.353279+00:00,baseline_v1
FT-T007632,No,0.3918,2026-09-21T16:42:19.353279+00:00,baseline_v1
FT-T007633,No,0.417,2026-09-21T16:42:19.353279+00:00,baseline_v1
FT-T007634,Yes,0.5993,2026-09-21T16:42:19.353279+00:00,baseline_v1
FT-T007635,Yes,0.6823,2026-09-21T16:42:19.353279+00:00,baseline_v1
FT-T007636,Yes,0.7276,2026-09-21T16:42:19.353279+00:00,baseline_v1
FT-T007637,Yes,0.7254,2026-09-21T16:42:19.353279+00:00,baseline_v1
FT-T007638,No,0.3874,2026-09-21T16:42:19.353279+00:00,baseline_v1
FT-T007639,No,0.3883,2026-09-21T16:42:19.353279+00:00,baseline_v1
FT-T007640,No,0.3165,2026-09-21T16:42:19.353279+00:00,baseline_v1
FT-T007641,No,0.4809,2026-09-21T16:42:19.353279+00:00,baseline_v1
FT-T007642,Yes,0.5466,2026-09-21T16:42:19.353279+00:00,baseline_v1
FT-T007643,Yes,0.5915,2026-09-21T16:42:19.353279+00:00,baseline_v1
FT-T007644,No,0.3936,2026-09-21T16:42:19.353279+00:00,baseline_v1
FT-T007645,No,0.4254,2026-09-21T16:42:19.353279+00:00,baseline_v1
FT-T007646,Yes,0.525,2026-09-21T16:42:19.353279+00:00,baseline_v1
FT-T007647,No,0.3516,2026-09-21T16:42:19.353279+00:00,baseline_v1
FT-T007648,Yes,0.5442,2026-09-21T16:42:19.353279+00:00,baseline_v1
FT-T007649,No,0.4567,2026-09-21T16:42:19.353279+00:00,baseline_v1
FT-T007650,Yes,0.8246,2026-09-21T16:42:19.353279+00:00,baseline_v1
FT-T007651,Yes,0.7711,2026-09-21T16:42:19.353279+00:00,baseline_v1
FT-T007652,No,0.3064,2026-09-21T16:42:19.353279+00:00,baseline_v1
FT-T007653,No,0.3707,2026-09-21T16:42:19.353279+00:00,baseline_v1
FT-T007654,No,0.442,2026-09-21T16:42:19.353279+00:00,baseline_v1
FT-T007655,No,0.3307,2026-09-21T16:42:19.353279+00:00,baseline_v1
FT-T007656,No,0.3332,2026-09-21T16:42:19.353279+00:00,baseline_v1
FT-T007657,Yes,0.7285,2026-09-21T16:42:19.353279+00:00,baseline_v1
FT-T007658,Yes,0.8169,2026-09-21T16:42:19.353279+00:00,baseline_v1
FT-T007659,Yes,0.5998,2026-09-21T16:42:19.353279+00:00,baseline_v1
FT-T007660,Yes,0.5407,2026-09-21T16:42:19.353279+00:00,baseline_v1
FT-T007661,No,0.3173,2026-09-21T16:42:19.353279+00:00,baseline_v1
FT-T007662,Yes,0.56,2026-09-21T16:42:19.353279+00:00,baseline_v1
FT-T007663,Yes,0.5316,2026-09-21T16:42:19.353279+00:00,baseline_v1
FT-T007664,No,0.3802,2026-09-21T16:42:19.353279+00:00,baseline_v1
FT-T007665,Yes,0.5175,2026-09-21T16:42:19.353279+00:00,baseline_v1
FT-T007666,Yes,0.5204,2026-09-21T16:42:19.353279+00:00,baseline_v1
FT-T007667,No,0.3345,2026-09-21T16:42:19.353279+00:00,baseline_v1
FT-T007668,No,0.3371,2026-09-21T16:42:19.353279+00:00,baseline_v1
FT-T007669,No,0.3274,2026-09-21T16:42:19.353279+00:00,baseline_v1
FT-T007670,No,0.3938,2026-09-21T16:42:19.353279+00:00,baseline_v1
FT-T007671,Yes,0.5923,2026-09-21T16:42:19.353279+00:00,baseline_v1
FT-T007672,Yes,0.6553,2026-09-21T16:42:19.353279+00:00,baseline_v1
FT-T007673,No,0.323,2026-09-21T16:42:19.353279+00:00,baseline_v1
FT-T007674,Yes,0.5149,2026-09-21T16:42:19.353279+00:00,baseline_v1
FT-T007675,No,0.3272,2026-09-21T16:42:19.353279+00:00,baseline_v1
FT-T007676,Yes,0.8233,2026-09-21T16:42:19.353279+00:00,baseline_v1
FT-T007677,No,0.3856,2026-09-21T16:42:19.353279+00:00,baseline_v1
FT-T007678,Yes,0.6094,2026-09-21T16:42:19.353279+00:00,baseline_v1
FT-T007679,Yes,0.5616,2026-09-21T16:42:19.353279+00:00,baseline_v1
FT-T007680,No,0.3872,2026-09-21T16:42:19.353279+00:00,baseline_v1
FT-T007681,No,0.3374,2026-09-21T16:42:19.353279+00:00,baseline_v1
FT-T007682,No,0.4945,2026-09-21T16:42:19.353279+00:00,baseline_v1
FT-T007683,No,0.4717,2026-09-21T16:42:19.353279+00:00,baseline_v1
FT-T007684,Yes,0.5152,2026-09-21T16:42:19.353279+00:00,baseline_v1
FT-T007685,No,0.3068,2026-09-21T16:42:19.353279+00:00,baseline_v1
FT-T007686,Yes,0.5388,2026-09-21T16:42:19.353279+00:00,baseline_v1
FT-T007687,No,0.3025,2026-09-21T16:42:19.353279+00:00,baseline_v1
FT-T007688,Yes,0.511,2026-09-21T16:42:19.353279+00:00,baseline_v1
FT-T007689,Yes,0.5444,2026-09-21T16:42:19.353279+00:00,baseline_v1
FT-T007690,Yes,0.5722,2026-09-21T16:42:19.353279+00:00,baseline_v1
FT-T007691,Yes,0.529,2026-09-21T16:42:19.353279+00:00,baseline_v1
FT-T007692,Yes,0.544,2026-09-21T16:42:19.353279+00:00,baseline_v1
FT-T007693,No,0.3002,2026-09-21T16:42:19.353279+00:00,baseline_v1
FT-T007694,No,0.3622,2026-09-21T16:42:19.353279+00:00,baseline_v1
FT-T007695,No,0.3969,2026-09-21T16:42:19.353279+00:00,baseline_v1
FT-T007696,Yes,0.757,2026-09-21T16:42:19.353279+00:00,baseline_v1
FT-T007697,No,0.4988,2026-09-21T16:42:19.353279+00:00,baseline_v1
FT-T007698,No,0.3693,2026-09-21T16:42:19.353279+00:00,baseline_v1
FT-T007699,Yes,0.5311,2026-09-21T16:42:19.353279+00:00,baseline_v1
FT-T007700,No,0.3938,2026-09-21T16:42:19.353279+00:00,baseline_v1
FT-T007701,No,0.4609,2026-09-21T16:42:19.353279+00:00,baseline_v1
FT-T007702,No,0.3467,2026-09-21T16:42:19.353279+00:00,baseline_v1
FT-T007703,No,0.302,2026-09-21T16:42:19.353279+00:00,baseline_v1
FT-T007704,No,0.3457,2026-09-21T16:42:19.353279+00:00,baseline_v1
FT-T007705,No,0.2515,2026-09-21T16:42:19.353279+00:00,baseline_v1
FT-T007706,No,0.3195,2026-09-21T16:42:19.353279+00:00,baseline_v1
FT-T007707,Yes,0.6298,2026-09-21T16:42:19.353279+00:00,baseline_v1
FT-T007708,No,0.1937,2026-09-21T16:42:19.353279+00:00,baseline_v1
FT-T007709,No,0.2816,2026-09-21T16:42:19.353279+00:00,baseline_v1
FT-T007710,No,0.379,2026-09-21T16:42:19.353279+00:00,baseline_v1
FT-T007711,No,0.2561,2026-09-21T16:42:19.353279+00:00,baseline_v1
FT-T007712,No,0.4175,2026-09-21T16:42:19.353279+00:00,baseline_v1
FT-T007713,No,0.3168,2026-09-21T16:42:19.353279+00:00,baseline_v1
FT-T007714,No,0.3475,2026-09-21T16:42:19.353279+00:00,baseline_v1
FT-T007715,No,0.2587,2026-09-21T16:42:19.353279+00:00,baseline_v1
FT-T007716,Yes,0.6009,2026-09-21T16:42:19.353279+00:00,baseline_v1
FT-T007717,No,0.2454,2026-09-21T16:42:19.353279+00:00,baseline_v1
FT-T007718,No,0.467,2026-09-21T16:42:19.353279+00:00,baseline_v1
FT-T007719,No,0.2623,2026-09-21T16:42:19.353279+00:00,baseline_v1
FT-T007720,No,0.302,2026-09-21T16:42:19.353279+00:00,baseline_v1
FT-T007721,No,0.4143,2026-09-21T16:42:19.353279+00:00,baseline_v1
FT-T007722,No,0.2139,2026-09-21T16:42:19.353279+00:00,baseline_v1
FT-T007723,No,0.4691,2026-09-21T16:42:19.353279+00:00,baseline_v1
FT-T007724,No,0.4241,2026-09-21T16:42:19.353279+00:00,baseline_v1
FT-T007725,No,0.2196,2026-09-21T16:42:19.353279+00:00,baseline_v1
FT-T007726,No,0.2016,2026-09-21T16:42:19.353279+00:00,baseline_v1
FT-T007727,No,0.4595,2026-09-21T16:42:19.353279+00:00,baseline_v1
FT-T007728,No,0.401,2026-09-21T16:42:19.353279+00:00,baseline_v1
FT-T007729,Yes,0.5164,2026-09-21T16:42:19.353279+00:00,baseline_v1
FT-T007730,No,0.2293,2026-09-21T16:42:19.353279+00:00,baseline_v1
FT-T007731,No,0.4232,2026-09-21T16:42:19.353279+00:00,baseline_v1
FT-T007732,No,0.3078,2026-09-21T16:42:19.353279+00:00,baseline_v1
FT-T007733,No,0.184,2026-09-21T16:42:19.353279+00:00,baseline_v1
FT-T007734,Yes,0.5582,2026-09-21T16:42:19.353279+00:00,baseline_v1
FT-T007735,Yes,0.5602,2026-09-21T16:42:19.353279+00:00,baseline_v1
FT-T007736,No,0.4775,2026-09-21T16:42:19.353279+00:00,baseline_v1
FT-T007737,Yes,0.658,2026-09-21T16:42:19.353279+00:00,baseline_v1
FT-T007738,Yes,0.7293,2026-09-21T16:42:19.353279+00:00,baseline_v1
FT-T007739,Yes,0.7323,2026-09-21T16:42:19.353279+00:00,baseline_v1
FT-T007740,Yes,0.5016,2026-09-21T16:42:19.353279+00:00,baseline_v1
FT-T007741,Yes,0.5336,2026-09-21T16:42:19.353279+00:00,baseline_v1
FT-T007742,No,0.3949,2026-09-21T16:42:19.353279+00:00,baseline_v1
FT-T007743,Yes,0.5151,2026-09-21T16:42:19.353279+00:00,baseline_v1
FT-T007744,Yes,0.665,2026-09-21T16:42:19.353279+00:00,baseline_v1
FT-T007745,No,0.4087,2026-09-21T16:42:19.353279+00:00,baseline_v1
FT-T007746,No,0.4575,2026-09-21T16:42:19.353279+00:00,baseline_v1
FT-T007747,Yes,0.5298,2026-09-21T16:42:19.353279+00:00,baseline_v1
FT-T007748,Yes,0.6753,2026-09-21T16:42:19.353279+00:00,baseline_v1
FT-T007749,No,0.4976,2026-09-21T16:42:19.353279+00:00,baseline_v1
FT-T007750,No,0.4622,2026-09-21T16:42:19.353279+00:00,baseline_v1
FT-T007751,Yes,0.6999,2026-09-21T16:42:19.353279+00:00,baseline_v1
FT-T007752,No,0.4022,2026-09-21T16:42:19.353279+00:00,baseline_v1
FT-T007753,Yes,0.6975,2026-09-21T16:42:19.353279+00:00,baseline_v1
FT-T007754,Yes,0.5064,2026-09-21T16:42:19.353279+00:00,baseline_v1
FT-T007755,No,0.4108,2026-09-21T16:42:19.353279+00:00,baseline_v1
FT-T007756,Yes,0.6442,2026-09-21T16:42:19.353279+00:00,baseline_v1
FT-T007757,Yes,0.6764,2026-09-21T16:42:19.353279+00:00,baseline_v1
FT-T007758,Yes,0.7383,2026-09-21T16:42:19.353279+00:00,baseline_v1
FT-T007759,No,0.3636,2026-09-21T16:42:19.353279+00:00,baseline_v1
FT-T007760,Yes,0.5807,2026-09-21T16:42:19.353279+00:00,baseline_v1
FT-T007761,No,0.4054,2026-09-21T16:42:19.353279+00:00,baseline_v1
FT-T007762,Yes,0.6049,2026-09-21T16:42:19.353279+00:00,baseline_v1
FT-T007763,No,0.4423,2026-09-21T16:42:19.353279+00:00,baseline_v1
FT-T007764,Yes,0.5792,2026-09-21T16:42:19.353279+00:00,baseline_v1
FT-T007765,No,0.4107,2026-09-21T16:42:19.353279+00:00,baseline_v1
FT-T007766,Yes,0.5598,2026-09-21T16:42:19.353279+00:00,baseline_v1
FT-T007767,Yes,0.7304,2026-09-21T16:42:19.353279+00:00,baseline_v1
FT-T007768,No,0.4557,2026-09-21T16:42:19.353279+00:00,baseline_v1
FT-T007769,No,0.3898,2026-09-21T16:42:19.353279+00:00,baseline_v1
FT-T007770,No,0.3922,2026-09-21T16:42:19.353279+00:00,baseline_v1
FT-T007771,No,0.3697,2026-09-21T16:42:19.353279+00:00,baseline_v1
FT-T007772,No,0.3685,2026-09-21T16:42:19.353279+00:00,baseline_v1
FT-T007773,Yes,0.5589,2026-09-21T16:42:19.353279+00:00,baseline_v1
FT-T007774,Yes,0.6956,2026-09-21T16:42:19.353279+00:00,baseline_v1
FT-T007775,Yes,0.6447,2026-09-21T16:42:19.353279+00:00,baseline_v1
FT-T007776,No,0.3329,2026-09-21T16:42:19.353279+00:00,baseline_v1
FT-T007777,Yes,0.5941,2026-09-21T16:42:19.353279+00:00,baseline_v1
FT-T007778,No,0.362,2026-09-21T16:42:19.353279+00:00,baseline_v1
FT-T007779,Yes,0.5791,2026-09-21T16:42:19.353279+00:00,baseline_v1
FT-T007780,Yes,0.5143,2026-09-21T16:42:19.353279+00:00,baseline_v1
FT-T007781,No,0.4899,2026-09-21T16:42:19.353279+00:00,baseline_v1
FT-T007782,No,0.3723,2026-09-21T16:42:19.353279+00:00,baseline_v1
FT-T007783,Yes,0.5633,2026-09-21T16:42:19.353279+00:00,baseline_v1
FT-T007784,No,0.3568,2026-09-21T16:42:19.353279+00:00,baseline_v1
FT-T007785,No,0.378,2026-09-21T16:42:19.353279+00:00,baseline_v1
FT-T007786,Yes,0.577,2026-09-21T16:42:19.353279+00:00,baseline_v1
FT-T007787,No,0.3444,2026-09-21T16:42:19.353279+00:00,baseline_v1
FT-T007788,Yes,0.6161,2026-09-21T16:42:19.353279+00:00,baseline_v1
FT-T007789,No,0.4015,2026-09-21T16:42:19.353279+00:00,baseline_v1
FT-T007790,No,0.3545,2026-09-21T16:42:19.353279+00:00,baseline_v1
FT-T007791,No,0.4379,2026-09-21T16:42:19.353279+00:00,baseline_v1
FT-T007792,Yes,0.6182,2026-09-21T16:42:19.353279+00:00,baseline_v1
FT-T007793,No,0.3675,2026-09-21T16:42:19.353279+00:00,baseline_v1
FT-T007794,No,0.3893,2026-09-21T16:42:19.353279+00:00,baseline_v1
FT-T007795,Yes,0.5471,2026-09-21T16:42:19.353279+00:00,baseline_v1
FT-T007796,Yes,0.6826,2026-09-21T16:42:19.353279+00:00,baseline_v1
FT-T007797,No,0.3907,2026-09-21T16:42:19.353279+00:00,baseline_v1
FT-T007798,No,0.2989,2026-09-21T16:42:19.353279+00:00,baseline_v1
FT-T007799,Yes,0.8218,2026-09-21T16:42:19.353279+00:00,baseline_v1
FT-T007800,No,0.4189,2026-09-21T16:42:19.353279+00:00,baseline_v1
FT-T007801,Yes,0.5332,2026-09-21T16:42:19.353279+00:00,baseline_v1
FT-T007802,Yes,0.5552,2026-09-21T16:42:19.353279+00:00,baseline_v1
FT-T007803,Yes,0.5972,2026-09-21T16:42:19.353279+00:00,baseline_v1
FT-T007804,No,0.3898,2026-09-21T16:42:19.353279+00:00,baseline_v1
FT-T007805,Yes,0.5639,2026-09-21T16:42:19.353279+00:00,baseline_v1
FT-T007806,No,0.4398,2026-09-21T16:42:19.353279+00:00,baseline_v1
FT-T007807,Yes,0.5717,2026-09-21T16:42:19.353279+00:00,baseline_v1
FT-T007808,Yes,0.5129,2026-09-21T16:42:19.353279+00:00,baseline_v1
FT-T007809,No,0.2611,2026-09-21T16:42:19.353279+00:00,baseline_v1
FT-T007810,No,0.4936,2026-09-21T16:42:19.353279+00:00,baseline_v1
FT-T007811,Yes,0.5169,2026-09-21T16:42:19.353279+00:00,baseline_v1
FT-T007812,Yes,0.83,2026-09-21T16:42:19.353279+00:00,baseline_v1
FT-T007813,No,0.4678,2026-09-21T16:42:19.353279+00:00,baseline_v1
FT-T007814,No,0.2959,2026-09-21T16:42:19.353279+00:00,baseline_v1
FT-T007815,Yes,0.5188,2026-09-21T16:42:19.353279+00:00,baseline_v1
FT-T007816,No,0.2173,2026-09-21T16:42:19.353279+00:00,baseline_v1
FT-T007817,No,0.454,2026-09-21T16:42:19.353279+00:00,baseline_v1
FT-T007818,No,0.3028,2026-09-21T16:42:19.353279+00:00,baseline_v1
FT-T007819,No,0.2795,2026-09-21T16:42:19.353279+00:00,baseline_v1
FT-T007820,No,0.3635,2026-09-21T16:42:19.353279+00:00,baseline_v1
FT-T007821,Yes,0.5486,2026-09-21T16:42:19.353279+00:00,baseline_v1
FT-T007822,No,0.2988,2026-09-21T16:42:19.353279+00:00,baseline_v1
FT-T007823,Yes,0.5027,2026-09-21T16:42:19.353279+00:00,baseline_v1
FT-T007824,Yes,0.812,2026-09-21T16:42:19.353279+00:00,baseline_v1
FT-T007825,Yes,0.5239,2026-09-21T16:42:19.353279+00:00,baseline_v1
FT-T007826,No,0.3088,2026-09-21T16:42:19.353279+00:00,baseline_v1
FT-T007827,Yes,0.7556,2026-09-21T16:42:19.353279+00:00,baseline_v1
FT-T007828,Yes,0.5525,2026-09-21T16:42:19.353279+00:00,baseline_v1
FT-T007829,No,0.3813,2026-09-21T16:42:19.353279+00:00,baseline_v1
FT-T007830,Yes,0.7351,2026-09-21T16:42:19.353279+00:00,baseline_v1
FT-T007831,No,0.2458,2026-09-21T16:42:19.353279+00:00,baseline_v1
FT-T007832,No,0.3219,2026-09-21T16:42:19.353279+00:00,baseline_v1
FT-T007833,Yes,0.5042,2026-09-21T16:42:19.353279+00:00,baseline_v1
FT-T007834,No,0.3868,2026-09-21T16:42:19.353279+00:00,baseline_v1
FT-T007835,Yes,0.5282,2026-09-21T16:42:19.353279+00:00,baseline_v1
FT-T007836,Yes,0.7204,2026-09-21T16:42:19.353279+00:00,baseline_v1
FT-T007837,Yes,0.6136,2026-09-21T16:42:19.353279+00:00,baseline_v1
FT-T007838,No,0.4565,2026-09-21T16:42:19.353279+00:00,baseline_v1
FT-T007839,Yes,0.5539,2026-09-21T16:42:19.353279+00:00,baseline_v1
FT-T007840,Yes,0.5773,2026-09-21T16:42:19.353279+00:00,baseline_v1
FT-T007841,No,0.2812,2026-09-21T16:42:19.353279+00:00,baseline_v1
FT-T007842,No,0.2972,2026-09-21T16:42:19.353279+00:00,baseline_v1
FT-T007843,No,0.312,2026-09-21T16:42:19.353279+00:00,baseline_v1
FT-T007844,Yes,0.5287,2026-09-21T16:42:19.353279+00:00,baseline_v1
FT-T007845,No,0.3886,2026-09-21T16:42:19.353279+00:00,baseline_v1
FT-T007846,No,0.3755,2026-09-21T16:42:19.353279+00:00,baseline_v1
FT-T007847,No,0.4385,2026-09-21T16:42:19.353279+00:00,baseline_v1
FT-T007848,No,0.2916,2026-09-21T16:42:19.353279+00:00,baseline_v1
FT-T007849,No,0.2491,2026-09-21T16:42:19.353279+00:00,baseline_v1
FT-T007850,No,0.2657,2026-09-21T16:42:19.353279+00:00,baseline_v1
FT-T007851,No,0.4312,2026-09-21T16:42:19.353279+00:00,baseline_v1
FT-T007852,No,0.2662,2026-09-21T16:42:19.353279+00:00,baseline_v1
FT-T007853,No,0.249,2026-09-21T16:42:19.353279+00:00,baseline_v1
FT-T007854,No,0.428,2026-09-21T16:42:19.353279+00:00,baseline_v1
FT-T007855,No,0.254,2026-09-21T16:42:19.353279+00:00,baseline_v1
FT-T007856,No,0.3455,2026-09-21T16:42:19.353279+00:00,baseline_v1
FT-T007857,No,0.4222,2026-09-21T16:42:19.353279+00:00,baseline_v1
FT-T007858,Yes,0.5613,2026-09-21T16:42:19.353279+00:00,baseline_v1
FT-T007859,No,0.2956,2026-09-21T16:42:19.353279+00:00,baseline_v1
FT-T007860,No,0.1859,2026-09-21T16:42:19.353279+00:00,baseline_v1
FT-T007861,No,0.4416,2026-09-21T16:42:19.353279+00:00,baseline_v1
FT-T007862,No,0.2079,2026-09-21T16:42:19.353279+00:00,baseline_v1
FT-T007863,No,0.3076,2026-09-21T16:42:19.353279+00:00,baseline_v1
FT-T007864,No,0.4744,2026-09-21T16:42:19.353279+00:00,baseline_v1
FT-T007865,Yes,0.5489,2026-09-21T16:42:19.353279+00:00,baseline_v1
FT-T007866,No,0.2248,2026-09-21T16:42:19.353279+00:00,baseline_v1
FT-T007867,Yes,0.5224,2026-09-21T16:42:19.353279+00:00,baseline_v1
FT-T007868,Yes,0.7571,2026-09-21T16:42:19.353279+00:00,baseline_v1
FT-T007869,No,0.4031,2026-09-21T16:42:19.353279+00:00,baseline_v1
FT-T007870,No,0.4785,2026-09-21T16:42:19.353279+00:00,baseline_v1
FT-T007871,Yes,0.6139,2026-09-21T16:42:19.353279+00:00,baseline_v1
FT-T007872,Yes,0.7328,2026-09-21T16:42:19.353279+00:00,baseline_v1
FT-T007873,Yes,0.6566,2026-09-21T16:42:19.353279+00:00,baseline_v1
FT-T007874,Yes,0.56,2026-09-21T16:42:19.353279+00:00,baseline_v1
FT-T007875,Yes,0.5012,2026-09-21T16:42:19.353279+00:00,baseline_v1
FT-T007876,Yes,0.6434,2026-09-21T16:42:19.353279+00:00,baseline_v1
FT-T007877,Yes,0.7038,2026-09-21T16:42:19.353279+00:00,baseline_v1
FT-T007878,Yes,0.5004,2026-09-21T16:42:19.353279+00:00,baseline_v1
FT-T007879,Yes,0.6848,2026-09-21T16:42:19.353279+00:00,baseline_v1
FT-T007880,No,0.4721,2026-09-21T16:42:19.353279+00:00,baseline_v1
FT-T007881,No,0.4197,2026-09-21T16:42:19.353279+00:00,baseline_v1
FT-T007882,Yes,0.6838,2026-09-21T16:42:19.353279+00:00,baseline_v1
FT-T007883,Yes,0.511,2026-09-21T16:42:19.353279+00:00,baseline_v1
FT-T007884,Yes,0.7579,2026-09-21T16:42:19.353279+00:00,baseline_v1
FT-T007885,No,0.4301,2026-09-21T16:42:19.353279+00:00,baseline_v1
FT-T007886,No,0.4826,2026-09-21T16:42:19.353279+00:00,baseline_v1
FT-T007887,No,0.4558,2026-09-21T16:42:19.353279+00:00,baseline_v1
FT-T007888,Yes,0.6045,2026-09-21T16:42:19.353279+00:00,baseline_v1
FT-T007889,No,0.3957,2026-09-21T16:42:19.353279+00:00,baseline_v1
FT-T007890,Yes,0.5863,2026-09-21T16:42:19.353279+00:00,baseline_v1
FT-T007891,Yes,0.6402,2026-09-21T16:42:19.353279+00:00,baseline_v1
FT-T007892,Yes,0.7192,2026-09-21T16:42:19.353279+00:00,baseline_v1
FT-T007893,Yes,0.6568,2026-09-21T16:42:19.353279+00:00,baseline_v1
FT-T007894,Yes,0.6186,2026-09-21T16:42:19.353279+00:00,baseline_v1
FT-T007895,Yes,0.8254,2026-09-21T16:42:19.353279+00:00,baseline_v1
FT-T007896,Yes,0.5641,2026-09-21T16:42:19.353279+00:00,baseline_v1
FT-T007897,Yes,0.6524,2026-09-21T16:42:19.353279+00:00,baseline_v1
FT-T007898,No,0.3867,2026-09-21T16:42:19.353279+00:00,baseline_v1
FT-T007899,No,0.4021,2026-09-21T16:42:19.353279+00:00,baseline_v1
FT-T007900,No,0.3745,2026-09-21T16:42:19.353279+00:00,baseline_v1
FT-T007901,Yes,0.7594,2026-09-21T16:42:19.353279+00:00,baseline_v1
FT-T007902,No,0.3923,2026-09-21T16:42:19.353279+00:00,baseline_v1
FT-T007903,No,0.3396,2026-09-21T16:42:19.353279+00:00,baseline_v1
FT-T007904,No,0.3076,2026-09-21T16:42:19.353279+00:00,baseline_v1
FT-T007905,No,0.4149,2026-09-21T16:42:19.353279+00:00,baseline_v1
FT-T007906,Yes,0.6775,2026-09-21T16:42:19.353279+00:00,baseline_v1
FT-T007907,No,0.3678,2026-09-21T16:42:19.353279+00:00,baseline_v1
FT-T007908,No,0.427,2026-09-21T16:42:19.353279+00:00,baseline_v1
FT-T007909,No,0.4261,2026-09-21T16:42:19.353279+00:00,baseline_v1
FT-T007910,Yes,0.5699,2026-09-21T16:42:19.353279+00:00,baseline_v1
FT-T007911,No,0.3876,2026-09-21T16:42:19.353279+00:00,baseline_v1
FT-T007912,No,0.3663,2026-09-21T16:42:19.353279+00:00,baseline_v1
FT-T007913,No,0.4434,2026-09-21T16:42:19.353279+00:00,baseline_v1
FT-T007914,Yes,0.5963,2026-09-21T16:42:19.353279+00:00,baseline_v1
FT-T007915,No,0.3639,2026-09-21T16:42:19.353279+00:00,baseline_v1
FT-T007916,No,0.4333,2026-09-21T16:42:19.353279+00:00,baseline_v1
FT-T007917,Yes,0.8836,2026-09-21T16:42:19.353279+00:00,baseline_v1
FT-T007918,No,0.379,2026-09-21T16:42:19.353279+00:00,baseline_v1
FT-T007919,No,0.3414,2026-09-21T16:42:19.353279+00:00,baseline_v1
FT-T007920,Yes,0.7593,2026-09-21T16:42:19.353279+00:00,baseline_v1
FT-T007921,No,0.3823,2026-09-21T16:42:19.353279+00:00,baseline_v1
FT-T007922,Yes,0.6552,2026-09-21T16:42:19.353279+00:00,baseline_v1
FT-T007923,Yes,0.7358,2026-09-21T16:42:19.353279+00:00,baseline_v1
FT-T007924,No,0.351,2026-09-21T16:42:19.353279+00:00,baseline_v1
FT-T007925,No,0.4096,2026-09-21T16:42:19.353279+00:00,baseline_v1
FT-T007926,Yes,0.5781,2026-09-21T16:42:19.353279+00:00,baseline_v1
FT-T007927,No,0.3134,2026-09-21T16:42:19.353279+00:00,baseline_v1
FT-T007928,No,0.3409,2026-09-21T16:42:19.353279+00:00,baseline_v1
FT-T007929,Yes,0.8162,2026-09-21T16:42:19.353279+00:00,baseline_v1
FT-T007930,No,0.42,2026-09-21T16:42:19.353279+00:00,baseline_v1
FT-T007931,Yes,0.838,2026-09-21T16:42:19.353279+00:00,baseline_v1
FT-T007932,No,0.3302,2026-09-21T16:42:19.353279+00:00,baseline_v1
FT-T007933,Yes,0.6012,2026-09-21T16:42:19.353279+00:00,baseline_v1
FT-T007934,Yes,0.5567,2026-09-21T16:42:19.353279+00:00,baseline_v1
FT-T007935,Yes,0.5536,2026-09-21T16:42:19.353279+00:00,baseline_v1
FT-T007936,No,0.4551,2026-09-21T16:42:19.353279+00:00,baseline_v1
FT-T007937,Yes,0.5195,2026-09-21T16:42:19.353279+00:00,baseline_v1
FT-T007938,No,0.4037,2026-09-21T16:42:19.353279+00:00,baseline_v1
FT-T007939,Yes,0.654,2026-09-21T16:42:19.353279+00:00,baseline_v1
FT-T007940,Yes,0.7065,2026-09-21T16:42:19.353279+00:00,baseline_v1
FT-T007941,Yes,0.7821,2026-09-21T16:42:19.353279+00:00,baseline_v1
FT-T007942,No,0.3746,2026-09-21T16:42:19.353279+00:00,baseline_v1
FT-T007943,Yes,0.5533,2026-09-21T16:42:19.353279+00:00,baseline_v1
FT-T007944,No,0.4122,2026-09-21T16:42:19.353279+00:00,baseline_v1
FT-T007945,Yes,0.5223,2026-09-21T16:42:19.353279+00:00,baseline_v1
FT-T007946,Yes,0.5666,2026-09-21T16:42:19.353279+00:00,baseline_v1
FT-T007947,No,0.3253,2026-09-21T16:42:19.353279+00:00,baseline_v1
FT-T007948,No,0.2767,2026-09-21T16:42:19.353279+00:00,baseline_v1
FT-T007949,Yes,0.5004,2026-09-21T16:42:19.353279+00:00,baseline_v1
FT-T007950,No,0.3018,2026-09-21T16:42:19.353279+00:00,baseline_v1
FT-T007951,Yes,0.5325,2026-09-21T16:42:19.353279+00:00,baseline_v1
FT-T007952,Yes,0.5794,2026-09-21T16:42:19.353279+00:00,baseline_v1
FT-T007953,Yes,0.5154,2026-09-21T16:42:19.353279+00:00,baseline_v1
FT-T007954,No,0.3309,2026-09-21T16:42:19.353279+00:00,baseline_v1
FT-T007955,No,0.4879,2026-09-21T16:42:19.353279+00:00,baseline_v1
FT-T007956,Yes,0.7079,2026-09-21T16:42:19.353279+00:00,baseline_v1
FT-T007957,Yes,0.5706,2026-09-21T16:42:19.353279+00:00,baseline_v1
FT-T007958,No,0.4884,2026-09-21T16:42:19.353279+00:00,baseline_v1
FT-T007959,No,0.4319,2026-09-21T16:42:19.353279+00:00,baseline_v1
FT-T007960,No,0.2439,2026-09-21T16:42:19.353279+00:00,baseline_v1
FT-T007961,Yes,0.5322,2026-09-21T16:42:19.353279+00:00,baseline_v1
FT-T007962,No,0.3936,2026-09-21T16:42:19.353279+00:00,baseline_v1
FT-T007963,Yes,0.5937,2026-09-21T16:42:19.353279+00:00,baseline_v1
FT-T007964,No,0.4421,2026-09-21T16:42:19.353279+00:00,baseline_v1
FT-T007965,Yes,0.5414,2026-09-21T16:42:19.353279+00:00,baseline_v1
FT-T007966,No,0.4386,2026-09-21T16:42:19.353279+00:00,baseline_v1
FT-T007967,Yes,0.6068,2026-09-21T16:42:19.353279+00:00,baseline_v1
FT-T007968,Yes,0.7272,2026-09-21T16:42:19.353279+00:00,baseline_v1
FT-T007969,No,0.408,2026-09-21T16:42:19.353279+00:00,baseline_v1
FT-T007970,No,0.2592,2026-09-21T16:42:19.353279+00:00,baseline_v1
FT-T007971,No,0.2268,2026-09-21T16:42:19.353279+00:00,baseline_v1
FT-T007972,Yes,0.5967,2026-09-21T16:42:19.353279+00:00,baseline_v1
FT-T007973,No,0.2666,2026-09-21T16:42:19.353279+00:00,baseline_v1
FT-T007974,No,0.3156,2026-09-21T16:42:19.353279+00:00,baseline_v1
FT-T007975,No,0.2395,2026-09-21T16:42:19.353279+00:00,baseline_v1
FT-T007976,No,0.35,2026-09-21T16:42:19.353279+00:00,baseline_v1
FT-T007977,No,0.4896,2026-09-21T16:42:19.353279+00:00,baseline_v1
FT-T007978,No,0.4802,2026-09-21T16:42:19.353279+00:00,baseline_v1
FT-T007979,No,0.4498,2026-09-21T16:42:19.353279+00:00,baseline_v1
FT-T007980,Yes,0.6087,2026-09-21T16:42:19.353279+00:00,baseline_v1
FT-T007981,No,0.2691,2026-09-21T16:42:19.353279+00:00,baseline_v1
FT-T007982,No,0.4531,2026-09-21T16:42:19.353279+00:00,baseline_v1
FT-T007983,No,0.3186,2026-09-21T16:42:19.353279+00:00,baseline_v1
FT-T007984,No,0.468,2026-09-21T16:42:19.353279+00:00,baseline_v1
FT-T007985,No,0.2781,2026-09-21T16:42:19.353279+00:00,baseline_v1
FT-T007986,No,0.397,2026-09-21T16:42:19.353279+00:00,baseline_v1
FT-T007987,No,0.308,2026-09-21T16:42:19.353279+00:00,baseline_v1
FT-T007988,No,0.4481,2026-09-21T16:42:19.353279+00:00,baseline_v1
FT-T007989,No,0.2679,2026-09-21T16:42:19.353279+00:00,baseline_v1
FT-T007990,Yes,0.5815,2026-09-21T16:42:19.353279+00:00,baseline_v1
FT-T007991,No,0.3343,2026-09-21T16:42:19.353279+00:00,baseline_v1
FT-T007992,No,0.3312,2026-09-21T16:42:19.353279+00:00,baseline_v1
FT-T007993,No,0.2491,2026-09-21T16:42:19.353279+00:00,baseline_v1
FT-T007994,No,0.4806,2026-09-21T16:42:19.353279+00:00,baseline_v1
FT-T007995,Yes,0.5033,2026-09-21T16:42:19.353279+00:00,baseline_v1
FT-T007996,Yes,0.5027,2026-09-21T16:42:19.353279+00:00,baseline_v1
FT-T007997,No,0.2189,2026-09-21T16:42:19.353279+00:00,baseline_v1
FT-T007998,No,0.2434,2026-09-21T16:42:19.353279+00:00,baseline_v1
FT-T007999,No,0.4506,2026-09-21T16:42:19.353279+00:00,baseline_v1
FT-T008000,No,0.4529,2026-09-21T16:42:19.353279+00:00,baseline_v1
FT-T008001,Yes,0.6238,2026-09-21T16:42:19.353279+00:00,baseline_v1
FT-T008002,Yes,0.6067,2026-09-21T16:42:19.353279+00:00,baseline_v1
FT-T008003,Yes,0.6933,2026-09-21T16:42:19.353279+00:00,baseline_v1
FT-T008004,Yes,0.5314,2026-09-21T16:42:19.353279+00:00,baseline_v1
FT-T008005,No,0.4269,2026-09-21T16:42:19.353279+00:00,baseline_v1
FT-T008006,Yes,0.5173,2026-09-21T16:42:19.353279+00:00,baseline_v1
FT-T008007,Yes,0.6201,2026-09-21T16:42:19.353279+00:00,baseline_v1
FT-T008008,Yes,0.7034,2026-09-21T16:42:19.353279+00:00,baseline_v1
FT-T008009,No,0.4423,2026-09-21T16:42:19.353279+00:00,baseline_v1
FT-T008010,Yes,0.6896,2026-09-21T16:42:19.353279+00:00,baseline_v1
FT-T008011,Yes,0.7582,2026-09-21T16:42:19.353279+00:00,baseline_v1
FT-T008012,Yes,0.6386,2026-09-21T16:42:19.353279+00:00,baseline_v1
FT-T008013,Yes,0.6422,2026-09-21T16:42:19.353279+00:00,baseline_v1
FT-T008014,Yes,0.6436,2026-09-21T16:42:19.353279+00:00,baseline_v1
FT-T008015,No,0.376,2026-09-21T16:42:19.353279+00:00,baseline_v1
FT-T008016,No,0.4592,2026-09-21T16:42:19.353279+00:00,baseline_v1
FT-T008017,No,0.4003,2026-09-21T16:42:19.353279+00:00,baseline_v1
FT-T008018,Yes,0.7782,2026-09-21T16:42:19.353279+00:00,baseline_v1
FT-T008019,No,0.3768,2026-09-21T16:42:19.353279+00:00,baseline_v1
FT-T008020,Yes,0.5677,2026-09-21T16:42:19.353279+00:00,baseline_v1
FT-T008021,Yes,0.6071,2026-09-21T16:42:19.353279+00:00,baseline_v1
FT-T008022,Yes,0.5539,2026-09-21T16:42:19.353279+00:00,baseline_v1
FT-T008023,No,0.4167,2026-09-21T16:42:19.353279+00:00,baseline_v1
FT-T008024,No,0.4078,2026-09-21T16:42:19.353279+00:00,baseline_v1
FT-T008025,No,0.4064,2026-09-21T16:42:19.353279+00:00,baseline_v1
FT-T008026,Yes,0.5467,2026-09-21T16:42:19.353279+00:00,baseline_v1
FT-T008027,No,0.3402,2026-09-21T16:42:19.353279+00:00,baseline_v1
FT-T008028,Yes,0.7893,2026-09-21T16:42:19.353279+00:00,baseline_v1
FT-T008029,No,0.4382,2026-09-21T16:42:19.353279+00:00,baseline_v1
FT-T008030,No,0.4164,2026-09-21T16:42:19.353279+00:00,baseline_v1
FT-T008031,Yes,0.653,2026-09-21T16:42:19.353279+00:00,baseline_v1
FT-T008032,No,0.4996,2026-09-21T16:42:19.353279+00:00,baseline_v1
FT-T008033,No,0.3475,2026-09-21T16:42:19.353279+00:00,baseline_v1
FT-T008034,Yes,0.6152,2026-09-21T16:42:19.353279+00:00,baseline_v1
FT-T008035,No,0.402,2026-09-21T16:42:19.353279+00:00,baseline_v1
FT-T008036,No,0.3977,2026-09-21T16:42:19.353279+00:00,baseline_v1
FT-T008037,Yes,0.5338,2026-09-21T16:42:19.353279+00:00,baseline_v1
FT-T008038,No,0.4135,2026-09-21T16:42:19.353279+00:00,baseline_v1
FT-T008039,Yes,0.5864,2026-09-21T16:42:19.353279+00:00,baseline_v1
FT-T008040,No,0.3139,2026-09-21T16:42:19.353279+00:00,baseline_v1
FT-T008041,No,0.3778,2026-09-21T16:42:19.353279+00:00,baseline_v1
FT-T008042,Yes,0.5155,2026-09-21T16:42:19.353279+00:00,baseline_v1
FT-T008043,No,0.3954,2026-09-21T16:42:19.353279+00:00,baseline_v1
FT-T008044,No,0.3239,2026-09-21T16:42:19.353279+00:00,baseline_v1
FT-T008045,No,0.2776,2026-09-21T16:42:19.353279+00:00,baseline_v1
FT-T008046,Yes,0.8873,2026-09-21T16:42:19.353279+00:00,baseline_v1
FT-T008047,Yes,0.6373,2026-09-21T16:42:19.353279+00:00,baseline_v1
FT-T008048,No,0.3874,2026-09-21T16:42:19.353279+00:00,baseline_v1
FT-T008049,No,0.4987,2026-09-21T16:42:19.353279+00:00,baseline_v1
FT-T008050,No,0.3842,2026-09-21T16:42:19.353279+00:00,baseline_v1
FT-T008051,No,0.3597,2026-09-21T16:42:19.353279+00:00,baseline_v1
FT-T008052,No,0.3955,2026-09-21T16:42:19.353279+00:00,baseline_v1
FT-T008053,No,0.2944,2026-09-21T16:42:19.353279+00:00,baseline_v1
FT-T008054,No,0.2915,2026-09-21T16:42:19.353279+00:00,baseline_v1
FT-T008055,No,0.3203,2026-09-21T16:42:19.353279+00:00,baseline_v1
FT-T008056,No,0.4297,2026-09-21T16:42:19.353279+00:00,baseline_v1
FT-T008057,Yes,0.8008,2026-09-21T16:42:19.353279+00:00,baseline_v1
FT-T008058,No,0.2962,2026-09-21T16:42:19.353279+00:00,baseline_v1
FT-T008059,Yes,0.5802,2026-09-21T16:42:19.353279+00:00,baseline_v1
FT-T008060,Yes,0.8825,2026-09-21T16:42:19.353279+00:00,baseline_v1
FT-T008061,Yes,0.5803,2026-09-21T16:42:19.353279+00:00,baseline_v1
FT-T008062,No,0.3105,2026-09-21T16:42:19.353279+00:00,baseline_v1
FT-T008063,No,0.3607,2026-09-21T16:42:19.353279+00:00,baseline_v1
FT-T008064,No,0.4001,2026-09-21T16:42:19.353279+00:00,baseline_v1
FT-T008065,Yes,0.5687,2026-09-21T16:42:19.353279+00:00,baseline_v1
FT-T008066,Yes,0.626,2026-09-21T16:42:19.353279+00:00,baseline_v1
FT-T008067,Yes,0.5524,2026-09-21T16:42:19.353279+00:00,baseline_v1
FT-T008068,No,0.4741,2026-09-21T16:42:19.353279+00:00,baseline_v1
FT-T008069,No,0.3159,2026-09-21T16:42:19.353279+00:00,baseline_v1
FT-T008070,No,0.3804,2026-09-21T16:42:19.353279+00:00,baseline_v1
FT-T008071,No,0.2776,2026-09-21T16:42:19.353279+00:00,baseline_v1
FT-T008072,Yes,0.6392,2026-09-21T16:42:19.353279+00:00,baseline_v1
FT-T008073,Yes,0.6031,2026-09-21T16:42:19.353279+00:00,baseline_v1
FT-T008074,No,0.348,2026-09-21T16:42:19.353279+00:00,baseline_v1
FT-T008075,No,0.338,2026-09-21T16:42:19.353279+00:00,baseline_v1
FT-T008076,Yes,0.5704,2026-09-21T16:42:19.353279+00:00,baseline_v1
FT-T008077,No,0.4579,2026-09-21T16:42:19.353279+00:00,baseline_v1
FT-T008078,No,0.3551,2026-09-21T16:42:19.353279+00:00,baseline_v1
FT-T008079,No,0.3271,2026-09-21T16:42:19.353279+00:00,baseline_v1
FT-T008080,No,0.3243,2026-09-21T16:42:19.353279+00:00,baseline_v1
FT-T008081,No,0.4074,2026-09-21T16:42:19.353279+00:00,baseline_v1
FT-T008082,Yes,0.5634,2026-09-21T16:42:19.353279+00:00,baseline_v1
FT-T008083,No,0.4997,2026-09-21T16:42:19.353279+00:00,baseline_v1
FT-T008084,No,0.3107,2026-09-21T16:42:19.353279+00:00,baseline_v1
FT-T008085,Yes,0.6897,2026-09-21T16:42:19.353279+00:00,baseline_v1
FT-T008086,Yes,0.5942,2026-09-21T16:42:19.353279+00:00,baseline_v1
FT-T008087,No,0.3259,2026-09-21T16:42:19.353279+00:00,baseline_v1
FT-T008088,Yes,0.7448,2026-09-21T16:42:19.353279+00:00,baseline_v1
FT-T008089,No,0.4644,2026-09-21T16:42:19.353279+00:00,baseline_v1
FT-T008090,Yes,0.6375,2026-09-21T16:42:19.353279+00:00,baseline_v1
FT-T008091,No,0.4022,2026-09-21T16:42:19.353279+00:00,baseline_v1
FT-T008092,No,0.4964,2026-09-21T16:42:19.353279+00:00,baseline_v1
FT-T008093,No,0.3033,2026-09-21T16:42:19.353279+00:00,baseline_v1
FT-T008094,No,0.2596,2026-09-21T16:42:19.353279+00:00,baseline_v1
FT-T008095,Yes,0.6126,2026-09-21T16:42:19.353279+00:00,baseline_v1
FT-T008096,No,0.2861,2026-09-21T16:42:19.353279+00:00,baseline_v1
FT-T008097,No,0.2981,2026-09-21T16:42:19.353279+00:00,baseline_v1
FT-T008098,No,0.4242,2026-09-21T16:42:19.353279+00:00,baseline_v1
FT-T008099,No,0.4702,2026-09-21T16:42:19.353279+00:00,baseline_v1
FT-T008100,No,0.2065,2026-09-21T16:42:19.353279+00:00,baseline_v1
FT-T008101,No,0.3266,2026-09-21T16:42:19.353279+00:00,baseline_v1
FT-T008102,Yes,0.6451,2026-09-21T16:42:19.353279+00:00,baseline_v1
FT-T008103,No,0.3173,2026-09-21T16:42:19.353279+00:00,baseline_v1
FT-T008104,Yes,0.5054,2026-09-21T16:42:19.353279+00:00,baseline_v1
FT-T008105,No,0.2701,2026-09-21T16:42:19.353279+00:00,baseline_v1
FT-T008106,No,0.2233,2026-09-21T16:42:19.353279+00:00,baseline_v1
FT-T008107,Yes,0.6866,2026-09-21T16:42:19.353279+00:00,baseline_v1
FT-T008108,No,0.4543,2026-09-21T16:42:19.353279+00:00,baseline_v1
FT-T008109,No,0.2618,2026-09-21T16:42:19.353279+00:00,baseline_v1
FT-T008110,No,0.2653,2026-09-21T16:42:19.353279+00:00,baseline_v1
FT-T008111,Yes,0.6621,2026-09-21T16:42:19.353279+00:00,baseline_v1
FT-T008112,No,0.2798,2026-09-21T16:42:19.353279+00:00,baseline_v1
FT-T008113,No,0.2806,2026-09-21T16:42:19.353279+00:00,baseline_v1
FT-T008114,Yes,0.6414,2026-09-21T16:42:19.353279+00:00,baseline_v1
FT-T008115,No,0.3282,2026-09-21T16:42:19.353279+00:00,baseline_v1
FT-T008116,No,0.2591,2026-09-21T16:42:19.353279+00:00,baseline_v1
FT-T008117,Yes,0.5157,2026-09-21T16:42:19.353279+00:00,baseline_v1
FT-T008118,No,0.4874,2026-09-21T16:42:19.353279+00:00,baseline_v1
FT-T008119,No,0.4271,2026-09-21T16:42:19.353279+00:00,baseline_v1
FT-T008120,No,0.2775,2026-09-21T16:42:19.353279+00:00,baseline_v1
FT-T008121,No,0.3045,2026-09-21T16:42:19.353279+00:00,baseline_v1
FT-T008122,No,0.2765,2026-09-21T16:42:19.353279+00:00,baseline_v1
FT-T008123,No,0.2199,2026-09-21T16:42:19.353279+00:00,baseline_v1
FT-T008124,No,0.2657,2026-09-21T16:42:19.353279+00:00,baseline_v1
FT-T008125,Yes,0.6483,2026-09-21T16:42:19.353279+00:00,baseline_v1
FT-T008126,No,0.4215,2026-09-21T16:42:19.353279+00:00,baseline_v1
FT-T008127,No,0.4817,2026-09-21T16:42:19.353279+00:00,baseline_v1
FT-T008128,No,0.4548,2026-09-21T16:42:19.353279+00:00,baseline_v1
FT-T008129,No,0.3561,2026-09-21T16:42:19.353279+00:00,baseline_v1
FT-T008130,Yes,0.6251,2026-09-21T16:42:19.353279+00:00,baseline_v1
FT-T008131,No,0.4338,2026-09-21T16:42:19.353279+00:00,baseline_v1
FT-T008132,Yes,0.678,2026-09-21T16:42:19.353279+00:00,baseline_v1
FT-T008133,No,0.3923,2026-09-21T16:42:19.353279+00:00,baseline_v1
FT-T008134,Yes,0.5443,2026-09-21T16:42:19.353279+00:00,baseline_v1
FT-T008135,Yes,0.7849,2026-09-21T16:42:19.353279+00:00,baseline_v1
FT-T008136,Yes,0.645,2026-09-21T16:42:19.353279+00:00,baseline_v1
FT-T008137,No,0.3967,2026-09-21T16:42:19.353279+00:00,baseline_v1
FT-T008138,Yes,0.66,2026-09-21T16:42:19.353279+00:00,baseline_v1
FT-T008139,Yes,0.6695,2026-09-21T16:42:19.353279+00:00,baseline_v1
FT-T008140,Yes,0.7709,2026-09-21T16:42:19.353279+00:00,baseline_v1
FT-T008141,Yes,0.6588,2026-09-21T16:42:19.353279+00:00,baseline_v1
FT-T008142,Yes,0.6461,2026-09-21T16:42:19.353279+00:00,baseline_v1
FT-T008143,No,0.3817,2026-09-21T16:42:19.353279+00:00,baseline_v1
FT-T008144,Yes,0.5057,2026-09-21T16:42:19.353279+00:00,baseline_v1
FT-T008145,No,0.3339,2026-09-21T16:42:19.353279+00:00,baseline_v1
FT-T008146,Yes,0.6594,2026-09-21T16:42:19.353279+00:00,baseline_v1
FT-T008147,No,0.4757,2026-09-21T16:42:19.353279+00:00,baseline_v1
FT-T008148,Yes,0.5299,2026-09-21T16:42:19.353279+00:00,baseline_v1
FT-T008149,Yes,0.7066,2026-09-21T16:42:19.353279+00:00,baseline_v1
FT-T008150,Yes,0.607,2026-09-21T16:42:19.353279+00:00,baseline_v1
FT-T008151,No,0.4399,2026-09-21T16:42:19.353279+00:00,baseline_v1
FT-T008152,No,0.3706,2026-09-21T16:42:19.353279+00:00,baseline_v1
FT-T008153,Yes,0.6637,2026-09-21T16:42:19.353279+00:00,baseline_v1
FT-T008154,No,0.392,2026-09-21T16:42:19.353279+00:00,baseline_v1
FT-T008155,Yes,0.6907,2026-09-21T16:42:19.353279+00:00,baseline_v1
FT-T008156,Yes,0.6622,2026-09-21T16:42:19.353279+00:00,baseline_v1
FT-T008157,No,0.3649,2026-09-21T16:42:19.353279+00:00,baseline_v1
FT-T008158,Yes,0.6713,2026-09-21T16:42:19.353279+00:00,baseline_v1
FT-T008159,Yes,0.6354,2026-09-21T16:42:19.353279+00:00,baseline_v1
FT-T008160,No,0.464,2026-09-21T16:42:19.353279+00:00,baseline_v1
FT-T008161,Yes,0.6599,2026-09-21T16:42:19.353279+00:00,baseline_v1
FT-T008162,Yes,0.9002,2026-09-21T16:42:19.353279+00:00,baseline_v1
FT-T008163,Yes,0.6318,2026-09-21T16:42:19.353279+00:00,baseline_v1
FT-T008164,No,0.3445,2026-09-21T16:42:19.353279+00:00,baseline_v1
FT-T008165,No,0.4017,2026-09-21T16:42:19.353279+00:00,baseline_v1
FT-T008166,Yes,0.8234,2026-09-21T16:42:19.353279+00:00,baseline_v1
FT-T008167,Yes,0.6166,2026-09-21T16:42:19.353279+00:00,baseline_v1
FT-T008168,Yes,0.6475,2026-09-21T16:42:19.353279+00:00,baseline_v1
FT-T008169,No,0.418,2026-09-21T16:42:19.353279+00:00,baseline_v1
FT-T008170,No,0.4486,2026-09-21T16:42:19.353279+00:00,baseline_v1
FT-T008171,Yes,0.7506,2026-09-21T16:42:19.353279+00:00,baseline_v1
FT-T008172,Yes,0.5732,2026-09-21T16:42:19.353279+00:00,baseline_v1
FT-T008173,Yes,0.6167,2026-09-21T16:42:19.353279+00:00,baseline_v1
FT-T008174,Yes,0.8326,2026-09-21T16:42:19.353279+00:00,baseline_v1
FT-T008175,No,0.461,2026-09-21T16:42:19.353279+00:00,baseline_v1
FT-T008176,Yes,0.6801,2026-09-21T16:42:19.353279+00:00,baseline_v1
FT-T008177,Yes,0.6988,2026-09-21T16:42:19.353279+00:00,baseline_v1
FT-T008178,Yes,0.5531,2026-09-21T16:42:19.353279+00:00,baseline_v1
FT-T008179,Yes,0.6355,2026-09-21T16:42:19.353279+00:00,baseline_v1
FT-T008180,No,0.4237,2026-09-21T16:42:19.353279+00:00,baseline_v1
FT-T008181,Yes,0.6024,2026-09-21T16:42:19.353279+00:00,baseline_v1
FT-T008182,Yes,0.6721,2026-09-21T16:42:19.353279+00:00,baseline_v1
FT-T008183,Yes,0.6573,2026-09-21T16:42:19.353279+00:00,baseline_v1
FT-T008184,Yes,0.6002,2026-09-21T16:42:19.353279+00:00,baseline_v1
FT-T008185,No,0.3291,2026-09-21T16:42:19.353279+00:00,baseline_v1
FT-T008186,No,0.3596,2026-09-21T16:42:19.353279+00:00,baseline_v1
FT-T008187,No,0.41,2026-09-21T16:42:19.353279+00:00,baseline_v1
FT-T008188,Yes,0.5815,2026-09-21T16:42:19.353279+00:00,baseline_v1
FT-T008189,Yes,0.6113,2026-09-21T16:42:19.353279+00:00,baseline_v1
FT-T008190,No,0.3798,2026-09-21T16:42:19.353279+00:00,baseline_v1
FT-T008191,Yes,0.553,2026-09-21T16:42:19.353279+00:00,baseline_v1
FT-T008192,Yes,0.6078,2026-09-21T16:42:19.353279+00:00,baseline_v1
FT-T008193,No,0.3796,2026-09-21T16:42:19.353279+00:00,baseline_v1
FT-T008194,No,0.481,2026-09-21T16:42:19.353279+00:00,baseline_v1
FT-T008195,No,0.3743,2026-09-21T16:42:19.353279+00:00,baseline_v1
FT-T008196,No,0.3289,2026-09-21T16:42:19.353279+00:00,baseline_v1
FT-T008197,No,0.4194,2026-09-21T16:42:19.353279+00:00,baseline_v1
FT-T008198,Yes,0.8629,2026-09-21T16:42:19.353279+00:00,baseline_v1
FT-T008199,Yes,0.7171,2026-09-21T16:42:19.353279+00:00,baseline_v1
FT-T008200,No,0.2883,2026-09-21T16:42:19.353279+00:00,baseline_v1
FT-T008201,No,0.3471,2026-09-21T16:42:19.353279+00:00,baseline_v1
FT-T008202,No,0.4137,2026-09-21T16:42:19.353279+00:00,baseline_v1
FT-T008203,Yes,0.5051,2026-09-21T16:42:19.353279+00:00,baseline_v1
FT-T008204,Yes,0.5982,2026-09-21T16:42:19.353279+00:00,baseline_v1
FT-T008205,No,0.4755,2026-09-21T16:42:19.353279+00:00,baseline_v1
FT-T008206,Yes,0.5094,2026-09-21T16:42:19.353279+00:00,baseline_v1
FT-T008207,Yes,0.5866,2026-09-21T16:42:19.353279+00:00,baseline_v1
FT-T008208,No,0.314,2026-09-21T16:42:19.353279+00:00,baseline_v1
FT-T008209,No,0.317,2026-09-21T16:42:19.353279+00:00,baseline_v1
FT-T008210,No,0.3559,2026-09-21T16:42:19.353279+00:00,baseline_v1
FT-T008211,No,0.2839,2026-09-21T16:42:19.353279+00:00,baseline_v1
FT-T008212,No,0.3448,2026-09-21T16:42:19.353279+00:00,baseline_v1
FT-T008213,No,0.489,2026-09-21T16:42:19.353279+00:00,baseline_v1
FT-T008214,No,0.4298,2026-09-21T16:42:19.353279+00:00,baseline_v1
FT-T008215,No,0.3275,2026-09-21T16:42:19.353279+00:00,baseline_v1
FT-T008216,No,0.4762,2026-09-21T16:42:19.353279+00:00,baseline_v1
FT-T008217,Yes,0.581,2026-09-21T16:42:19.353279+00:00,baseline_v1
FT-T008218,No,0.3791,2026-09-21T16:42:19.353279+00:00,baseline_v1
FT-T008219,No,0.4356,2026-09-21T16:42:19.353279+00:00,baseline_v1
FT-T008220,No,0.499,2026-09-21T16:42:19.353279+00:00,baseline_v1
FT-T008221,Yes,0.6033,2026-09-21T16:42:19.353279+00:00,baseline_v1
FT-T008222,No,0.4808,2026-09-21T16:42:19.353279+00:00,baseline_v1
FT-T008223,Yes,0.5293,2026-09-21T16:42:19.353279+00:00,baseline_v1
FT-T008224,No,0.3088,2026-09-21T16:42:19.353279+00:00,baseline_v1
FT-T008225,No,0.2628,2026-09-21T16:42:19.353279+00:00,baseline_v1
FT-T008226,No,0.4815,2026-09-21T16:42:19.353279+00:00,baseline_v1
FT-T008227,No,0.2601,2026-09-21T16:42:19.353279+00:00,baseline_v1
FT-T008228,No,0.2786,2026-09-21T16:42:19.353279+00:00,baseline_v1
FT-T008229,No,0.3065,2026-09-21T16:42:19.353279+00:00,baseline_v1
FT-T008230,Yes,0.6483,2026-09-21T16:42:19.353279+00:00,baseline_v1
FT-T008231,No,0.4987,2026-09-21T16:42:19.353279+00:00,baseline_v1
FT-T008232,No,0.4522,2026-09-21T16:42:19.353279+00:00,baseline_v1
FT-T008233,No,0.4299,2026-09-21T16:42:19.353279+00:00,baseline_v1
FT-T008234,No,0.2994,2026-09-21T16:42:19.353279+00:00,baseline_v1
FT-T008235,Yes,0.5396,2026-09-21T16:42:19.353279+00:00,baseline_v1
FT-T008236,Yes,0.6335,2026-09-21T16:42:19.353279+00:00,baseline_v1
FT-T008237,No,0.2842,2026-09-21T16:42:19.353279+00:00,baseline_v1
FT-T008238,Yes,0.5395,2026-09-21T16:42:19.353279+00:00,baseline_v1
FT-T008239,No,0.4608,2026-09-21T16:42:19.353279+00:00,baseline_v1
FT-T008240,No,0.3377,2026-09-21T16:42:19.353279+00:00,baseline_v1
FT-T008241,No,0.4748,2026-09-21T16:42:19.353279+00:00,baseline_v1
FT-T008242,No,0.2711,2026-09-21T16:42:19.353279+00:00,baseline_v1
FT-T008243,No,0.3006,2026-09-21T16:42:19.353279+00:00,baseline_v1
FT-T008244,No,0.2929,2026-09-21T16:42:19.353279+00:00,baseline_v1
FT-T008245,No,0.3623,2026-09-21T16:42:19.353279+00:00,baseline_v1
FT-T008246,Yes,0.7309,2026-09-21T16:42:19.353279+00:00,baseline_v1
FT-T008247,Yes,0.5358,2026-09-21T16:42:19.353279+00:00,baseline_v1
FT-T008248,No,0.2751,2026-09-21T16:42:19.353279+00:00,baseline_v1
FT-T008249,No,0.4778,2026-09-21T16:42:19.353279+00:00,baseline_v1
FT-T008250,No,0.1858,2026-09-21T16:42:19.353279+00:00,baseline_v1
FT-T008251,No,0.4861,2026-09-21T16:42:19.353279+00:00,baseline_v1
FT-T008252,No,0.2401,2026-09-21T16:42:19.353279+00:00,baseline_v1
FT-T008253,No,0.1899,2026-09-21T16:42:19.353279+00:00,baseline_v1
FT-T008254,No,0.2647,2026-09-21T16:42:19.353279+00:00,baseline_v1
FT-T008255,No,0.1827,2026-09-21T16:42:19.353279+00:00,baseline_v1
FT-T008256,No,0.2758,2026-09-21T16:42:19.353279+00:00,baseline_v1
FT-T008257,No,0.2442,2026-09-21T16:42:19.353279+00:00,baseline_v1
FT-T008258,Yes,0.5202,2026-09-21T16:42:19.353279+00:00,baseline_v1
FT-T008259,No,0.4197,2026-09-21T16:42:19.353279+00:00,baseline_v1
FT-T008260,No,0.3444,2026-09-21T16:42:19.353279+00:00,baseline_v1
FT-T008261,No,0.2313,2026-09-21T16:42:19.353279+00:00,baseline_v1
FT-T008262,Yes,0.6802,2026-09-21T16:42:19.353279+00:00,baseline_v1
FT-T008263,No,0.4167,2026-09-21T16:42:19.353279+00:00,baseline_v1
FT-T008264,No,0.3973,2026-09-21T16:42:19.353279+00:00,baseline_v1
FT-T008265,No,0.251,2026-09-21T16:42:19.353279+00:00,baseline_v1
FT-T008266,No,0.2601,2026-09-21T16:42:19.353279+00:00,baseline_v1
FT-T008267,No,0.4896,2026-09-21T16:42:19.353279+00:00,baseline_v1
FT-T008268,Yes,0.728,2026-09-21T16:42:19.353279+00:00,baseline_v1
FT-T008269,Yes,0.8145,2026-09-21T16:42:19.353279+00:00,baseline_v1
FT-T008270,Yes,0.6463,2026-09-21T16:42:19.353279+00:00,baseline_v1
FT-T008271,No,0.4594,2026-09-21T16:42:19.353279+00:00,baseline_v1
FT-T008272,Yes,0.5804,2026-09-21T16:42:19.353279+00:00,baseline_v1
FT-T008273,Yes,0.8584,2026-09-21T16:42:19.353279+00:00,baseline_v1
FT-T008274,Yes,0.7285,2026-09-21T16:42:19.353279+00:00,baseline_v1
FT-T008275,Yes,0.8876,2026-09-21T16:42:19.353279+00:00,baseline_v1
FT-T008276,No,0.4641,2026-09-21T16:42:19.353279+00:00,baseline_v1
FT-T008277,No,0.4019,2026-09-21T16:42:19.353279+00:00,baseline_v1
FT-T008278,No,0.3858,2026-09-21T16:42:19.353279+00:00,baseline_v1
FT-T008279,Yes,0.5659,2026-09-21T16:42:19.353279+00:00,baseline_v1
FT-T008280,Yes,0.8169,2026-09-21T16:42:19.353279+00:00,baseline_v1
FT-T008281,No,0.3802,2026-09-21T16:42:19.353279+00:00,baseline_v1
FT-T008282,No,0.3721,2026-09-21T16:42:19.353279+00:00,baseline_v1
FT-T008283,No,0.4526,2026-09-21T16:42:19.353279+00:00,baseline_v1
FT-T008284,Yes,0.5247,2026-09-21T16:42:19.353279+00:00,baseline_v1
FT-T008285,No,0.3523,2026-09-21T16:42:19.353279+00:00,baseline_v1
FT-T008286,Yes,0.6063,2026-09-21T16:42:19.353279+00:00,baseline_v1
FT-T008287,Yes,0.5998,2026-09-21T16:42:19.353279+00:00,baseline_v1
FT-T008288,Yes,0.7003,2026-09-21T16:42:19.353279+00:00,baseline_v1
FT-T008289,Yes,0.796,2026-09-21T16:42:19.353279+00:00,baseline_v1
FT-T008290,Yes,0.6155,2026-09-21T16:42:19.353279+00:00,baseline_v1
FT-T008291,Yes,0.8524,2026-09-21T16:42:19.353279+00:00,baseline_v1
FT-T008292,No,0.4409,2026-09-21T16:42:19.353279+00:00,baseline_v1
FT-T008293,No,0.4216,2026-09-21T16:42:19.353279+00:00,baseline_v1
FT-T008294,No,0.3196,2026-09-21T16:42:19.353279+00:00,baseline_v1
FT-T008295,No,0.4954,2026-09-21T16:42:19.353279+00:00,baseline_v1
FT-T008296,Yes,0.644,2026-09-21T16:42:19.353279+00:00,baseline_v1
FT-T008297,Yes,0.657,2026-09-21T16:42:19.353279+00:00,baseline_v1
FT-T008298,Yes,0.5529,2026-09-21T16:42:19.353279+00:00,baseline_v1
FT-T008299,No,0.3736,2026-09-21T16:42:19.353279+00:00,baseline_v1
FT-T008300,No,0.4334,2026-09-21T16:42:19.353279+00:00,baseline_v1
FT-T008301,Yes,0.6796,2026-09-21T16:42:19.353279+00:00,baseline_v1
FT-T008302,Yes,0.5892,2026-09-21T16:42:19.353279+00:00,baseline_v1
FT-T008303,No,0.372,2026-09-21T16:42:19.353279+00:00,baseline_v1
FT-T008304,No,0.3555,2026-09-21T16:42:19.353279+00:00,baseline_v1
FT-T008305,No,0.3455,2026-09-21T16:42:19.353279+00:00,baseline_v1
FT-T008306,Yes,0.5267,2026-09-21T16:42:19.353279+00:00,baseline_v1
FT-T008307,No,0.3583,2026-09-21T16:42:19.353279+00:00,baseline_v1
FT-T008308,No,0.3438,2026-09-21T16:42:19.353279+00:00,baseline_v1
FT-T008309,Yes,0.6895,2026-09-21T16:42:19.353279+00:00,baseline_v1
FT-T008310,Yes,0.6962,2026-09-21T16:42:19.353279+00:00,baseline_v1
FT-T008311,No,0.3717,2026-09-21T16:42:19.353279+00:00,baseline_v1
FT-T008312,Yes,0.5977,2026-09-21T16:42:19.353279+00:00,baseline_v1
FT-T008313,Yes,0.5611,2026-09-21T16:42:19.353279+00:00,baseline_v1
FT-T008314,No,0.3672,2026-09-21T16:42:19.353279+00:00,baseline_v1
FT-T008315,Yes,0.7381,2026-09-21T16:42:19.353279+00:00,baseline_v1
FT-T008316,No,0.44,2026-09-21T16:42:19.353279+00:00,baseline_v1
FT-T008317,No,0.3488,2026-09-21T16:42:19.353279+00:00,baseline_v1
FT-T008318,Yes,0.5953,2026-09-21T16:42:19.353279+00:00,baseline_v1
FT-T008319,No,0.3339,2026-09-21T16:42:19.353279+00:00,baseline_v1
FT-T008320,Yes,0.5041,2026-09-21T16:42:19.353279+00:00,baseline_v1
FT-T008321,Yes,0.7285,2026-09-21T16:42:19.353279+00:00,baseline_v1
FT-T008322,Yes,0.525,2026-09-21T16:42:19.353279+00:00,baseline_v1
FT-T008323,No,0.3394,2026-09-21T16:42:19.353279+00:00,baseline_v1
FT-T008324,No,0.3965,2026-09-21T16:42:19.353279+00:00,baseline_v1
FT-T008325,No,0.3811,2026-09-21T16:42:19.353279+00:00,baseline_v1
FT-T008326,Yes,0.5818,2026-09-21T16:42:19.353279+00:00,baseline_v1
FT-T008327,Yes,0.6493,2026-09-21T16:42:19.353279+00:00,baseline_v1
FT-T008328,No,0.4079,2026-09-21T16:42:19.353279+00:00,baseline_v1
FT-T008329,No,0.2998,2026-09-21T16:42:19.353279+00:00,baseline_v1
FT-T008330,Yes,0.5193,2026-09-21T16:42:19.353279+00:00,baseline_v1
FT-T008331,No,0.4075,2026-09-21T16:42:19.353279+00:00,baseline_v1
FT-T008332,No,0.3253,2026-09-21T16:42:19.353279+00:00,baseline_v1
FT-T008333,No,0.3071,2026-09-21T16:42:19.353279+00:00,baseline_v1
FT-T008334,Yes,0.6091,2026-09-21T16:42:19.353279+00:00,baseline_v1
FT-T008335,No,0.3255,2026-09-21T16:42:19.353279+00:00,baseline_v1
FT-T008336,Yes,0.6102,2026-09-21T16:42:19.353279+00:00,baseline_v1
FT-T008337,No,0.4896,2026-09-21T16:42:19.353279+00:00,baseline_v1
FT-T008338,Yes,0.8009,2026-09-21T16:42:19.353279+00:00,baseline_v1
FT-T008339,No,0.4637,2026-09-21T16:42:19.353279+00:00,baseline_v1
FT-T008340,No,0.2512,2026-09-21T16:42:19.353279+00:00,baseline_v1
FT-T008341,Yes,0.5584,2026-09-21T16:42:19.353279+00:00,baseline_v1
FT-T008342,Yes,0.524,2026-09-21T16:42:19.353279+00:00,baseline_v1
FT-T008343,No,0.3672,2026-09-21T16:42:19.353279+00:00,baseline_v1
FT-T008344,No,0.3607,2026-09-21T16:42:19.353279+00:00,baseline_v1
FT-T008345,No,0.4299,2026-09-21T16:42:19.353279+00:00,baseline_v1
FT-T008346,Yes,0.5857,2026-09-21T16:42:19.353279+00:00,baseline_v1
FT-T008347,No,0.3064,2026-09-21T16:42:19.353279+00:00,baseline_v1
FT-T008348,No,0.4973,2026-09-21T16:42:19.353279+00:00,baseline_v1
FT-T008349,No,0.3567,2026-09-21T16:42:19.353279+00:00,baseline_v1
FT-T008350,Yes,0.5905,2026-09-21T16:42:19.353279+00:00,baseline_v1
FT-T008351,No,0.2413,2026-09-21T16:42:19.353279+00:00,baseline_v1
FT-T008352,No,0.3125,2026-09-21T16:42:19.353279+00:00,baseline_v1
FT-T008353,No,0.4245,2026-09-21T16:42:19.353279+00:00,baseline_v1
FT-T008354,No,0.4069,2026-09-21T16:42:19.353279+00:00,baseline_v1
FT-T008355,Yes,0.6349,2026-09-21T16:42:19.353279+00:00,baseline_v1
FT-T008356,Yes,0.5125,2026-09-21T16:42:19.353279+00:00,baseline_v1
FT-T008357,Yes,0.599,2026-09-21T16:42:19.353279+00:00,baseline_v1
FT-T008358,Yes,0.7374,2026-09-21T16:42:19.353279+00:00,baseline_v1
FT-T008359,No,0.2669,2026-09-21T16:42:19.353279+00:00,baseline_v1
FT-T008360,No,0.3854,2026-09-21T16:42:19.353279+00:00,baseline_v1
FT-T008361,Yes,0.7034,2026-09-21T16:42:19.353279+00:00,baseline_v1
FT-T008362,No,0.2124,2026-09-21T16:42:19.353279+00:00,baseline_v1
FT-T008363,No,0.2981,2026-09-21T16:42:19.353279+00:00,baseline_v1
FT-T008364,Yes,0.5721,2026-09-21T16:42:19.353279+00:00,baseline_v1
FT-T008365,No,0.4703,2026-09-21T16:42:19.353279+00:00,baseline_v1
FT-T008366,No,0.4988,2026-09-21T16:42:19.353279+00:00,baseline_v1
FT-T008367,Yes,0.746,2026-09-21T16:42:19.353279+00:00,baseline_v1
FT-T008368,Yes,0.5253,2026-09-21T16:42:19.353279+00:00,baseline_v1
FT-T008369,No,0.285,2026-09-21T16:42:19.353279+00:00,baseline_v1
FT-T008370,No,0.3105,2026-09-21T16:42:19.353279+00:00,baseline_v1
FT-T008371,No,0.2796,2026-09-21T16:42:19.353279+00:00,baseline_v1
FT-T008372,No,0.2925,2026-09-21T16:42:19.353279+00:00,baseline_v1
FT-T008373,No,0.235,2026-09-21T16:42:19.353279+00:00,baseline_v1
FT-T008374,No,0.4467,2026-09-21T16:42:19.353279+00:00,baseline_v1
FT-T008375,No,0.4833,2026-09-21T16:42:19.353279+00:00,baseline_v1
FT-T008376,No,0.291,2026-09-21T16:42:19.353279+00:00,baseline_v1
FT-T008377,No,0.2495,2026-09-21T16:42:19.353279+00:00,baseline_v1
FT-T008378,No,0.2853,2026-09-21T16:42:19.353279+00:00,baseline_v1
FT-T008379,No,0.3629,2026-09-21T16:42:19.353279+00:00,baseline_v1
FT-T008380,No,0.3447,2026-09-21T16:42:19.353279+00:00,baseline_v1
FT-T008381,No,0.4656,2026-09-21T16:42:19.353279+00:00,baseline_v1
FT-T008382,No,0.4298,2026-09-21T16:42:19.353279+00:00,baseline_v1
FT-T008383,No,0.3464,2026-09-21T16:42:19.353279+00:00,baseline_v1
FT-T008384,No,0.2646,2026-09-21T16:42:19.353279+00:00,baseline_v1
FT-T008385,No,0.2109,2026-09-21T16:42:19.353279+00:00,baseline_v1
FT-T008386,No,0.2595,2026-09-21T16:42:19.353279+00:00,baseline_v1
FT-T008387,Yes,0.5693,2026-09-21T16:42:19.353279+00:00,baseline_v1
FT-T008388,No,0.313,2026-09-21T16:42:19.353279+00:00,baseline_v1
FT-T008389,No,0.2979,2026-09-21T16:42:19.353279+00:00,baseline_v1
FT-T008390,No,0.3357,2026-09-21T16:42:19.353279+00:00,baseline_v1
FT-T008391,No,0.4712,2026-09-21T16:42:19.353279+00:00,baseline_v1
FT-T008392,Yes,0.5979,2026-09-21T16:42:19.353279+00:00,baseline_v1
FT-T008393,No,0.4318,2026-09-21T16:42:19.353279+00:00,baseline_v1
FT-T008394,No,0.4158,2026-09-21T16:42:19.353279+00:00,baseline_v1
FT-T008395,Yes,0.5122,2026-09-21T16:42:19.353279+00:00,baseline_v1
FT-T008396,No,0.2592,2026-09-21T16:42:19.353279+00:00,baseline_v1
FT-T008397,No,0.4807,2026-09-21T16:42:19.353279+00:00,baseline_v1
FT-T008398,No,0.2028,2026-09-21T16:42:19.353279+00:00,baseline_v1
FT-T008399,No,0.4248,2026-09-21T16:42:19.353279+00:00,baseline_v1
FT-T008400,No,0.3965,2026-09-21T16:42:19.353279+00:00,baseline_v1
FT-T008401,No,0.4337,2026-09-21T16:42:19.353279+00:00,baseline_v1
FT-T008402,Yes,0.6788,2026-09-21T16:42:19.353279+00:00,baseline_v1
FT-T008403,Yes,0.6048,2026-09-21T16:42:19.353279+00:00,baseline_v1
FT-T008404,Yes,0.8674,2026-09-21T16:42:19.353279+00:00,baseline_v1
FT-T008405,Yes,0.6188,2026-09-21T16:42:19.353279+00:00,baseline_v1
FT-T008406,Yes,0.7153,2026-09-21T16:42:19.353279+00:00,baseline_v1
FT-T008407,No,0.4647,2026-09-21T16:42:19.353279+00:00,baseline_v1
FT-T008408,No,0.4362,2026-09-21T16:42:19.353279+00:00,baseline_v1
FT-T008409,No,0.43,2026-09-21T16:42:19.353279+00:00,baseline_v1
FT-T008410,Yes,0.5804,2026-09-21T16:42:19.353279+00:00,baseline_v1
FT-T008411,Yes,0.6249,2026-09-21T16:42:19.353279+00:00,baseline_v1
FT-T008412,Yes,0.5956,2026-09-21T16:42:19.353279+00:00,baseline_v1
FT-T008413,Yes,0.6739,2026-09-21T16:42:19.353279+00:00,baseline_v1
FT-T008414,Yes,0.6679,2026-09-21T16:42:19.353279+00:00,baseline_v1
FT-T008415,Yes,0.5706,2026-09-21T16:42:19.353279+00:00,baseline_v1
FT-T008416,Yes,0.7884,2026-09-21T16:42:19.353279+00:00,baseline_v1
FT-T008417,Yes,0.6846,2026-09-21T16:42:19.353279+00:00,baseline_v1
FT-T008418,Yes,0.7354,2026-09-21T16:42:19.353279+00:00,baseline_v1
FT-T008419,Yes,0.6487,2026-09-21T16:42:19.353279+00:00,baseline_v1
FT-T008420,Yes,0.8034,2026-09-21T16:42:19.353279+00:00,baseline_v1
FT-T008421,Yes,0.724,2026-09-21T16:42:19.353279+00:00,baseline_v1
FT-T008422,No,0.4231,2026-09-21T16:42:19.353279+00:00,baseline_v1
FT-T008423,Yes,0.6221,2026-09-21T16:42:19.353279+00:00,baseline_v1
FT-T008424,No,0.409,2026-09-21T16:42:19.353279+00:00,baseline_v1
FT-T008425,No,0.3795,2026-09-21T16:42:19.353279+00:00,baseline_v1
FT-T008426,Yes,0.5989,2026-09-21T16:42:19.353279+00:00,baseline_v1
FT-T008427,No,0.3298,2026-09-21T16:42:19.353279+00:00,baseline_v1
FT-T008428,Yes,0.7964,2026-09-21T16:42:19.353279+00:00,baseline_v1
FT-T008429,Yes,0.582,2026-09-21T16:42:19.353279+00:00,baseline_v1
FT-T008430,No,0.4085,2026-09-21T16:42:19.353279+00:00,baseline_v1
FT-T008431,No,0.4552,2026-09-21T16:42:19.353279+00:00,baseline_v1
FT-T008432,No,0.3834,2026-09-21T16:42:19.353279+00:00,baseline_v1
FT-T008433,No,0.4961,2026-09-21T16:42:19.353279+00:00,baseline_v1
FT-T008434,No,0.3455,2026-09-21T16:42:19.353279+00:00,baseline_v1
FT-T008435,No,0.4224,2026-09-21T16:42:19.353279+00:00,baseline_v1
FT-T008436,No,0.439,2026-09-21T16:42:19.353279+00:00,baseline_v1
FT-T008437,Yes,0.5807,2026-09-21T16:42:19.353279+00:00,baseline_v1
FT-T008438,No,0.464,2026-09-21T16:42:19.353279+00:00,baseline_v1
FT-T008439,Yes,0.557,2026-09-21T16:42:19.353279+00:00,baseline_v1
FT-T008440,No,0.4672,2026-09-21T16:42:19.353279+00:00,baseline_v1
FT-T008441,No,0.4135,2026-09-21T16:42:19.353279+00:00,baseline_v1
FT-T008442,No,0.3837,2026-09-21T16:42:19.353279+00:00,baseline_v1
FT-T008443,No,0.38,2026-09-21T16:42:19.353279+00:00,baseline_v1
FT-T008444,No,0.4542,2026-09-21T16:42:19.353279+00:00,baseline_v1
FT-T008445,No,0.4294,2026-09-21T16:42:19.353279+00:00,baseline_v1
FT-T008446,No,0.4359,2026-09-21T16:42:19.353279+00:00,baseline_v1
FT-T008447,No,0.322,2026-09-21T16:42:19.353279+00:00,baseline_v1
FT-T008448,No,0.2958,2026-09-21T16:42:19.353279+00:00,baseline_v1
FT-T008449,No,0.3526,2026-09-21T16:42:19.353279+00:00,baseline_v1
FT-T008450,No,0.4587,2026-09-21T16:42:19.353279+00:00,baseline_v1
FT-T008451,No,0.4199,2026-09-21T16:42:19.353279+00:00,baseline_v1
FT-T008452,No,0.3563,2026-09-21T16:42:19.353279+00:00,baseline_v1
FT-T008453,Yes,0.6093,2026-09-21T16:42:19.353279+00:00,baseline_v1
FT-T008454,No,0.3228,2026-09-21T16:42:19.353279+00:00,baseline_v1
FT-T008455,Yes,0.6886,2026-09-21T16:42:19.353279+00:00,baseline_v1
FT-T008456,Yes,0.5256,2026-09-21T16:42:19.353279+00:00,baseline_v1
FT-T008457,Yes,0.5268,2026-09-21T16:42:19.353279+00:00,baseline_v1
FT-T008458,No,0.4117,2026-09-21T16:42:19.353279+00:00,baseline_v1
FT-T008459,No,0.3124,2026-09-21T16:42:19.353279+00:00,baseline_v1
FT-T008460,Yes,0.5987,2026-09-21T16:42:19.353279+00:00,baseline_v1
FT-T008461,Yes,0.6119,2026-09-21T16:42:19.353279+00:00,baseline_v1
FT-T008462,No,0.3758,2026-09-21T16:42:19.353279+00:00,baseline_v1
FT-T008463,No,0.3365,2026-09-21T16:42:19.353279+00:00,baseline_v1
FT-T008464,No,0.3734,2026-09-21T16:42:19.353279+00:00,baseline_v1
FT-T008465,No,0.3415,2026-09-21T16:42:19.353279+00:00,baseline_v1
FT-T008466,No,0.358,2026-09-21T16:42:19.353279+00:00,baseline_v1
FT-T008467,Yes,0.5163,2026-09-21T16:42:19.353279+00:00,baseline_v1
FT-T008468,No,0.3365,2026-09-21T16:42:19.353279+00:00,baseline_v1
FT-T008469,Yes,0.5089,2026-09-21T16:42:19.353279+00:00,baseline_v1
FT-T008470,Yes,0.8116,2026-09-21T16:42:19.353279+00:00,baseline_v1
FT-T008471,No,0.2511,2026-09-21T16:42:19.353279+00:00,baseline_v1
FT-T008472,Yes,0.7082,2026-09-21T16:42:19.353279+00:00,baseline_v1
FT-T008473,No,0.3296,2026-09-21T16:42:19.353279+00:00,baseline_v1
FT-T008474,Yes,0.5897,2026-09-21T16:42:19.353279+00:00,baseline_v1
FT-T008475,Yes,0.559,2026-09-21T16:42:19.353279+00:00,baseline_v1
FT-T008476,No,0.3197,2026-09-21T16:42:19.353279+00:00,baseline_v1
FT-T008477,No,0.3456,2026-09-21T16:42:19.353279+00:00,baseline_v1
FT-T008478,Yes,0.5195,2026-09-21T16:42:19.353279+00:00,baseline_v1
FT-T008479,No,0.3176,2026-09-21T16:42:19.353279+00:00,baseline_v1
FT-T008480,No,0.2664,2026-09-21T16:42:19.353279+00:00,baseline_v1
FT-T008481,Yes,0.5451,2026-09-21T16:42:19.353279+00:00,baseline_v1
FT-T008482,No,0.3541,2026-09-21T16:42:19.353279+00:00,baseline_v1
FT-T008483,No,0.2734,2026-09-21T16:42:19.353279+00:00,baseline_v1
FT-T008484,Yes,0.5442,2026-09-21T16:42:19.353279+00:00,baseline_v1
FT-T008485,Yes,0.6562,2026-09-21T16:42:19.353279+00:00,baseline_v1
FT-T008486,No,0.3797,2026-09-21T16:42:19.353279+00:00,baseline_v1
FT-T008487,No,0.3572,2026-09-21T16:42:19.353279+00:00,baseline_v1
FT-T008488,Yes,0.5492,2026-09-21T16:42:19.353279+00:00,baseline_v1
FT-T008489,No,0.2782,2026-09-21T16:42:19.353279+00:00,baseline_v1
FT-T008490,No,0.3343,2026-09-21T16:42:19.353279+00:00,baseline_v1
FT-T008491,No,0.3166,2026-09-21T16:42:19.353279+00:00,baseline_v1
FT-T008492,Yes,0.5968,2026-09-21T16:42:19.353279+00:00,baseline_v1
FT-T008493,No,0.2573,2026-09-21T16:42:19.353279+00:00,baseline_v1
FT-T008494,No,0.4283,2026-09-21T16:42:19.353279+00:00,baseline_v1
FT-T008495,Yes,0.5526,2026-09-21T16:42:19.353279+00:00,baseline_v1
FT-T008496,No,0.2666,2026-09-21T16:42:19.353279+00:00,baseline_v1
FT-T008497,No,0.3298,2026-09-21T16:42:19.353279+00:00,baseline_v1
FT-T008498,No,0.4899,2026-09-21T16:42:19.353279+00:00,baseline_v1
FT-T008499,No,0.4781,2026-09-21T16:42:19.353279+00:00,baseline_v1
FT-T008500,No,0.311,2026-09-21T16:42:19.353279+00:00,baseline_v1
FT-T008501,Yes,0.6348,2026-09-21T16:42:19.353279+00:00,baseline_v1
FT-T008502,No,0.4138,2026-09-21T16:42:19.353279+00:00,baseline_v1
FT-T008503,No,0.2982,2026-09-21T16:42:19.353279+00:00,baseline_v1
FT-T008504,Yes,0.6692,2026-09-21T16:42:19.353279+00:00,baseline_v1
FT-T008505,Yes,0.5501,2026-09-21T16:42:19.353279+00:00,baseline_v1
FT-T008506,No,0.4411,2026-09-21T16:42:19.353279+00:00,baseline_v1
FT-T008507,No,0.2946,2026-09-21T16:42:19.353279+00:00,baseline_v1
FT-T008508,Yes,0.5835,2026-09-21T16:42:19.353279+00:00,baseline_v1
FT-T008509,No,0.2078,2026-09-21T16:42:19.353279+00:00,baseline_v1
FT-T008510,No,0.4684,2026-09-21T16:42:19.353279+00:00,baseline_v1
FT-T008511,No,0.2741,2026-09-21T16:42:19.353279+00:00,baseline_v1
FT-T008512,No,0.3772,2026-09-21T16:42:19.353279+00:00,baseline_v1
FT-T008513,No,0.4773,2026-09-21T16:42:19.353279+00:00,baseline_v1
FT-T008514,Yes,0.51,2026-09-21T16:42:19.353279+00:00,baseline_v1
FT-T008515,No,0.3423,2026-09-21T16:42:19.353279+00:00,baseline_v1
FT-T008516,No,0.2615,2026-09-21T16:42:19.353279+00:00,baseline_v1
FT-T008517,No,0.2811,2026-09-21T16:42:19.353279+00:00,baseline_v1
FT-T008518,Yes,0.5252,2026-09-21T16:42:19.353279+00:00,baseline_v1
FT-T008519,Yes,0.6825,2026-09-21T16:42:19.353279+00:00,baseline_v1
FT-T008520,Yes,0.6298,2026-09-21T16:42:19.353279+00:00,baseline_v1
FT-T008521,No,0.2425,2026-09-21T16:42:19.353279+00:00,baseline_v1
FT-T008522,No,0.2835,2026-09-21T16:42:19.353279+00:00,baseline_v1
FT-T008523,No,0.2586,2026-09-21T16:42:19.353279+00:00,baseline_v1
FT-T008524,No,0.3297,2026-09-21T16:42:19.353279+00:00,baseline_v1
FT-T008525,No,0.4703,2026-09-21T16:42:19.353279+00:00,baseline_v1
FT-T008526,No,0.2377,2026-09-21T16:42:19.353279+00:00,baseline_v1
FT-T008527,No,0.3547,2026-09-21T16:42:19.353279+00:00,baseline_v1
FT-T008528,No,0.3171,2026-09-21T16:42:19.353279+00:00,baseline_v1
FT-T008529,No,0.2773,2026-09-21T16:42:19.353279+00:00,baseline_v1
FT-T008530,No,0.4861,2026-09-21T16:42:19.353279+00:00,baseline_v1
FT-T008531,No,0.4128,2026-09-21T16:42:19.353279+00:00,baseline_v1
FT-T008532,No,0.3729,2026-09-21T16:42:19.353279+00:00,baseline_v1
FT-T008533,No,0.4112,2026-09-21T16:42:19.353279+00:00,baseline_v1
FT-T008534,Yes,0.677,2026-09-21T16:42:19.353279+00:00,baseline_v1
FT-T008535,Yes,0.6505,2026-09-21T16:42:19.353279+00:00,baseline_v1
FT-T008536,Yes,0.7865,2026-09-21T16:42:19.353279+00:00,baseline_v1
FT-T008537,Yes,0.5123,2026-09-21T16:42:19.353279+00:00,baseline_v1
FT-T008538,Yes,0.6236,2026-09-21T16:42:19.353279+00:00,baseline_v1
FT-T008539,Yes,0.8325,2026-09-21T16:42:19.353279+00:00,baseline_v1
FT-T008540,Yes,0.7483,2026-09-21T16:42:19.353279+00:00,baseline_v1
FT-T008541,No,0.4044,2026-09-21T16:42:19.353279+00:00,baseline_v1
FT-T008542,Yes,0.6063,2026-09-21T16:42:19.353279+00:00,baseline_v1
FT-T008543,Yes,0.6475,2026-09-21T16:42:19.353279+00:00,baseline_v1
FT-T008544,No,0.4172,2026-09-21T16:42:19.353279+00:00,baseline_v1
FT-T008545,Yes,0.6875,2026-09-21T16:42:19.353279+00:00,baseline_v1
FT-T008546,No,0.3689,2026-09-21T16:42:19.353279+00:00,baseline_v1
FT-T008547,Yes,0.7847,2026-09-21T16:42:19.353279+00:00,baseline_v1
FT-T008548,No,0.4784,2026-09-21T16:42:19.353279+00:00,baseline_v1
FT-T008549,Yes,0.6103,2026-09-21T16:42:19.353279+00:00,baseline_v1
FT-T008550,Yes,0.7062,2026-09-21T16:42:19.353279+00:00,baseline_v1
FT-T008551,Yes,0.6344,2026-09-21T16:42:19.353279+00:00,baseline_v1
FT-T008552,Yes,0.8182,2026-09-21T16:42:19.353279+00:00,baseline_v1
FT-T008553,Yes,0.5882,2026-09-21T16:42:19.353279+00:00,baseline_v1
FT-T008554,No,0.4516,2026-09-21T16:42:19.353279+00:00,baseline_v1
FT-T008555,Yes,0.6142,2026-09-21T16:42:19.353279+00:00,baseline_v1
FT-T008556,No,0.3543,2026-09-21T16:42:19.353279+00:00,baseline_v1
FT-T008557,No,0.46,2026-09-21T16:42:19.353279+00:00,baseline_v1
FT-T008558,No,0.4654,2026-09-21T16:42:19.353279+00:00,baseline_v1
FT-T008559,No,0.4144,2026-09-21T16:42:19.353279+00:00,baseline_v1
FT-T008560,Yes,0.5658,2026-09-21T16:42:19.353279+00:00,baseline_v1
FT-T008561,Yes,0.6409,2026-09-21T16:42:19.353279+00:00,baseline_v1
FT-T008562,No,0.4746,2026-09-21T16:42:19.353279+00:00,baseline_v1
FT-T008563,Yes,0.6117,2026-09-21T16:42:19.353279+00:00,baseline_v1
FT-T008564,No,0.4722,2026-09-21T16:42:19.353279+00:00,baseline_v1
FT-T008565,Yes,0.6342,2026-09-21T16:42:19.353279+00:00,baseline_v1
FT-T008566,No,0.4718,2026-09-21T16:42:19.353279+00:00,baseline_v1
FT-T008567,No,0.4338,2026-09-21T16:42:19.353279+00:00,baseline_v1
FT-T008568,Yes,0.647,2026-09-21T16:42:19.353279+00:00,baseline_v1
FT-T008569,Yes,0.5963,2026-09-21T16:42:19.353279+00:00,baseline_v1
FT-T008570,No,0.4754,2026-09-21T16:42:19.353279+00:00,baseline_v1
FT-T008571,Yes,0.5798,2026-09-21T16:42:19.353279+00:00,baseline_v1
FT-T008572,Yes,0.5047,2026-09-21T16:42:19.353279+00:00,baseline_v1
FT-T008573,No,0.3754,2026-09-21T16:42:19.353279+00:00,baseline_v1
FT-T008574,No,0.3492,2026-09-21T16:42:19.353279+00:00,baseline_v1
FT-T008575,No,0.3417,2026-09-21T16:42:19.353279+00:00,baseline_v1
FT-T008576,Yes,0.6613,2026-09-21T16:42:19.353279+00:00,baseline_v1
FT-T008577,Yes,0.6692,2026-09-21T16:42:19.353279+00:00,baseline_v1
FT-T008578,No,0.3595,2026-09-21T16:42:19.353279+00:00,baseline_v1
FT-T008579,No,0.4913,2026-09-21T16:42:19.353279+00:00,baseline_v1
FT-T008580,No,0.4496,2026-09-21T16:42:19.353279+00:00,baseline_v1
FT-T008581,No,0.3588,2026-09-21T16:42:19.353279+00:00,baseline_v1
FT-T008582,No,0.3736,2026-09-21T16:42:19.353279+00:00,baseline_v1
FT-T008583,No,0.4128,2026-09-21T16:42:19.353279+00:00,baseline_v1
FT-T008584,Yes,0.5898,2026-09-21T16:42:19.353279+00:00,baseline_v1
FT-T008585,Yes,0.5277,2026-09-21T16:42:19.353279+00:00,baseline_v1
FT-T008586,No,0.3047,2026-09-21T16:42:19.353279+00:00,baseline_v1
FT-T008587,No,0.4048,2026-09-21T16:42:19.353279+00:00,baseline_v1
FT-T008588,No,0.4571,2026-09-21T16:42:19.353279+00:00,baseline_v1
FT-T008589,Yes,0.597,2026-09-21T16:42:19.353279+00:00,baseline_v1
FT-T008590,No,0.3391,2026-09-21T16:42:19.353279+00:00,baseline_v1
FT-T008591,No,0.4333,2026-09-21T16:42:19.353279+00:00,baseline_v1
FT-T008592,Yes,0.6809,2026-09-21T16:42:19.353279+00:00,baseline_v1
FT-T008593,No,0.4119,2026-09-21T16:42:19.353279+00:00,baseline_v1
FT-T008594,No,0.3166,2026-09-21T16:42:19.353279+00:00,baseline_v1
FT-T008595,No,0.2698,2026-09-21T16:42:19.353279+00:00,baseline_v1
FT-T008596,Yes,0.544,2026-09-21T16:42:19.353279+00:00,baseline_v1
FT-T008597,No,0.4284,2026-09-21T16:42:19.353279+00:00,baseline_v1
FT-T008598,Yes,0.5975,2026-09-21T16:42:19.353279+00:00,baseline_v1
FT-T008599,No,0.2826,2026-09-21T16:42:19.353279+00:00,baseline_v1
FT-T008600,No,0.362,2026-09-21T16:42:19.353279+00:00,baseline_v1
FT-T008601,No,0.3655,2026-09-21T16:42:19.353279+00:00,baseline_v1
FT-T008602,Yes,0.5395,2026-09-21T16:42:19.353279+00:00,baseline_v1
FT-T008603,Yes,0.6173,2026-09-21T16:42:19.353279+00:00,baseline_v1
FT-T008604,No,0.3479,2026-09-21T16:42:19.353279+00:00,baseline_v1
FT-T008605,No,0.4037,2026-09-21T16:42:19.353279+00:00,baseline_v1
FT-T008606,Yes,0.5508,2026-09-21T16:42:19.353279+00:00,baseline_v1
FT-T008607,No,0.3886,2026-09-21T16:42:19.353279+00:00,baseline_v1
FT-T008608,No,0.484,2026-09-21T16:42:19.353279+00:00,baseline_v1
FT-T008609,No,0.2798,2026-09-21T16:42:19.353279+00:00,baseline_v1
FT-T008610,Yes,0.8927,2026-09-21T16:42:19.353279+00:00,baseline_v1
FT-T008611,No,0.3086,2026-09-21T16:42:19.353279+00:00,baseline_v1
FT-T008612,Yes,0.6099,2026-09-21T16:42:19.353279+00:00,baseline_v1
FT-T008613,No,0.4442,2026-09-21T16:42:19.353279+00:00,baseline_v1
FT-T008614,Yes,0.5068,2026-09-21T16:42:19.353279+00:00,baseline_v1
FT-T008615,No,0.4565,2026-09-21T16:42:19.353279+00:00,baseline_v1
FT-T008616,Yes,0.5039,2026-09-21T16:42:19.353279+00:00,baseline_v1
FT-T008617,No,0.3024,2026-09-21T16:42:19.353279+00:00,baseline_v1
FT-T008618,Yes,0.5332,2026-09-21T16:42:19.353279+00:00,baseline_v1
FT-T008619,No,0.3572,2026-09-21T16:42:19.353279+00:00,baseline_v1
FT-T008620,Yes,0.6797,2026-09-21T16:42:19.353279+00:00,baseline_v1
FT-T008621,No,0.3365,2026-09-21T16:42:19.353279+00:00,baseline_v1
FT-T008622,No,0.2934,2026-09-21T16:42:19.353279+00:00,baseline_v1
FT-T008623,No,0.3521,2026-09-21T16:42:19.353279+00:00,baseline_v1
FT-T008624,Yes,0.5576,2026-09-21T16:42:19.353279+00:00,baseline_v1
FT-T008625,No,0.3687,2026-09-21T16:42:19.353279+00:00,baseline_v1
FT-T008626,No,0.4555,2026-09-21T16:42:19.353279+00:00,baseline_v1
FT-T008627,No,0.3535,2026-09-21T16:42:19.353279+00:00,baseline_v1
FT-T008628,No,0.2706,2026-09-21T16:42:19.353279+00:00,baseline_v1
FT-T008629,Yes,0.5659,2026-09-21T16:42:19.353279+00:00,baseline_v1
FT-T008630,Yes,0.6557,2026-09-21T16:42:19.353279+00:00,baseline_v1
FT-T008631,No,0.3757,2026-09-21T16:42:19.353279+00:00,baseline_v1
FT-T008632,Yes,0.7128,2026-09-21T16:42:19.353279+00:00,baseline_v1
FT-T008633,No,0.2148,2026-09-21T16:42:19.353279+00:00,baseline_v1
FT-T008634,No,0.3122,2026-09-21T16:42:19.353279+00:00,baseline_v1
FT-T008635,Yes,0.5967,2026-09-21T16:42:19.353279+00:00,baseline_v1
FT-T008636,No,0.4372,2026-09-21T16:42:19.353279+00:00,baseline_v1
FT-T008637,No,0.2914,2026-09-21T16:42:19.353279+00:00,baseline_v1
FT-T008638,No,0.2729,2026-09-21T16:42:19.353279+00:00,baseline_v1
FT-T008639,No,0.3007,2026-09-21T16:42:19.353279+00:00,baseline_v1
FT-T008640,Yes,0.5392,2026-09-21T16:42:19.353279+00:00,baseline_v1
FT-T008641,No,0.4179,2026-09-21T16:42:19.353279+00:00,baseline_v1
FT-T008642,No,0.3673,2026-09-21T16:42:19.353279+00:00,baseline_v1
FT-T008643,Yes,0.5411,2026-09-21T16:42:19.353279+00:00,baseline_v1
FT-T008644,No,0.2689,2026-09-21T16:42:19.353279+00:00,baseline_v1
FT-T008645,Yes,0.5516,2026-09-21T16:42:19.353279+00:00,baseline_v1
FT-T008646,No,0.2188,2026-09-21T16:42:19.353279+00:00,baseline_v1
FT-T008647,Yes,0.5006,2026-09-21T16:42:19.353279+00:00,baseline_v1
FT-T008648,No,0.2078,2026-09-21T16:42:19.353279+00:00,baseline_v1
FT-T008649,Yes,0.8202,2026-09-21T16:42:19.353279+00:00,baseline_v1
FT-T008650,No,0.4387,2026-09-21T16:42:19.353279+00:00,baseline_v1
FT-T008651,No,0.2571,2026-09-21T16:42:19.353279+00:00,baseline_v1
FT-T008652,No,0.4418,2026-09-21T16:42:19.353279+00:00,baseline_v1
FT-T008653,No,0.312,2026-09-21T16:42:19.353279+00:00,baseline_v1
FT-T008654,Yes,0.5962,2026-09-21T16:42:19.353279+00:00,baseline_v1
FT-T008655,No,0.2216,2026-09-21T16:42:19.353279+00:00,baseline_v1
FT-T008656,No,0.3807,2026-09-21T16:42:19.353279+00:00,baseline_v1
FT-T008657,Yes,0.6037,2026-09-21T16:42:19.353279+00:00,baseline_v1
FT-T008658,No,0.2354,2026-09-21T16:42:19.353279+00:00,baseline_v1
FT-T008659,Yes,0.6365,2026-09-21T16:42:19.353279+00:00,baseline_v1
FT-T008660,No,0.2895,2026-09-21T16:42:19.353279+00:00,baseline_v1
FT-T008661,No,0.4719,2026-09-21T16:42:19.353279+00:00,baseline_v1
FT-T008662,No,0.4124,2026-09-21T16:42:19.353279+00:00,baseline_v1
FT-T008663,No,0.4257,2026-09-21T16:42:19.353279+00:00,baseline_v1
FT-T008664,No,0.2703,2026-09-21T16:42:19.353279+00:00,baseline_v1
FT-T008665,No,0.2534,2026-09-21T16:42:19.353279+00:00,baseline_v1
FT-T008666,No,0.219,2026-09-21T16:42:19.353279+00:00,baseline_v1
FT-T008667,Yes,0.6751,2026-09-21T16:42:19.353279+00:00,baseline_v1
FT-T008668,Yes,0.8858,2026-09-21T16:42:19.353279+00:00,baseline_v1
FT-T008669,Yes,0.6468,2026-09-21T16:42:19.353279+00:00,baseline_v1
FT-T008670,No,0.482,2026-09-21T16:42:19.353279+00:00,baseline_v1
FT-T008671,Yes,0.678,2026-09-21T16:42:19.353279+00:00,baseline_v1
FT-T008672,No,0.4836,2026-09-21T16:42:19.353279+00:00,baseline_v1
FT-T008673,Yes,0.652,2026-09-21T16:42:19.353279+00:00,baseline_v1
FT-T008674,No,0.4351,2026-09-21T16:42:19.353279+00:00,baseline_v1
FT-T008675,Yes,0.7329,2026-09-21T16:42:19.353279+00:00,baseline_v1
FT-T008676,Yes,0.6212,2026-09-21T16:42:19.353279+00:00,baseline_v1
FT-T008677,Yes,0.6896,2026-09-21T16:42:19.353279+00:00,baseline_v1
FT-T008678,No,0.4011,2026-09-21T16:42:19.353279+00:00,baseline_v1
FT-T008679,Yes,0.6342,2026-09-21T16:42:19.353279+00:00,baseline_v1
FT-T008680,No,0.4004,2026-09-21T16:42:19.353279+00:00,baseline_v1
FT-T008681,Yes,0.5024,2026-09-21T16:42:19.353279+00:00,baseline_v1
FT-T008682,No,0.4986,2026-09-21T16:42:19.353279+00:00,baseline_v1
FT-T008683,Yes,0.6169,2026-09-21T16:42:19.353279+00:00,baseline_v1
FT-T008684,No,0.4328,2026-09-21T16:42:19.353279+00:00,baseline_v1
FT-T008685,Yes,0.5255,2026-09-21T16:42:19.353279+00:00,baseline_v1
FT-T008686,No,0.3696,2026-09-21T16:42:19.353279+00:00,baseline_v1
FT-T008687,No,0.4642,2026-09-21T16:42:19.353279+00:00,baseline_v1
FT-T008688,Yes,0.635,2026-09-21T16:42:19.353279+00:00,baseline_v1
FT-T008689,No,0.4527,2026-09-21T16:42:19.353279+00:00,baseline_v1
FT-T008690,Yes,0.6073,2026-09-21T16:42:19.353279+00:00,baseline_v1
FT-T008691,No,0.3743,2026-09-21T16:42:19.353279+00:00,baseline_v1
FT-T008692,Yes,0.5079,2026-09-21T16:42:19.353279+00:00,baseline_v1
FT-T008693,Yes,0.6449,2026-09-21T16:42:19.353279+00:00,baseline_v1
FT-T008694,No,0.3946,2026-09-21T16:42:19.353279+00:00,baseline_v1
FT-T008695,No,0.3664,2026-09-21T16:42:19.353279+00:00,baseline_v1
FT-T008696,Yes,0.5978,2026-09-21T16:42:19.353279+00:00,baseline_v1
FT-T008697,No,0.3838,2026-09-21T16:42:19.353279+00:00,baseline_v1
FT-T008698,No,0.4244,2026-09-21T16:42:19.353279+00:00,baseline_v1
FT-T008699,Yes,0.5273,2026-09-21T16:42:19.353279+00:00,baseline_v1
FT-T008700,Yes,0.5517,2026-09-21T16:42:19.353279+00:00,baseline_v1
FT-T008701,No,0.4639,2026-09-21T16:42:19.353279+00:00,baseline_v1
FT-T008702,No,0.3759,2026-09-21T16:42:19.353279+00:00,baseline_v1
FT-T008703,Yes,0.5785,2026-09-21T16:42:19.353279+00:00,baseline_v1
FT-T008704,No,0.4041,2026-09-21T16:42:19.353279+00:00,baseline_v1
FT-T008705,No,0.3998,2026-09-21T16:42:19.353279+00:00,baseline_v1
FT-T008706,Yes,0.7643,2026-09-21T16:42:19.353279+00:00,baseline_v1
FT-T008707,Yes,0.7141,2026-09-21T16:42:19.353279+00:00,baseline_v1
FT-T008708,No,0.3462,2026-09-21T16:42:19.353279+00:00,baseline_v1
FT-T008709,No,0.4677,2026-09-21T16:42:19.353279+00:00,baseline_v1
FT-T008710,Yes,0.5713,2026-09-21T16:42:19.353279+00:00,baseline_v1
FT-T008711,No,0.4246,2026-09-21T16:42:19.353279+00:00,baseline_v1
FT-T008712,Yes,0.6188,2026-09-21T16:42:19.353279+00:00,baseline_v1
FT-T008713,No,0.4251,2026-09-21T16:42:19.353279+00:00,baseline_v1
FT-T008714,Yes,0.6271,2026-09-21T16:42:19.353279+00:00,baseline_v1
FT-T008715,Yes,0.6753,2026-09-21T16:42:19.353279+00:00,baseline_v1
FT-T008716,Yes,0.5956,2026-09-21T16:42:19.353279+00:00,baseline_v1
FT-T008717,Yes,0.7025,2026-09-21T16:42:19.353279+00:00,baseline_v1
FT-T008718,Yes,0.6738,2026-09-21T16:42:19.353279+00:00,baseline_v1
FT-T008719,Yes,0.6605,2026-09-21T16:42:19.353279+00:00,baseline_v1
FT-T008720,Yes,0.59,2026-09-21T16:42:19.353279+00:00,baseline_v1
FT-T008721,Yes,0.6251,2026-09-21T16:42:19.353279+00:00,baseline_v1
FT-T008722,No,0.367,2026-09-21T16:42:19.353279+00:00,baseline_v1
FT-T008723,No,0.3653,2026-09-21T16:42:19.353279+00:00,baseline_v1
FT-T008724,No,0.3599,2026-09-21T16:42:19.353279+00:00,baseline_v1
FT-T008725,No,0.3801,2026-09-21T16:42:19.353279+00:00,baseline_v1
FT-T008726,No,0.4935,2026-09-21T16:42:19.353279+00:00,baseline_v1
FT-T008727,No,0.3912,2026-09-21T16:42:19.353279+00:00,baseline_v1
FT-T008728,No,0.42,2026-09-21T16:42:19.353279+00:00,baseline_v1
FT-T008729,No,0.2981,2026-09-21T16:42:19.353279+00:00,baseline_v1
FT-T008730,No,0.3316,2026-09-21T16:42:19.353279+00:00,baseline_v1
FT-T008731,No,0.4094,2026-09-21T16:42:19.353279+00:00,baseline_v1
FT-T008732,Yes,0.6122,2026-09-21T16:42:19.353279+00:00,baseline_v1
FT-T008733,No,0.3519,2026-09-21T16:42:19.353279+00:00,baseline_v1
FT-T008734,Yes,0.6828,2026-09-21T16:42:19.353279+00:00,baseline_v1
FT-T008735,Yes,0.6519,2026-09-21T16:42:19.353279+00:00,baseline_v1
FT-T008736,No,0.2929,2026-09-21T16:42:19.353279+00:00,baseline_v1
FT-T008737,Yes,0.5713,2026-09-21T16:42:19.353279+00:00,baseline_v1
FT-T008738,Yes,0.5673,2026-09-21T16:42:19.353279+00:00,baseline_v1
FT-T008739,Yes,0.6684,2026-09-21T16:42:19.353279+00:00,baseline_v1
FT-T008740,No,0.3768,2026-09-21T16:42:19.353279+00:00,baseline_v1
FT-T008741,No,0.2962,2026-09-21T16:42:19.353279+00:00,baseline_v1
FT-T008742,No,0.3943,2026-09-21T16:42:19.353279+00:00,baseline_v1
FT-T008743,Yes,0.6114,2026-09-21T16:42:19.353279+00:00,baseline_v1
FT-T008744,Yes,0.5731,2026-09-21T16:42:19.353279+00:00,baseline_v1
FT-T008745,Yes,0.6468,2026-09-21T16:42:19.353279+00:00,baseline_v1
FT-T008746,No,0.3087,2026-09-21T16:42:19.353279+00:00,baseline_v1
FT-T008747,No,0.3677,2026-09-21T16:42:19.353279+00:00,baseline_v1
FT-T008748,No,0.3264,2026-09-21T16:42:19.353279+00:00,baseline_v1
FT-T008749,No,0.465,2026-09-21T16:42:19.353279+00:00,baseline_v1
FT-T008750,Yes,0.6244,2026-09-21T16:42:19.353279+00:00,baseline_v1
FT-T008751,Yes,0.5124,2026-09-21T16:42:19.353279+00:00,baseline_v1
FT-T008752,No,0.315,2026-09-21T16:42:19.353279+00:00,baseline_v1
FT-T008753,No,0.4028,2026-09-21T16:42:19.353279+00:00,baseline_v1
FT-T008754,Yes,0.6547,2026-09-21T16:42:19.353279+00:00,baseline_v1
FT-T008755,Yes,0.5684,2026-09-21T16:42:19.353279+00:00,baseline_v1
FT-T008756,Yes,0.5744,2026-09-21T16:42:19.353279+00:00,baseline_v1
FT-T008757,No,0.29,2026-09-21T16:42:19.353279+00:00,baseline_v1
FT-T008758,No,0.319,2026-09-21T16:42:19.353279+00:00,baseline_v1
FT-T008759,No,0.2608,2026-09-21T16:42:19.353279+00:00,baseline_v1
FT-T008760,No,0.2721,2026-09-21T16:42:19.353279+00:00,baseline_v1
FT-T008761,No,0.2886,2026-09-21T16:42:19.353279+00:00,baseline_v1
FT-T008762,Yes,0.7523,2026-09-21T16:42:19.353279+00:00,baseline_v1
FT-T008763,Yes,0.5096,2026-09-21T16:42:19.353279+00:00,baseline_v1
FT-T008764,No,0.3441,2026-09-21T16:42:19.353279+00:00,baseline_v1
FT-T008765,No,0.349,2026-09-21T16:42:19.353279+00:00,baseline_v1
FT-T008766,Yes,0.7776,2026-09-21T16:42:19.353279+00:00,baseline_v1
FT-T008767,No,0.297,2026-09-21T16:42:19.353279+00:00,baseline_v1
FT-T008768,No,0.4417,2026-09-21T16:42:19.353279+00:00,baseline_v1
FT-T008769,Yes,0.5589,2026-09-21T16:42:19.353279+00:00,baseline_v1
FT-T008770,No,0.255,2026-09-21T16:42:19.353279+00:00,baseline_v1
FT-T008771,Yes,0.5536,2026-09-21T16:42:19.353279+00:00,baseline_v1
FT-T008772,Yes,0.6498,2026-09-21T16:42:19.353279+00:00,baseline_v1
FT-T008773,Yes,0.5349,2026-09-21T16:42:19.353279+00:00,baseline_v1
FT-T008774,No,0.4417,2026-09-21T16:42:19.353279+00:00,baseline_v1
FT-T008775,Yes,0.5898,2026-09-21T16:42:19.353279+00:00,baseline_v1
FT-T008776,Yes,0.5822,2026-09-21T16:42:19.353279+00:00,baseline_v1
FT-T008777,No,0.2974,2026-09-21T16:42:19.353279+00:00,baseline_v1
FT-T008778,Yes,0.5075,2026-09-21T16:42:19.353279+00:00,baseline_v1
FT-T008779,No,0.3887,2026-09-21T16:42:19.353279+00:00,baseline_v1
FT-T008780,No,0.258,2026-09-21T16:42:19.353279+00:00,baseline_v1
FT-T008781,No,0.2035,2026-09-21T16:42:19.353279+00:00,baseline_v1
FT-T008782,Yes,0.5048,2026-09-21T16:42:19.353279+00:00,baseline_v1
FT-T008783,Yes,0.5587,2026-09-21T16:42:19.353279+00:00,baseline_v1
FT-T008784,No,0.4822,2026-09-21T16:42:19.353279+00:00,baseline_v1
FT-T008785,No,0.1957,2026-09-21T16:42:19.353279+00:00,baseline_v1
FT-T008786,Yes,0.6885,2026-09-21T16:42:19.353279+00:00,baseline_v1
FT-T008787,Yes,0.8017,2026-09-21T16:42:19.353279+00:00,baseline_v1
FT-T008788,Yes,0.5304,2026-09-21T16:42:19.353279+00:00,baseline_v1
FT-T008789,No,0.2055,2026-09-21T16:42:19.353279+00:00,baseline_v1
FT-T008790,No,0.2089,2026-09-21T16:42:19.353279+00:00,baseline_v1
FT-T008791,Yes,0.628,2026-09-21T16:42:19.353279+00:00,baseline_v1
FT-T008792,Yes,0.7534,2026-09-21T16:42:19.353279+00:00,baseline_v1
FT-T008793,Yes,0.7936,2026-09-21T16:42:19.353279+00:00,baseline_v1
FT-T008794,No,0.3656,2026-09-21T16:42:19.353279+00:00,baseline_v1
FT-T008795,No,0.2072,2026-09-21T16:42:19.353279+00:00,baseline_v1
FT-T008796,Yes,0.5942,2026-09-21T16:42:19.353279+00:00,baseline_v1
FT-T008797,No,0.2344,2026-09-21T16:42:19.353279+00:00,baseline_v1
FT-T008798,No,0.2512,2026-09-21T16:42:19.353279+00:00,baseline_v1
FT-T008799,No,0.2502,2026-09-21T16:42:19.353279+00:00,baseline_v1
FT-T008800,No,0.2538,2026-09-21T16:42:19.353279+00:00,baseline_v1
FT-T008801,No,0.4552,2026-09-21T16:42:19.353279+00:00,baseline_v1
FT-T008802,Yes,0.652,2026-09-21T16:42:19.353279+00:00,baseline_v1
FT-T008803,Yes,0.5914,2026-09-21T16:42:19.353279+00:00,baseline_v1
FT-T008804,Yes,0.5817,2026-09-21T16:42:19.353279+00:00,baseline_v1
FT-T008805,No,0.3831,2026-09-21T16:42:19.353279+00:00,baseline_v1
FT-T008806,Yes,0.7666,2026-09-21T16:42:19.353279+00:00,baseline_v1
FT-T008807,Yes,0.8512,2026-09-21T16:42:19.353279+00:00,baseline_v1
FT-T008808,Yes,0.6647,2026-09-21T16:42:19.353279+00:00,baseline_v1
FT-T008809,Yes,0.73,2026-09-21T16:42:19.353279+00:00,baseline_v1
FT-T008810,Yes,0.6506,2026-09-21T16:42:19.353279+00:00,baseline_v1
FT-T008811,Yes,0.6835,2026-09-21T16:42:19.353279+00:00,baseline_v1
FT-T008812,No,0.4124,2026-09-21T16:42:19.353279+00:00,baseline_v1
FT-T008813,Yes,0.6343,2026-09-21T16:42:19.353279+00:00,baseline_v1
FT-T008814,No,0.3997,2026-09-21T16:42:19.353279+00:00,baseline_v1
FT-T008815,Yes,0.6127,2026-09-21T16:42:19.353279+00:00,baseline_v1
FT-T008816,No,0.4946,2026-09-21T16:42:19.353279+00:00,baseline_v1
FT-T008817,No,0.3625,2026-09-21T16:42:19.353279+00:00,baseline_v1
FT-T008818,Yes,0.6616,2026-09-21T16:42:19.353279+00:00,baseline_v1
FT-T008819,Yes,0.6734,2026-09-21T16:42:19.353279+00:00,baseline_v1
FT-T008820,Yes,0.798,2026-09-21T16:42:19.353279+00:00,baseline_v1
FT-T008821,Yes,0.6259,2026-09-21T16:42:19.353279+00:00,baseline_v1
FT-T008822,Yes,0.6559,2026-09-21T16:42:19.353279+00:00,baseline_v1
FT-T008823,Yes,0.5666,2026-09-21T16:42:19.353279+00:00,baseline_v1
FT-T008824,Yes,0.5531,2026-09-21T16:42:19.353279+00:00,baseline_v1
FT-T008825,No,0.4256,2026-09-21T16:42:19.353279+00:00,baseline_v1
FT-T008826,Yes,0.5148,2026-09-21T16:42:19.353279+00:00,baseline_v1
FT-T008827,No,0.474,2026-09-21T16:42:19.353279+00:00,baseline_v1
FT-T008828,No,0.3745,2026-09-21T16:42:19.353279+00:00,baseline_v1
FT-T008829,Yes,0.6175,2026-09-21T16:42:19.353279+00:00,baseline_v1
FT-T008830,Yes,0.6035,2026-09-21T16:42:19.353279+00:00,baseline_v1
FT-T008831,Yes,0.6072,2026-09-21T16:42:19.353279+00:00,baseline_v1
FT-T008832,No,0.4186,2026-09-21T16:42:19.353279+00:00,baseline_v1
FT-T008833,Yes,0.5913,2026-09-21T16:42:19.353279+00:00,baseline_v1
FT-T008834,Yes,0.6029,2026-09-21T16:42:19.353279+00:00,baseline_v1
FT-T008835,No,0.4285,2026-09-21T16:42:19.353279+00:00,baseline_v1
FT-T008836,Yes,0.6361,2026-09-21T16:42:19.353279+00:00,baseline_v1
FT-T008837,Yes,0.6221,2026-09-21T16:42:19.353279+00:00,baseline_v1
FT-T008838,No,0.3473,2026-09-21T16:42:19.353279+00:00,baseline_v1
FT-T008839,Yes,0.5785,2026-09-21T16:42:19.353279+00:00,baseline_v1
FT-T008840,No,0.3713,2026-09-21T16:42:19.353279+00:00,baseline_v1
FT-T008841,Yes,0.655,2026-09-21T16:42:19.353279+00:00,baseline_v1
FT-T008842,No,0.4014,2026-09-21T16:42:19.353279+00:00,baseline_v1
FT-T008843,Yes,0.5926,2026-09-21T16:42:19.353279+00:00,baseline_v1
FT-T008844,No,0.4998,2026-09-21T16:42:19.353279+00:00,baseline_v1
FT-T008845,No,0.4333,2026-09-21T16:42:19.353279+00:00,baseline_v1
FT-T008846,No,0.4762,2026-09-21T16:42:19.353279+00:00,baseline_v1
FT-T008847,No,0.3869,2026-09-21T16:42:19.353279+00:00,baseline_v1
FT-T008848,Yes,0.815,2026-09-21T16:42:19.353279+00:00,baseline_v1
FT-T008849,Yes,0.6625,2026-09-21T16:42:19.353279+00:00,baseline_v1
FT-T008850,No,0.3366,2026-09-21T16:42:19.353279+00:00,baseline_v1
FT-T008851,Yes,0.706,2026-09-21T16:42:19.353279+00:00,baseline_v1
FT-T008852,No,0.3745,2026-09-21T16:42:19.353279+00:00,baseline_v1
FT-T008853,Yes,0.6134,2026-09-21T16:42:19.353279+00:00,baseline_v1
FT-T008854,No,0.3311,2026-09-21T16:42:19.353279+00:00,baseline_v1
FT-T008855,No,0.3439,2026-09-21T16:42:19.353279+00:00,baseline_v1
FT-T008856,No,0.3736,2026-09-21T16:42:19.353279+00:00,baseline_v1
FT-T008857,No,0.4758,2026-09-21T16:42:19.353279+00:00,baseline_v1
FT-T008858,No,0.4452,2026-09-21T16:42:19.353279+00:00,baseline_v1
FT-T008859,No,0.447,2026-09-21T16:42:19.353279+00:00,baseline_v1
FT-T008860,No,0.3819,2026-09-21T16:42:19.353279+00:00,baseline_v1
FT-T008861,No,0.4378,2026-09-21T16:42:19.353279+00:00,baseline_v1
FT-T008862,No,0.3595,2026-09-21T16:42:19.353279+00:00,baseline_v1
FT-T008863,Yes,0.5569,2026-09-21T16:42:19.353279+00:00,baseline_v1
FT-T008864,No,0.3153,2026-09-21T16:42:19.353279+00:00,baseline_v1
FT-T008865,No,0.3489,2026-09-21T16:42:19.353279+00:00,baseline_v1
FT-T008866,No,0.4467,2026-09-21T16:42:19.353279+00:00,baseline_v1
FT-T008867,No,0.4789,2026-09-21T16:42:19.353279+00:00,baseline_v1
FT-T008868,No,0.4895,2026-09-21T16:42:19.353279+00:00,baseline_v1
FT-T008869,Yes,0.6841,2026-09-21T16:42:19.353279+00:00,baseline_v1
FT-T008870,No,0.421,2026-09-21T16:42:19.353279+00:00,baseline_v1
FT-T008871,Yes,0.5332,2026-09-21T16:42:19.353279+00:00,baseline_v1
FT-T008872,No,0.4387,2026-09-21T16:42:19.353279+00:00,baseline_v1
FT-T008873,Yes,0.588,2026-09-21T16:42:19.353279+00:00,baseline_v1
FT-T008874,No,0.3504,2026-09-21T16:42:19.353279+00:00,baseline_v1
FT-T008875,No,0.3622,2026-09-21T16:42:19.353279+00:00,baseline_v1
FT-T008876,No,0.4218,2026-09-21T16:42:19.353279+00:00,baseline_v1
FT-T008877,No,0.4831,2026-09-21T16:42:19.353279+00:00,baseline_v1
FT-T008878,Yes,0.6076,2026-09-21T16:42:19.353279+00:00,baseline_v1
FT-T008879,No,0.307,2026-09-21T16:42:19.353279+00:00,baseline_v1
FT-T008880,Yes,0.7607,2026-09-21T16:42:19.353279+00:00,baseline_v1
FT-T008881,No,0.3286,2026-09-21T16:42:19.353279+00:00,baseline_v1
FT-T008882,No,0.3113,2026-09-21T16:42:19.353279+00:00,baseline_v1
FT-T008883,No,0.3222,2026-09-21T16:42:19.353279+00:00,baseline_v1
FT-T008884,No,0.3422,2026-09-21T16:42:19.353279+00:00,baseline_v1
FT-T008885,Yes,0.5027,2026-09-21T16:42:19.353279+00:00,baseline_v1
FT-T008886,No,0.4251,2026-09-21T16:42:19.353279+00:00,baseline_v1
FT-T008887,Yes,0.5495,2026-09-21T16:42:19.353279+00:00,baseline_v1
FT-T008888,Yes,0.6435,2026-09-21T16:42:19.353279+00:00,baseline_v1
FT-T008889,No,0.2838,2026-09-21T16:42:19.353279+00:00,baseline_v1
FT-T008890,No,0.4861,2026-09-21T16:42:19.353279+00:00,baseline_v1
FT-T008891,No,0.3167,2026-09-21T16:42:19.353279+00:00,baseline_v1
FT-T008892,Yes,0.5162,2026-09-21T16:42:19.353279+00:00,baseline_v1
FT-T008893,No,0.471,2026-09-21T16:42:19.353279+00:00,baseline_v1
FT-T008894,Yes,0.7177,2026-09-21T16:42:19.353279+00:00,baseline_v1
FT-T008895,Yes,0.5074,2026-09-21T16:42:19.353279+00:00,baseline_v1
FT-T008896,No,0.2608,2026-09-21T16:42:19.353279+00:00,baseline_v1
FT-T008897,No,0.3314,2026-09-21T16:42:19.353279+00:00,baseline_v1
FT-T008898,Yes,0.5104,2026-09-21T16:42:19.353279+00:00,baseline_v1
FT-T008899,No,0.4932,2026-09-21T16:42:19.353279+00:00,baseline_v1
FT-T008900,No,0.3081,2026-09-21T16:42:19.353279+00:00,baseline_v1
FT-T008901,No,0.3158,2026-09-21T16:42:19.353279+00:00,baseline_v1
FT-T008902,No,0.2567,2026-09-21T16:42:19.353279+00:00,baseline_v1
FT-T008903,No,0.3517,2026-09-21T16:42:19.353279+00:00,baseline_v1
FT-T008904,Yes,0.6088,2026-09-21T16:42:19.353279+00:00,baseline_v1
FT-T008905,No,0.4908,2026-09-21T16:42:19.353279+00:00,baseline_v1
FT-T008906,No,0.2888,2026-09-21T16:42:19.353279+00:00,baseline_v1
FT-T008907,Yes,0.5907,2026-09-21T16:42:19.353279+00:00,baseline_v1
FT-T008908,No,0.3246,2026-09-21T16:42:19.353279+00:00,baseline_v1
FT-T008909,Yes,0.6221,2026-09-21T16:42:19.353279+00:00,baseline_v1
FT-T008910,No,0.4563,2026-09-21T16:42:19.353279+00:00,baseline_v1
FT-T008911,No,0.2379,2026-09-21T16:42:19.353279+00:00,baseline_v1
FT-T008912,No,0.2267,2026-09-21T16:42:19.353279+00:00,baseline_v1
FT-T008913,No,0.2818,2026-09-21T16:42:19.353279+00:00,baseline_v1
FT-T008914,Yes,0.5026,2026-09-21T16:42:19.353279+00:00,baseline_v1
FT-T008915,No,0.495,2026-09-21T16:42:19.353279+00:00,baseline_v1
FT-T008916,No,0.3677,2026-09-21T16:42:19.353279+00:00,baseline_v1
FT-T008917,No,0.2479,2026-09-21T16:42:19.353279+00:00,baseline_v1
FT-T008918,No,0.3094,2026-09-21T16:42:19.353279+00:00,baseline_v1
FT-T008919,No,0.2854,2026-09-21T16:42:19.353279+00:00,baseline_v1
FT-T008920,No,0.4558,2026-09-21T16:42:19.353279+00:00,baseline_v1
FT-T008921,No,0.4048,2026-09-21T16:42:19.353279+00:00,baseline_v1
FT-T008922,No,0.2919,2026-09-21T16:42:19.353279+00:00,baseline_v1
FT-T008923,No,0.3538,2026-09-21T16:42:19.353279+00:00,baseline_v1
FT-T008924,No,0.4706,2026-09-21T16:42:19.353279+00:00,baseline_v1
FT-T008925,No,0.2429,2026-09-21T16:42:19.353279+00:00,baseline_v1
FT-T008926,No,0.3712,2026-09-21T16:42:19.353279+00:00,baseline_v1
FT-T008927,No,0.2755,2026-09-21T16:42:19.353279+00:00,baseline_v1
FT-T008928,Yes,0.5759,2026-09-21T16:42:19.353279+00:00,baseline_v1
FT-T008929,Yes,0.6928,2026-09-21T16:42:19.353279+00:00,baseline_v1
FT-T008930,No,0.3405,2026-09-21T16:42:19.353279+00:00,baseline_v1
FT-T008931,No,0.4292,2026-09-21T16:42:19.353279+00:00,baseline_v1
FT-T008932,No,0.2904,2026-09-21T16:42:19.353279+00:00,baseline_v1
FT-T008933,No,0.2721,2026-09-21T16:42:19.353279+00:00,baseline_v1
FT-T008934,No,0.4069,2026-09-21T16:42:19.353279+00:00,baseline_v1
FT-T008935,Yes,0.5731,2026-09-21T16:42:19.353279+00:00,baseline_v1
FT-T008936,Yes,0.7323,2026-09-21T16:42:19.353279+00:00,baseline_v1
FT-T008937,No,0.3942,2026-09-21T16:42:19.353279+00:00,baseline_v1
FT-T008938,Yes,0.6448,2026-09-21T16:42:19.353279+00:00,baseline_v1
FT-T008939,Yes,0.6666,2026-09-21T16:42:19.353279+00:00,baseline_v1
FT-T008940,Yes,0.6617,2026-09-21T16:42:19.353279+00:00,baseline_v1
FT-T008941,Yes,0.615,2026-09-21T16:42:19.353279+00:00,baseline_v1
FT-T008942,No,0.4342,2026-09-21T16:42:19.353279+00:00,baseline_v1
FT-T008943,Yes,0.6641,2026-09-21T16:42:19.353279+00:00,baseline_v1
FT-T008944,Yes,0.84,2026-09-21T16:42:19.353279+00:00,baseline_v1
FT-T008945,Yes,0.6724,2026-09-21T16:42:19.353279+00:00,baseline_v1
FT-T008946,Yes,0.6371,2026-09-21T16:42:19.353279+00:00,baseline_v1
FT-T008947,Yes,0.5836,2026-09-21T16:42:19.353279+00:00,baseline_v1
FT-T008948,No,0.473,2026-09-21T16:42:19.353279+00:00,baseline_v1
FT-T008949,No,0.3569,2026-09-21T16:42:19.353279+00:00,baseline_v1
FT-T008950,No,0.4028,2026-09-21T16:42:19.353279+00:00,baseline_v1
FT-T008951,Yes,0.6917,2026-09-21T16:42:19.353279+00:00,baseline_v1
FT-T008952,Yes,0.6104,2026-09-21T16:42:19.353279+00:00,baseline_v1
FT-T008953,No,0.4801,2026-09-21T16:42:19.353279+00:00,baseline_v1
FT-T008954,Yes,0.6274,2026-09-21T16:42:19.353279+00:00,baseline_v1
FT-T008955,Yes,0.6417,2026-09-21T16:42:19.353279+00:00,baseline_v1
FT-T008956,Yes,0.6171,2026-09-21T16:42:19.353279+00:00,baseline_v1
FT-T008957,No,0.3957,2026-09-21T16:42:19.353279+00:00,baseline_v1
FT-T008958,No,0.3218,2026-09-21T16:42:19.353279+00:00,baseline_v1
FT-T008959,No,0.3134,2026-09-21T16:42:19.353279+00:00,baseline_v1
FT-T008960,No,0.48,2026-09-21T16:42:19.353279+00:00,baseline_v1
FT-T008961,No,0.451,2026-09-21T16:42:19.353279+00:00,baseline_v1
FT-T008962,Yes,0.5937,2026-09-21T16:42:19.353279+00:00,baseline_v1
FT-T008963,Yes,0.6978,2026-09-21T16:42:19.353279+00:00,baseline_v1
FT-T008964,Yes,0.5549,2026-09-21T16:42:19.353279+00:00,baseline_v1
FT-T008965,No,0.4097,2026-09-21T16:42:19.353279+00:00,baseline_v1
FT-T008966,Yes,0.6694,2026-09-21T16:42:19.353279+00:00,baseline_v1
FT-T008967,Yes,0.6147,2026-09-21T16:42:19.353279+00:00,baseline_v1
FT-T008968,Yes,0.6619,2026-09-21T16:42:19.353279+00:00,baseline_v1
FT-T008969,Yes,0.554,2026-09-21T16:42:19.353279+00:00,baseline_v1
FT-T008970,Yes,0.6381,2026-09-21T16:42:19.353279+00:00,baseline_v1
FT-T008971,Yes,0.6163,2026-09-21T16:42:19.353279+00:00,baseline_v1
FT-T008972,Yes,0.7037,2026-09-21T16:42:19.353279+00:00,baseline_v1
FT-T008973,No,0.3425,2026-09-21T16:42:19.353279+00:00,baseline_v1
FT-T008974,No,0.3396,2026-09-21T16:42:19.353279+00:00,baseline_v1
FT-T008975,No,0.3907,2026-09-21T16:42:19.353279+00:00,baseline_v1
FT-T008976,No,0.3968,2026-09-21T16:42:19.353279+00:00,baseline_v1
FT-T008977,Yes,0.5463,2026-09-21T16:42:19.353279+00:00,baseline_v1
FT-T008978,Yes,0.6633,2026-09-21T16:42:19.353279+00:00,baseline_v1
FT-T008979,Yes,0.6563,2026-09-21T16:42:19.353279+00:00,baseline_v1
FT-T008980,Yes,0.8261,2026-09-21T16:42:19.353279+00:00,baseline_v1
FT-T008981,Yes,0.7751,2026-09-21T16:42:19.353279+00:00,baseline_v1
FT-T008982,No,0.3772,2026-09-21T16:42:19.353279+00:00,baseline_v1
FT-T008983,No,0.404,2026-09-21T16:42:19.353279+00:00,baseline_v1
FT-T008984,Yes,0.6461,2026-09-21T16:42:19.353279+00:00,baseline_v1
FT-T008985,No,0.3546,2026-09-21T16:42:19.353279+00:00,baseline_v1
FT-T008986,Yes,0.5918,2026-09-21T16:42:19.353279+00:00,baseline_v1
FT-T008987,No,0.3868,2026-09-21T16:42:19.353279+00:00,baseline_v1
FT-T008988,No,0.2778,2026-09-21T16:42:19.353279+00:00,baseline_v1
FT-T008989,No,0.4225,2026-09-21T16:42:19.353279+00:00,baseline_v1
FT-T008990,No,0.3286,2026-09-21T16:42:19.353279+00:00,baseline_v1
FT-T008991,No,0.4041,2026-09-21T16:42:19.353279+00:00,baseline_v1
FT-T008992,Yes,0.5798,2026-09-21T16:42:19.353279+00:00,baseline_v1
FT-T008993,No,0.3091,2026-09-21T16:42:19.353279+00:00,baseline_v1
FT-T008994,No,0.4712,2026-09-21T16:42:19.353279+00:00,baseline_v1
FT-T008995,No,0.3598,2026-09-21T16:42:19.353279+00:00,baseline_v1
FT-T008996,Yes,0.5448,2026-09-21T16:42:19.353279+00:00,baseline_v1
FT-T008997,Yes,0.5571,2026-09-21T16:42:19.353279+00:00,baseline_v1
FT-T008998,No,0.3864,2026-09-21T16:42:19.353279+00:00,baseline_v1
FT-T008999,Yes,0.6785,2026-09-21T16:42:19.353279+00:00,baseline_v1
FT-T009000,Yes,0.6766,2026-09-21T16:42:19.353279+00:00,baseline_v1
FT-T009001,Yes,0.5557,2026-09-21T16:42:19.353279+00:00,baseline_v1
FT-T009002,No,0.3204,2026-09-21T16:42:19.353279+00:00,baseline_v1
FT-T009003,No,0.375,2026-09-21T16:42:19.353279+00:00,baseline_v1
FT-T009004,No,0.3791,2026-09-21T16:42:19.353279+00:00,baseline_v1
FT-T009005,No,0.2739,2026-09-21T16:42:19.353279+00:00,baseline_v1
FT-T009006,No,0.385,2026-09-21T16:42:19.353279+00:00,baseline_v1
FT-T009007,No,0.2759,2026-09-21T16:42:19.353279+00:00,baseline_v1
FT-T009008,No,0.3204,2026-09-21T16:42:19.353279+00:00,baseline_v1
FT-T009009,Yes,0.5777,2026-09-21T16:42:19.353279+00:00,baseline_v1
FT-T009010,No,0.3855,2026-09-21T16:42:19.353279+00:00,baseline_v1
FT-T009011,No,0.3079,2026-09-21T16:42:19.353279+00:00,baseline_v1
FT-T009012,No,0.3637,2026-09-21T16:42:19.353279+00:00,baseline_v1
FT-T009013,Yes,0.5671,2026-09-21T16:42:19.353279+00:00,baseline_v1
FT-T009014,No,0.3118,2026-09-21T16:42:19.353279+00:00,baseline_v1
FT-T009015,No,0.2905,2026-09-21T16:42:19.353279+00:00,baseline_v1
FT-T009016,No,0.3291,2026-09-21T16:42:19.353279+00:00,baseline_v1
FT-T009017,No,0.2893,2026-09-21T16:42:19.353279+00:00,baseline_v1
FT-T009018,No,0.3688,2026-09-21T16:42:19.353279+00:00,baseline_v1
FT-T009019,No,0.3211,2026-09-21T16:42:19.353279+00:00,baseline_v1
FT-T009020,No,0.2968,2026-09-21T16:42:19.353279+00:00,baseline_v1
FT-T009021,Yes,0.5648,2026-09-21T16:42:19.353279+00:00,baseline_v1
FT-T009022,No,0.276,2026-09-21T16:42:19.353279+00:00,baseline_v1
FT-T009023,No,0.4793,2026-09-21T16:42:19.353279+00:00,baseline_v1
FT-T009024,Yes,0.667,2026-09-21T16:42:19.353279+00:00,baseline_v1
FT-T009025,No,0.4824,2026-09-21T16:42:19.353279+00:00,baseline_v1
FT-T009026,Yes,0.5174,2026-09-21T16:42:19.353279+00:00,baseline_v1
FT-T009027,No,0.3671,2026-09-21T16:42:19.353279+00:00,baseline_v1
FT-T009028,No,0.3761,2026-09-21T16:42:19.353279+00:00,baseline_v1
FT-T009029,Yes,0.5577,2026-09-21T16:42:19.353279+00:00,baseline_v1
FT-T009030,Yes,0.5883,2026-09-21T16:42:19.353279+00:00,baseline_v1
FT-T009031,Yes,0.5219,2026-09-21T16:42:19.353279+00:00,baseline_v1
FT-T009032,No,0.4588,2026-09-21T16:42:19.353279+00:00,baseline_v1
FT-T009033,Yes,0.508,2026-09-21T16:42:19.353279+00:00,baseline_v1
FT-T009034,No,0.3135,2026-09-21T16:42:19.353279+00:00,baseline_v1
FT-T009035,No,0.2689,2026-09-21T16:42:19.353279+00:00,baseline_v1
FT-T009036,No,0.2668,2026-09-21T16:42:19.353279+00:00,baseline_v1
FT-T009037,No,0.1983,2026-09-21T16:42:19.353279+00:00,baseline_v1
FT-T009038,Yes,0.5182,2026-09-21T16:42:19.353279+00:00,baseline_v1
FT-T009039,No,0.2711,2026-09-21T16:42:19.353279+00:00,baseline_v1
FT-T009040,Yes,0.5552,2026-09-21T16:42:19.353279+00:00,baseline_v1
FT-T009041,No,0.2587,2026-09-21T16:42:19.353279+00:00,baseline_v1
FT-T009042,Yes,0.6024,2026-09-21T16:42:19.353279+00:00,baseline_v1
FT-T009043,No,0.249,2026-09-21T16:42:19.353279+00:00,baseline_v1
FT-T009044,Yes,0.5848,2026-09-21T16:42:19.353279+00:00,baseline_v1
FT-T009045,No,0.261,2026-09-21T16:42:19.353279+00:00,baseline_v1
FT-T009046,Yes,0.5735,2026-09-21T16:42:19.353279+00:00,baseline_v1
FT-T009047,Yes,0.7558,2026-09-21T16:42:19.353279+00:00,baseline_v1
FT-T009048,No,0.2215,2026-09-21T16:42:19.353279+00:00,baseline_v1
FT-T009049,Yes,0.5017,2026-09-21T16:42:19.353279+00:00,baseline_v1
FT-T009050,No,0.448,2026-09-21T16:42:19.353279+00:00,baseline_v1
FT-T009051,No,0.3313,2026-09-21T16:42:19.353279+00:00,baseline_v1
FT-T009052,No,0.2823,2026-09-21T16:42:19.353279+00:00,baseline_v1
FT-T009053,No,0.4939,2026-09-21T16:42:19.353279+00:00,baseline_v1
FT-T009054,Yes,0.5522,2026-09-21T16:42:19.353279+00:00,baseline_v1
FT-T009055,No,0.2996,2026-09-21T16:42:19.353279+00:00,baseline_v1
FT-T009056,No,0.4579,2026-09-21T16:42:19.353279+00:00,baseline_v1
FT-T009057,No,0.3961,2026-09-21T16:42:19.353279+00:00,baseline_v1
FT-T009058,No,0.4426,2026-09-21T16:42:19.353279+00:00,baseline_v1
FT-T009059,No,0.4477,2026-09-21T16:42:19.353279+00:00,baseline_v1
FT-T009060,No,0.3886,2026-09-21T16:42:19.353279+00:00,baseline_v1
FT-T009061,Yes,0.6328,2026-09-21T16:42:19.353279+00:00,baseline_v1
FT-T009062,Yes,0.5386,2026-09-21T16:42:19.353279+00:00,baseline_v1
FT-T009063,No,0.4711,2026-09-21T16:42:19.353279+00:00,baseline_v1
FT-T009064,No,0.4166,2026-09-21T16:42:19.353279+00:00,baseline_v1
FT-T009065,No,0.235,2026-09-21T16:42:19.353279+00:00,baseline_v1
FT-T009066,No,0.4633,2026-09-21T16:42:19.353279+00:00,baseline_v1
FT-T009067,Yes,0.674,2026-09-21T16:42:19.353279+00:00,baseline_v1
FT-T009068,Yes,0.6909,2026-09-21T16:42:19.353279+00:00,baseline_v1
FT-T009069,No,0.3667,2026-09-21T16:42:19.353279+00:00,baseline_v1
FT-T009070,Yes,0.7695,2026-09-21T16:42:19.353279+00:00,baseline_v1
FT-T009071,Yes,0.6828,2026-09-21T16:42:19.353279+00:00,baseline_v1
FT-T009072,No,0.4591,2026-09-21T16:42:19.353279+00:00,baseline_v1
FT-T009073,No,0.3412,2026-09-21T16:42:19.353279+00:00,baseline_v1
FT-T009074,No,0.3813,2026-09-21T16:42:19.353279+00:00,baseline_v1
FT-T009075,Yes,0.6335,2026-09-21T16:42:19.353279+00:00,baseline_v1
FT-T009076,Yes,0.6726,2026-09-21T16:42:19.353279+00:00,baseline_v1
FT-T009077,No,0.4604,2026-09-21T16:42:19.353279+00:00,baseline_v1
FT-T009078,Yes,0.5691,2026-09-21T16:42:19.353279+00:00,baseline_v1
FT-T009079,No,0.4543,2026-09-21T16:42:19.353279+00:00,baseline_v1
FT-T009080,Yes,0.5119,2026-09-21T16:42:19.353279+00:00,baseline_v1
FT-T009081,Yes,0.6646,2026-09-21T16:42:19.353279+00:00,baseline_v1
FT-T009082,Yes,0.5254,2026-09-21T16:42:19.353279+00:00,baseline_v1
FT-T009083,Yes,0.8494,2026-09-21T16:42:19.353279+00:00,baseline_v1
FT-T009084,Yes,0.8413,2026-09-21T16:42:19.353279+00:00,baseline_v1
FT-T009085,Yes,0.8444,2026-09-21T16:42:19.353279+00:00,baseline_v1
FT-T009086,Yes,0.5983,2026-09-21T16:42:19.353279+00:00,baseline_v1
FT-T009087,Yes,0.7694,2026-09-21T16:42:19.353279+00:00,baseline_v1
FT-T009088,No,0.4517,2026-09-21T16:42:19.353279+00:00,baseline_v1
FT-T009089,No,0.4713,2026-09-21T16:42:19.353279+00:00,baseline_v1
FT-T009090,Yes,0.6032,2026-09-21T16:42:19.353279+00:00,baseline_v1
FT-T009091,No,0.4092,2026-09-21T16:42:19.353279+00:00,baseline_v1
FT-T009092,No,0.4135,2026-09-21T16:42:19.353279+00:00,baseline_v1
FT-T009093,No,0.4559,2026-09-21T16:42:19.353279+00:00,baseline_v1
FT-T009094,Yes,0.548,2026-09-21T16:42:19.353279+00:00,baseline_v1
FT-T009095,Yes,0.6147,2026-09-21T16:42:19.353279+00:00,baseline_v1
FT-T009096,Yes,0.6249,2026-09-21T16:42:19.353279+00:00,baseline_v1
FT-T009097,Yes,0.6429,2026-09-21T16:42:19.353279+00:00,baseline_v1
FT-T009098,No,0.349,2026-09-21T16:42:19.353279+00:00,baseline_v1
FT-T009099,No,0.4007,2026-09-21T16:42:19.353279+00:00,baseline_v1
FT-T009100,No,0.3145,2026-09-21T16:42:19.353279+00:00,baseline_v1
FT-T009101,Yes,0.5787,2026-09-21T16:42:19.353279+00:00,baseline_v1
FT-T009102,No,0.3343,2026-09-21T16:42:19.353279+00:00,baseline_v1
FT-T009103,Yes,0.8317,2026-09-21T16:42:19.353279+00:00,baseline_v1
FT-T009104,Yes,0.6404,2026-09-21T16:42:19.353279+00:00,baseline_v1
FT-T009105,No,0.3945,2026-09-21T16:42:19.353279+00:00,baseline_v1
FT-T009106,Yes,0.6211,2026-09-21T16:42:19.353279+00:00,baseline_v1
FT-T009107,Yes,0.6616,2026-09-21T16:42:19.353279+00:00,baseline_v1
FT-T009108,No,0.3243,2026-09-21T16:42:19.353279+00:00,baseline_v1
FT-T009109,Yes,0.752,2026-09-21T16:42:19.353279+00:00,baseline_v1
FT-T009110,No,0.3833,2026-09-21T16:42:19.353279+00:00,baseline_v1
FT-T009111,No,0.4762,2026-09-21T16:42:19.353279+00:00,baseline_v1
FT-T009112,No,0.4037,2026-09-21T16:42:19.353279+00:00,baseline_v1
FT-T009113,No,0.3211,2026-09-21T16:42:19.353279+00:00,baseline_v1
FT-T009114,Yes,0.5018,2026-09-21T16:42:19.353279+00:00,baseline_v1
FT-T009115,Yes,0.6008,2026-09-21T16:42:19.353279+00:00,baseline_v1
FT-T009116,No,0.3919,2026-09-21T16:42:19.353279+00:00,baseline_v1
FT-T009117,Yes,0.5437,2026-09-21T16:42:19.353279+00:00,baseline_v1
FT-T009118,No,0.3521,2026-09-21T16:42:19.353279+00:00,baseline_v1
FT-T009119,No,0.3904,2026-09-21T16:42:19.353279+00:00,baseline_v1
FT-T009120,Yes,0.564,2026-09-21T16:42:19.353279+00:00,baseline_v1
FT-T009121,No,0.371,2026-09-21T16:42:19.353279+00:00,baseline_v1
FT-T009122,No,0.3396,2026-09-21T16:42:19.353279+00:00,baseline_v1
FT-T009123,Yes,0.8196,2026-09-21T16:42:19.353279+00:00,baseline_v1
FT-T009124,No,0.3712,2026-09-21T16:42:19.353279+00:00,baseline_v1
FT-T009125,Yes,0.5726,2026-09-21T16:42:19.353279+00:00,baseline_v1
FT-T009126,Yes,0.5596,2026-09-21T16:42:19.353279+00:00,baseline_v1
FT-T009127,Yes,0.5887,2026-09-21T16:42:19.353279+00:00,baseline_v1
FT-T009128,No,0.3715,2026-09-21T16:42:19.353279+00:00,baseline_v1
FT-T009129,No,0.2969,2026-09-21T16:42:19.353279+00:00,baseline_v1
FT-T009130,Yes,0.6493,2026-09-21T16:42:19.353279+00:00,baseline_v1
FT-T009131,No,0.3272,2026-09-21T16:42:19.353279+00:00,baseline_v1
FT-T009132,No,0.4621,2026-09-21T16:42:19.353279+00:00,baseline_v1
FT-T009133,No,0.2914,2026-09-21T16:42:19.353279+00:00,baseline_v1
FT-T009134,No,0.334,2026-09-21T16:42:19.353279+00:00,baseline_v1
FT-T009135,Yes,0.5631,2026-09-21T16:42:19.353279+00:00,baseline_v1
FT-T009136,No,0.3228,2026-09-21T16:42:19.353279+00:00,baseline_v1
FT-T009137,Yes,0.5833,2026-09-21T16:42:19.353279+00:00,baseline_v1
FT-T009138,No,0.3643,2026-09-21T16:42:19.353279+00:00,baseline_v1
FT-T009139,No,0.3281,2026-09-21T16:42:19.353279+00:00,baseline_v1
FT-T009140,No,0.3031,2026-09-21T16:42:19.353279+00:00,baseline_v1
FT-T009141,Yes,0.7567,2026-09-21T16:42:19.353279+00:00,baseline_v1
FT-T009142,Yes,0.5661,2026-09-21T16:42:19.353279+00:00,baseline_v1
FT-T009143,No,0.3263,2026-09-21T16:42:19.353279+00:00,baseline_v1
FT-T009144,Yes,0.6478,2026-09-21T16:42:19.353279+00:00,baseline_v1
FT-T009145,No,0.309,2026-09-21T16:42:19.353279+00:00,baseline_v1
FT-T009146,No,0.261,2026-09-21T16:42:19.353279+00:00,baseline_v1
FT-T009147,Yes,0.5155,2026-09-21T16:42:19.353279+00:00,baseline_v1
FT-T009148,Yes,0.7032,2026-09-21T16:42:19.353279+00:00,baseline_v1
FT-T009149,No,0.4798,2026-09-21T16:42:19.353279+00:00,baseline_v1
FT-T009150,No,0.4743,2026-09-21T16:42:19.353279+00:00,baseline_v1
FT-T009151,Yes,0.5129,2026-09-21T16:42:19.353279+00:00,baseline_v1
FT-T009152,Yes,0.5844,2026-09-21T16:42:19.353279+00:00,baseline_v1
FT-T009153,Yes,0.5174,2026-09-21T16:42:19.353279+00:00,baseline_v1
FT-T009154,No,0.3274,2026-09-21T16:42:19.353279+00:00,baseline_v1
FT-T009155,Yes,0.512,2026-09-21T16:42:19.353279+00:00,baseline_v1
FT-T009156,No,0.2988,2026-09-21T16:42:19.353279+00:00,baseline_v1
FT-T009157,No,0.3424,2026-09-21T16:42:19.353279+00:00,baseline_v1
FT-T009158,No,0.42,2026-09-21T16:42:19.353279+00:00,baseline_v1
FT-T009159,No,0.2529,2026-09-21T16:42:19.353279+00:00,baseline_v1
FT-T009160,Yes,0.5178,2026-09-21T16:42:19.353279+00:00,baseline_v1
FT-T009161,Yes,0.6759,2026-09-21T16:42:19.353279+00:00,baseline_v1
FT-T009162,No,0.4248,2026-09-21T16:42:19.353279+00:00,baseline_v1
FT-T009163,No,0.2873,2026-09-21T16:42:19.353279+00:00,baseline_v1
FT-T009164,No,0.2478,2026-09-21T16:42:19.353279+00:00,baseline_v1
FT-T009165,No,0.3863,2026-09-21T16:42:19.353279+00:00,baseline_v1
FT-T009166,Yes,0.7199,2026-09-21T16:42:19.353279+00:00,baseline_v1
FT-T009167,Yes,0.5438,2026-09-21T16:42:19.353279+00:00,baseline_v1
FT-T009168,No,0.2706,2026-09-21T16:42:19.353279+00:00,baseline_v1
FT-T009169,No,0.2306,2026-09-21T16:42:19.353279+00:00,baseline_v1
FT-T009170,No,0.2432,2026-09-21T16:42:19.353279+00:00,baseline_v1
FT-T009171,Yes,0.5113,2026-09-21T16:42:19.353279+00:00,baseline_v1
FT-T009172,Yes,0.5679,2026-09-21T16:42:19.353279+00:00,baseline_v1
FT-T009173,No,0.303,2026-09-21T16:42:19.353279+00:00,baseline_v1
FT-T009174,Yes,0.5154,2026-09-21T16:42:19.353279+00:00,baseline_v1
FT-T009175,No,0.3341,2026-09-21T16:42:19.353279+00:00,baseline_v1
FT-T009176,No,0.2562,2026-09-21T16:42:19.353279+00:00,baseline_v1
FT-T009177,No,0.2762,2026-09-21T16:42:19.353279+00:00,baseline_v1
FT-T009178,No,0.496,2026-09-21T16:42:19.353279+00:00,baseline_v1
FT-T009179,Yes,0.5977,2026-09-21T16:42:19.353279+00:00,baseline_v1
FT-T009180,No,0.2732,2026-09-21T16:42:19.353279+00:00,baseline_v1
FT-T009181,No,0.4979,2026-09-21T16:42:19.353279+00:00,baseline_v1
FT-T009182,Yes,0.6775,2026-09-21T16:42:19.353279+00:00,baseline_v1
FT-T009183,No,0.2628,2026-09-21T16:42:19.353279+00:00,baseline_v1
FT-T009184,No,0.4406,2026-09-21T16:42:19.353279+00:00,baseline_v1
FT-T009185,No,0.333,2026-09-21T16:42:19.353279+00:00,baseline_v1
FT-T009186,No,0.2983,2026-09-21T16:42:19.353279+00:00,baseline_v1
FT-T009187,No,0.2155,2026-09-21T16:42:19.353279+00:00,baseline_v1
FT-T009188,No,0.3615,2026-09-21T16:42:19.353279+00:00,baseline_v1
FT-T009189,No,0.3976,2026-09-21T16:42:19.353279+00:00,baseline_v1
FT-T009190,No,0.4075,2026-09-21T16:42:19.353279+00:00,baseline_v1
FT-T009191,No,0.4833,2026-09-21T16:42:19.353279+00:00,baseline_v1
FT-T009192,No,0.2512,2026-09-21T16:42:19.353279+00:00,baseline_v1
FT-T009193,No,0.2768,2026-09-21T16:42:19.353279+00:00,baseline_v1
FT-T009194,No,0.4387,2026-09-21T16:42:19.353279+00:00,baseline_v1
FT-T009195,No,0.3394,2026-09-21T16:42:19.353279+00:00,baseline_v1
FT-T009196,No,0.3804,2026-09-21T16:42:19.353279+00:00,baseline_v1
FT-T009197,No,0.1961,2026-09-21T16:42:19.353279+00:00,baseline_v1
FT-T009198,No,0.4196,2026-09-21T16:42:19.353279+00:00,baseline_v1
FT-T009199,No,0.3286,2026-09-21T16:42:19.353279+00:00,baseline_v1
FT-T009200,No,0.4434,2026-09-21T16:42:19.353279+00:00,baseline_v1
FT-T009201,No,0.4365,2026-09-21T16:42:19.353279+00:00,baseline_v1
FT-T009202,No,0.3806,2026-09-21T16:42:19.353279+00:00,baseline_v1
FT-T009203,Yes,0.5002,2026-09-21T16:42:19.353279+00:00,baseline_v1
FT-T009204,Yes,0.6073,2026-09-21T16:42:19.353279+00:00,baseline_v1
FT-T009205,Yes,0.5484,2026-09-21T16:42:19.353279+00:00,baseline_v1
FT-T009206,Yes,0.7529,2026-09-21T16:42:19.353279+00:00,baseline_v1
FT-T009207,No,0.3815,2026-09-21T16:42:19.353279+00:00,baseline_v1
FT-T009208,No,0.3949,2026-09-21T16:42:19.353279+00:00,baseline_v1
FT-T009209,No,0.3285,2026-09-21T16:42:19.353279+00:00,baseline_v1
FT-T009210,No,0.4456,2026-09-21T16:42:19.353279+00:00,baseline_v1
FT-T009211,Yes,0.6789,2026-09-21T16:42:19.353279+00:00,baseline_v1
FT-T009212,Yes,0.6328,2026-09-21T16:42:19.353279+00:00,baseline_v1
FT-T009213,Yes,0.6894,2026-09-21T16:42:19.353279+00:00,baseline_v1
FT-T009214,No,0.4525,2026-09-21T16:42:19.353279+00:00,baseline_v1
FT-T009215,Yes,0.6655,2026-09-21T16:42:19.353279+00:00,baseline_v1
FT-T009216,Yes,0.6981,2026-09-21T16:42:19.353279+00:00,baseline_v1
FT-T009217,No,0.3796,2026-09-21T16:42:19.353279+00:00,baseline_v1
FT-T009218,Yes,0.7553,2026-09-21T16:42:19.353279+00:00,baseline_v1
FT-T009219,No,0.4863,2026-09-21T16:42:19.353279+00:00,baseline_v1
FT-T009220,Yes,0.5597,2026-09-21T16:42:19.353279+00:00,baseline_v1
FT-T009221,No,0.4338,2026-09-21T16:42:19.353279+00:00,baseline_v1
FT-T009222,Yes,0.7344,2026-09-21T16:42:19.353279+00:00,baseline_v1
FT-T009223,No,0.4104,2026-09-21T16:42:19.353279+00:00,baseline_v1
FT-T009224,Yes,0.6386,2026-09-21T16:42:19.353279+00:00,baseline_v1
FT-T009225,Yes,0.6567,2026-09-21T16:42:19.353279+00:00,baseline_v1
FT-T009226,No,0.3743,2026-09-21T16:42:19.353279+00:00,baseline_v1
FT-T009227,Yes,0.6867,2026-09-21T16:42:19.353279+00:00,baseline_v1
FT-T009228,No,0.4237,2026-09-21T16:42:19.353279+00:00,baseline_v1
FT-T009229,Yes,0.6287,2026-09-21T16:42:19.353279+00:00,baseline_v1
FT-T009230,Yes,0.7834,2026-09-21T16:42:19.353279+00:00,baseline_v1
FT-T009231,Yes,0.7316,2026-09-21T16:42:19.353279+00:00,baseline_v1
FT-T009232,No,0.4957,2026-09-21T16:42:19.353279+00:00,baseline_v1
FT-T009233,No,0.3554,2026-09-21T16:42:19.353279+00:00,baseline_v1
FT-T009234,No,0.3963,2026-09-21T16:42:19.353279+00:00,baseline_v1
FT-T009235,Yes,0.5221,2026-09-21T16:42:19.353279+00:00,baseline_v1
FT-T009236,No,0.3361,2026-09-21T16:42:19.353279+00:00,baseline_v1
FT-T009237,Yes,0.5206,2026-09-21T16:42:19.353279+00:00,baseline_v1
FT-T009238,No,0.4782,2026-09-21T16:42:19.353279+00:00,baseline_v1
FT-T009239,Yes,0.6213,2026-09-21T16:42:19.353279+00:00,baseline_v1
FT-T009240,No,0.286,2026-09-21T16:42:19.353279+00:00,baseline_v1
FT-T009241,No,0.3711,2026-09-21T16:42:19.353279+00:00,baseline_v1
FT-T009242,Yes,0.5986,2026-09-21T16:42:19.353279+00:00,baseline_v1
FT-T009243,Yes,0.5826,2026-09-21T16:42:19.353279+00:00,baseline_v1
FT-T009244,No,0.3617,2026-09-21T16:42:19.353279+00:00,baseline_v1
FT-T009245,No,0.4056,2026-09-21T16:42:19.353279+00:00,baseline_v1
FT-T009246,Yes,0.6671,2026-09-21T16:42:19.353279+00:00,baseline_v1
FT-T009247,No,0.3495,2026-09-21T16:42:19.353279+00:00,baseline_v1
FT-T009248,Yes,0.6103,2026-09-21T16:42:19.353279+00:00,baseline_v1
FT-T009249,Yes,0.8878,2026-09-21T16:42:19.353279+00:00,baseline_v1
FT-T009250,No,0.3961,2026-09-21T16:42:19.353279+00:00,baseline_v1
FT-T009251,No,0.3583,2026-09-21T16:42:19.353279+00:00,baseline_v1
FT-T009252,Yes,0.5819,2026-09-21T16:42:19.353279+00:00,baseline_v1
FT-T009253,No,0.2906,2026-09-21T16:42:19.353279+00:00,baseline_v1
FT-T009254,No,0.3707,2026-09-21T16:42:19.353279+00:00,baseline_v1
FT-T009255,Yes,0.5239,2026-09-21T16:42:19.353279+00:00,baseline_v1
FT-T009256,No,0.3005,2026-09-21T16:42:19.353279+00:00,baseline_v1
FT-T009257,Yes,0.5222,2026-09-21T16:42:19.353279+00:00,baseline_v1
FT-T009258,Yes,0.5159,2026-09-21T16:42:19.353279+00:00,baseline_v1
FT-T009259,No,0.3718,2026-09-21T16:42:19.353279+00:00,baseline_v1
FT-T009260,Yes,0.8296,2026-09-21T16:42:19.353279+00:00,baseline_v1
FT-T009261,Yes,0.8186,2026-09-21T16:42:19.353279+00:00,baseline_v1
FT-T009262,Yes,0.615,2026-09-21T16:42:19.353279+00:00,baseline_v1
FT-T009263,No,0.3782,2026-09-21T16:42:19.353279+00:00,baseline_v1
FT-T009264,No,0.3228,2026-09-21T16:42:19.353279+00:00,baseline_v1
FT-T009265,No,0.3094,2026-09-21T16:42:19.353279+00:00,baseline_v1
FT-T009266,No,0.3684,2026-09-21T16:42:19.353279+00:00,baseline_v1
FT-T009267,Yes,0.614,2026-09-21T16:42:19.353279+00:00,baseline_v1
FT-T009268,Yes,0.7376,2026-09-21T16:42:19.353279+00:00,baseline_v1
FT-T009269,No,0.3273,2026-09-21T16:42:19.353279+00:00,baseline_v1
FT-T009270,Yes,0.5824,2026-09-21T16:42:19.353279+00:00,baseline_v1
FT-T009271,No,0.4543,2026-09-21T16:42:19.353279+00:00,baseline_v1
FT-T009272,Yes,0.6404,2026-09-21T16:42:19.353279+00:00,baseline_v1
FT-T009273,No,0.3609,2026-09-21T16:42:19.353279+00:00,baseline_v1
FT-T009274,No,0.3397,2026-09-21T16:42:19.353279+00:00,baseline_v1
FT-T009275,No,0.3266,2026-09-21T16:42:19.353279+00:00,baseline_v1
FT-T009276,No,0.3108,2026-09-21T16:42:19.353279+00:00,baseline_v1
FT-T009277,Yes,0.5066,2026-09-21T16:42:19.353279+00:00,baseline_v1
FT-T009278,No,0.362,2026-09-21T16:42:19.353279+00:00,baseline_v1
FT-T009279,No,0.4951,2026-09-21T16:42:19.353279+00:00,baseline_v1
FT-T009280,No,0.393,2026-09-21T16:42:19.353279+00:00,baseline_v1
FT-T009281,Yes,0.5035,2026-09-21T16:42:19.353279+00:00,baseline_v1
FT-T009282,No,0.3082,2026-09-21T16:42:19.353279+00:00,baseline_v1
FT-T009283,No,0.2788,2026-09-21T16:42:19.353279+00:00,baseline_v1
FT-T009284,No,0.3522,2026-09-21T16:42:19.353279+00:00,baseline_v1
FT-T009285,No,0.432,2026-09-21T16:42:19.353279+00:00,baseline_v1
FT-T009286,Yes,0.5093,2026-09-21T16:42:19.353279+00:00,baseline_v1
FT-T009287,Yes,0.6685,2026-09-21T16:42:19.353279+00:00,baseline_v1
FT-T009288,No,0.4305,2026-09-21T16:42:19.353279+00:00,baseline_v1
FT-T009289,No,0.3208,2026-09-21T16:42:19.353279+00:00,baseline_v1
FT-T009290,Yes,0.5739,2026-09-21T16:42:19.353279+00:00,baseline_v1
FT-T009291,Yes,0.7904,2026-09-21T16:42:19.353279+00:00,baseline_v1
FT-T009292,Yes,0.5088,2026-09-21T16:42:19.353279+00:00,baseline_v1
FT-T009293,No,0.4865,2026-09-21T16:42:19.353279+00:00,baseline_v1
FT-T009294,No,0.3126,2026-09-21T16:42:19.353279+00:00,baseline_v1
FT-T009295,No,0.3539,2026-09-21T16:42:19.353279+00:00,baseline_v1
FT-T009296,No,0.4808,2026-09-21T16:42:19.353279+00:00,baseline_v1
FT-T009297,No,0.4109,2026-09-21T16:42:19.353279+00:00,baseline_v1
FT-T009298,No,0.2287,2026-09-21T16:42:19.353279+00:00,baseline_v1
FT-T009299,Yes,0.5198,2026-09-21T16:42:19.353279+00:00,baseline_v1
FT-T009300,No,0.3238,2026-09-21T16:42:19.353279+00:00,baseline_v1
FT-T009301,No,0.3221,2026-09-21T16:42:19.353279+00:00,baseline_v1
FT-T009302,No,0.3538,2026-09-21T16:42:19.353279+00:00,baseline_v1
FT-T009303,Yes,0.7247,2026-09-21T16:42:19.353279+00:00,baseline_v1
FT-T009304,No,0.2635,2026-09-21T16:42:19.353279+00:00,baseline_v1
FT-T009305,No,0.3312,2026-09-21T16:42:19.353279+00:00,baseline_v1
FT-T009306,No,0.3794,2026-09-21T16:42:19.353279+00:00,baseline_v1
FT-T009307,No,0.2588,2026-09-21T16:42:19.353279+00:00,baseline_v1
FT-T009308,No,0.4412,2026-09-21T16:42:19.353279+00:00,baseline_v1
FT-T009309,No,0.4777,2026-09-21T16:42:19.353279+00:00,baseline_v1
FT-T009310,No,0.3375,2026-09-21T16:42:19.353279+00:00,baseline_v1
FT-T009311,No,0.485,2026-09-21T16:42:19.353279+00:00,baseline_v1
FT-T009312,No,0.229,2026-09-21T16:42:19.353279+00:00,baseline_v1
FT-T009313,No,0.2752,2026-09-21T16:42:19.353279+00:00,baseline_v1
FT-T009314,No,0.3567,2026-09-21T16:42:19.353279+00:00,baseline_v1
FT-T009315,No,0.4908,2026-09-21T16:42:19.353279+00:00,baseline_v1
FT-T009316,No,0.433,2026-09-21T16:42:19.353279+00:00,baseline_v1
FT-T009317,No,0.2357,2026-09-21T16:42:19.353279+00:00,baseline_v1
FT-T009318,No,0.2325,2026-09-21T16:42:19.353279+00:00,baseline_v1
FT-T009319,No,0.4848,2026-09-21T16:42:19.353279+00:00,baseline_v1
FT-T009320,No,0.4993,2026-09-21T16:42:19.353279+00:00,baseline_v1
FT-T009321,No,0.2935,2026-09-21T16:42:19.353279+00:00,baseline_v1
FT-T009322,Yes,0.5023,2026-09-21T16:42:19.353279+00:00,baseline_v1
FT-T009323,Yes,0.5784,2026-09-21T16:42:19.353279+00:00,baseline_v1
FT-T009324,No,0.4858,2026-09-21T16:42:19.353279+00:00,baseline_v1
FT-T009325,Yes,0.555,2026-09-21T16:42:19.353279+00:00,baseline_v1
FT-T009326,No,0.4919,2026-09-21T16:42:19.353279+00:00,baseline_v1
FT-T009327,No,0.3472,2026-09-21T16:42:19.353279+00:00,baseline_v1
FT-T009328,No,0.2362,2026-09-21T16:42:19.353279+00:00,baseline_v1
FT-T009329,No,0.2354,2026-09-21T16:42:19.353279+00:00,baseline_v1
FT-T009330,No,0.3303,2026-09-21T16:42:19.353279+00:00,baseline_v1
FT-T009331,No,0.4098,2026-09-21T16:42:19.353279+00:00,baseline_v1
FT-T009332,No,0.263,2026-09-21T16:42:19.353279+00:00,baseline_v1
FT-T009333,Yes,0.5837,2026-09-21T16:42:19.353279+00:00,baseline_v1
FT-T009334,Yes,0.6397,2026-09-21T16:42:19.353279+00:00,baseline_v1
FT-T009335,Yes,0.5251,2026-09-21T16:42:19.353279+00:00,baseline_v1
FT-T009336,Yes,0.6814,2026-09-21T16:42:19.353279+00:00,baseline_v1
FT-T009337,Yes,0.645,2026-09-21T16:42:19.353279+00:00,baseline_v1
FT-T009338,Yes,0.5827,2026-09-21T16:42:19.353279+00:00,baseline_v1
FT-T009339,Yes,0.6523,2026-09-21T16:42:19.353279+00:00,baseline_v1
FT-T009340,No,0.3749,2026-09-21T16:42:19.353279+00:00,baseline_v1
FT-T009341,Yes,0.5203,2026-09-21T16:42:19.353279+00:00,baseline_v1
FT-T009342,Yes,0.6173,2026-09-21T16:42:19.353279+00:00,baseline_v1
FT-T009343,No,0.4861,2026-09-21T16:42:19.353279+00:00,baseline_v1
FT-T009344,Yes,0.8054,2026-09-21T16:42:19.353279+00:00,baseline_v1
FT-T009345,Yes,0.6563,2026-09-21T16:42:19.353279+00:00,baseline_v1
FT-T009346,No,0.4007,2026-09-21T16:42:19.353279+00:00,baseline_v1
FT-T009347,No,0.3626,2026-09-21T16:42:19.353279+00:00,baseline_v1
FT-T009348,Yes,0.7192,2026-09-21T16:42:19.353279+00:00,baseline_v1
FT-T009349,Yes,0.6828,2026-09-21T16:42:19.353279+00:00,baseline_v1
FT-T009350,No,0.4205,2026-09-21T16:42:19.353279+00:00,baseline_v1
FT-T009351,Yes,0.6187,2026-09-21T16:42:19.353279+00:00,baseline_v1
FT-T009352,Yes,0.7696,2026-09-21T16:42:19.353279+00:00,baseline_v1
FT-T009353,No,0.4438,2026-09-21T16:42:19.353279+00:00,baseline_v1
FT-T009354,Yes,0.6136,2026-09-21T16:42:19.353279+00:00,baseline_v1
FT-T009355,Yes,0.6528,2026-09-21T16:42:19.353279+00:00,baseline_v1
FT-T009356,No,0.3504,2026-09-21T16:42:19.353279+00:00,baseline_v1
FT-T009357,Yes,0.6697,2026-09-21T16:42:19.353279+00:00,baseline_v1
FT-T009358,Yes,0.7024,2026-09-21T16:42:19.353279+00:00,baseline_v1
FT-T009359,Yes,0.6107,2026-09-21T16:42:19.353279+00:00,baseline_v1
FT-T009360,No,0.3725,2026-09-21T16:42:19.353279+00:00,baseline_v1
FT-T009361,Yes,0.6363,2026-09-21T16:42:19.353279+00:00,baseline_v1
FT-T009362,Yes,0.5993,2026-09-21T16:42:19.353279+00:00,baseline_v1
FT-T009363,No,0.404,2026-09-21T16:42:19.353279+00:00,baseline_v1
FT-T009364,No,0.3506,2026-09-21T16:42:19.353279+00:00,baseline_v1
FT-T009365,No,0.4583,2026-09-21T16:42:19.353279+00:00,baseline_v1
FT-T009366,Yes,0.7069,2026-09-21T16:42:19.353279+00:00,baseline_v1
FT-T009367,Yes,0.5857,2026-09-21T16:42:19.353279+00:00,baseline_v1
FT-T009368,No,0.3248,2026-09-21T16:42:19.353279+00:00,baseline_v1
FT-T009369,No,0.4321,2026-09-21T16:42:19.353279+00:00,baseline_v1
FT-T009370,Yes,0.6513,2026-09-21T16:42:19.353279+00:00,baseline_v1
FT-T009371,No,0.3975,2026-09-21T16:42:19.353279+00:00,baseline_v1
FT-T009372,No,0.3983,2026-09-21T16:42:19.353279+00:00,baseline_v1
FT-T009373,No,0.4297,2026-09-21T16:42:19.353279+00:00,baseline_v1
FT-T009374,No,0.4152,2026-09-21T16:42:19.353279+00:00,baseline_v1
FT-T009375,Yes,0.5282,2026-09-21T16:42:19.353279+00:00,baseline_v1
FT-T009376,Yes,0.6362,2026-09-21T16:42:19.353279+00:00,baseline_v1
FT-T009377,No,0.491,2026-09-21T16:42:19.353279+00:00,baseline_v1
FT-T009378,No,0.4994,2026-09-21T16:42:19.353279+00:00,baseline_v1
FT-T009379,No,0.432,2026-09-21T16:42:19.353279+00:00,baseline_v1
FT-T009380,No,0.368,2026-09-21T16:42:19.353279+00:00,baseline_v1
FT-T009381,Yes,0.5814,2026-09-21T16:42:19.353279+00:00,baseline_v1
FT-T009382,Yes,0.569,2026-09-21T16:42:19.353279+00:00,baseline_v1
FT-T009383,No,0.3562,2026-09-21T16:42:19.353279+00:00,baseline_v1
FT-T009384,Yes,0.6253,2026-09-21T16:42:19.353279+00:00,baseline_v1
FT-T009385,No,0.3905,2026-09-21T16:42:19.353279+00:00,baseline_v1
FT-T009386,Yes,0.772,2026-09-21T16:42:19.353279+00:00,baseline_v1
FT-T009387,Yes,0.539,2026-09-21T16:42:19.353279+00:00,baseline_v1
FT-T009388,Yes,0.5412,2026-09-21T16:42:19.353279+00:00,baseline_v1
FT-T009389,Yes,0.8283,2026-09-21T16:42:19.353279+00:00,baseline_v1
FT-T009390,No,0.324,2026-09-21T16:42:19.353279+00:00,baseline_v1
FT-T009391,No,0.3127,2026-09-21T16:42:19.353279+00:00,baseline_v1
FT-T009392,No,0.426,2026-09-21T16:42:19.353279+00:00,baseline_v1
FT-T009393,No,0.4489,2026-09-21T16:42:19.353279+00:00,baseline_v1
FT-T009394,Yes,0.5615,2026-09-21T16:42:19.353279+00:00,baseline_v1
FT-T009395,Yes,0.6505,2026-09-21T16:42:19.353279+00:00,baseline_v1
FT-T009396,No,0.3582,2026-09-21T16:42:19.353279+00:00,baseline_v1
FT-T009397,No,0.3056,2026-09-21T16:42:19.353279+00:00,baseline_v1
FT-T009398,Yes,0.5289,2026-09-21T16:42:19.353279+00:00,baseline_v1
FT-T009399,No,0.3639,2026-09-21T16:42:19.353279+00:00,baseline_v1
FT-T009400,No,0.3554,2026-09-21T16:42:19.353279+00:00,baseline_v1
FT-T009401,No,0.4037,2026-09-21T16:42:19.353279+00:00,baseline_v1
FT-T009402,Yes,0.5399,2026-09-21T16:42:19.353279+00:00,baseline_v1
FT-T009403,No,0.4944,2026-09-21T16:42:19.353279+00:00,baseline_v1
FT-T009404,No,0.3222,2026-09-21T16:42:19.353279+00:00,baseline_v1
FT-T009405,No,0.3824,2026-09-21T16:42:19.353279+00:00,baseline_v1
FT-T009406,Yes,0.5268,2026-09-21T16:42:19.353279+00:00,baseline_v1
FT-T009407,Yes,0.5566,2026-09-21T16:42:19.353279+00:00,baseline_v1
FT-T009408,No,0.2862,2026-09-21T16:42:19.353279+00:00,baseline_v1
FT-T009409,No,0.4965,2026-09-21T16:42:19.353279+00:00,baseline_v1
FT-T009410,Yes,0.7055,2026-09-21T16:42:19.353279+00:00,baseline_v1
FT-T009411,Yes,0.7988,2026-09-21T16:42:19.353279+00:00,baseline_v1
FT-T009412,No,0.344,2026-09-21T16:42:19.353279+00:00,baseline_v1
FT-T009413,No,0.284,2026-09-21T16:42:19.353279+00:00,baseline_v1
FT-T009414,No,0.4478,2026-09-21T16:42:19.353279+00:00,baseline_v1
FT-T009415,Yes,0.514,2026-09-21T16:42:19.353279+00:00,baseline_v1
FT-T009416,Yes,0.5515,2026-09-21T16:42:19.353279+00:00,baseline_v1
FT-T009417,No,0.4547,2026-09-21T16:42:19.353279+00:00,baseline_v1
FT-T009418,Yes,0.6864,2026-09-21T16:42:19.353279+00:00,baseline_v1
FT-T009419,No,0.2982,2026-09-21T16:42:19.353279+00:00,baseline_v1
FT-T009420,No,0.2792,2026-09-21T16:42:19.353279+00:00,baseline_v1
FT-T009421,No,0.3211,2026-09-21T16:42:19.353279+00:00,baseline_v1
FT-T009422,No,0.2755,2026-09-21T16:42:19.353279+00:00,baseline_v1
FT-T009423,Yes,0.7359,2026-09-21T16:42:19.353279+00:00,baseline_v1
FT-T009424,No,0.497,2026-09-21T16:42:19.353279+00:00,baseline_v1
FT-T009425,No,0.4104,2026-09-21T16:42:19.353279+00:00,baseline_v1
FT-T009426,No,0.2757,2026-09-21T16:42:19.353279+00:00,baseline_v1
FT-T009427,No,0.3421,2026-09-21T16:42:19.353279+00:00,baseline_v1
FT-T009428,No,0.4173,2026-09-21T16:42:19.353279+00:00,baseline_v1
FT-T009429,No,0.3261,2026-09-21T16:42:19.353279+00:00,baseline_v1
FT-T009430,No,0.4477,2026-09-21T16:42:19.353279+00:00,baseline_v1
FT-T009431,Yes,0.5131,2026-09-21T16:42:19.353279+00:00,baseline_v1
FT-T009432,No,0.3653,2026-09-21T16:42:19.353279+00:00,baseline_v1
FT-T009433,No,0.4911,2026-09-21T16:42:19.353279+00:00,baseline_v1
FT-T009434,No,0.4503,2026-09-21T16:42:19.353279+00:00,baseline_v1
FT-T009435,No,0.3168,2026-09-21T16:42:19.353279+00:00,baseline_v1
FT-T009436,No,0.4669,2026-09-21T16:42:19.353279+00:00,baseline_v1
FT-T009437,Yes,0.7196,2026-09-21T16:42:19.353279+00:00,baseline_v1
FT-T009438,Yes,0.6482,2026-09-21T16:42:19.353279+00:00,baseline_v1
FT-T009439,No,0.4536,2026-09-21T16:42:19.353279+00:00,baseline_v1
FT-T009440,Yes,0.647,2026-09-21T16:42:19.353279+00:00,baseline_v1
FT-T009441,Yes,0.5012,2026-09-21T16:42:19.353279+00:00,baseline_v1
FT-T009442,No,0.2721,2026-09-21T16:42:19.353279+00:00,baseline_v1
FT-T009443,Yes,0.6067,2026-09-21T16:42:19.353279+00:00,baseline_v1
FT-T009444,No,0.424,2026-09-21T16:42:19.353279+00:00,baseline_v1
FT-T009445,No,0.2946,2026-09-21T16:42:19.353279+00:00,baseline_v1
FT-T009446,Yes,0.6598,2026-09-21T16:42:19.353279+00:00,baseline_v1
FT-T009447,No,0.3904,2026-09-21T16:42:19.353279+00:00,baseline_v1
FT-T009448,No,0.3289,2026-09-21T16:42:19.353279+00:00,baseline_v1
FT-T009449,No,0.2701,2026-09-21T16:42:19.353279+00:00,baseline_v1
FT-T009450,No,0.4433,2026-09-21T16:42:19.353279+00:00,baseline_v1
FT-T009451,Yes,0.5809,2026-09-21T16:42:19.353279+00:00,baseline_v1
FT-T009452,No,0.259,2026-09-21T16:42:19.353279+00:00,baseline_v1
FT-T009453,No,0.3877,2026-09-21T16:42:19.353279+00:00,baseline_v1
FT-T009454,No,0.4621,2026-09-21T16:42:19.353279+00:00,baseline_v1
FT-T009455,No,0.3976,2026-09-21T16:42:19.353279+00:00,baseline_v1
FT-T009456,No,0.1958,2026-09-21T16:42:19.353279+00:00,baseline_v1
FT-T009457,No,0.2652,2026-09-21T16:42:19.353279+00:00,baseline_v1
FT-T009458,No,0.4359,2026-09-21T16:42:19.353279+00:00,baseline_v1
FT-T009459,Yes,0.6965,2026-09-21T16:42:19.353279+00:00,baseline_v1
FT-T009460,No,0.3088,2026-09-21T16:42:19.353279+00:00,baseline_v1
FT-T009461,Yes,0.5388,2026-09-21T16:42:19.353279+00:00,baseline_v1
FT-T009462,No,0.3939,2026-09-21T16:42:19.353279+00:00,baseline_v1
FT-T009463,No,0.2297,2026-09-21T16:42:19.353279+00:00,baseline_v1
FT-T009464,No,0.249,2026-09-21T16:42:19.353279+00:00,baseline_v1
FT-T009465,No,0.2107,2026-09-21T16:42:19.353279+00:00,baseline_v1
FT-T009466,No,0.4617,2026-09-21T16:42:19.353279+00:00,baseline_v1
FT-T009467,No,0.4866,2026-09-21T16:42:19.353279+00:00,baseline_v1
FT-T009468,Yes,0.7188,2026-09-21T16:42:19.353279+00:00,baseline_v1
FT-T009469,Yes,0.806,2026-09-21T16:42:19.353279+00:00,baseline_v1
FT-T009470,Yes,0.6326,2026-09-21T16:42:19.353279+00:00,baseline_v1
FT-T009471,No,0.4632,2026-09-21T16:42:19.353279+00:00,baseline_v1
FT-T009472,Yes,0.7989,2026-09-21T16:42:19.353279+00:00,baseline_v1
FT-T009473,Yes,0.8389,2026-09-21T16:42:19.353279+00:00,baseline_v1
FT-T009474,Yes,0.8378,2026-09-21T16:42:19.353279+00:00,baseline_v1
FT-T009475,Yes,0.5883,2026-09-21T16:42:19.353279+00:00,baseline_v1
FT-T009476,Yes,0.7657,2026-09-21T16:42:19.353279+00:00,baseline_v1
FT-T009477,No,0.4699,2026-09-21T16:42:19.353279+00:00,baseline_v1
FT-T009478,Yes,0.5058,2026-09-21T16:42:19.353279+00:00,baseline_v1
FT-T009479,Yes,0.6621,2026-09-21T16:42:19.353279+00:00,baseline_v1
FT-T009480,Yes,0.8296,2026-09-21T16:42:19.353279+00:00,baseline_v1
FT-T009481,Yes,0.6155,2026-09-21T16:42:19.353279+00:00,baseline_v1
FT-T009482,Yes,0.7245,2026-09-21T16:42:19.353279+00:00,baseline_v1
FT-T009483,Yes,0.5982,2026-09-21T16:42:19.353279+00:00,baseline_v1
FT-T009484,Yes,0.6697,2026-09-21T16:42:19.353279+00:00,baseline_v1
FT-T009485,No,0.4081,2026-09-21T16:42:19.353279+00:00,baseline_v1
FT-T009486,No,0.4407,2026-09-21T16:42:19.353279+00:00,baseline_v1
FT-T009487,No,0.4172,2026-09-21T16:42:19.353279+00:00,baseline_v1
FT-T009488,No,0.3718,2026-09-21T16:42:19.353279+00:00,baseline_v1
FT-T009489,Yes,0.6477,2026-09-21T16:42:19.353279+00:00,baseline_v1
FT-T009490,Yes,0.7688,2026-09-21T16:42:19.353279+00:00,baseline_v1
FT-T009491,No,0.4192,2026-09-21T16:42:19.353279+00:00,baseline_v1
FT-T009492,Yes,0.6689,2026-09-21T16:42:19.353279+00:00,baseline_v1
FT-T009493,Yes,0.8046,2026-09-21T16:42:19.353279+00:00,baseline_v1
FT-T009494,No,0.4753,2026-09-21T16:42:19.353279+00:00,baseline_v1
FT-T009495,Yes,0.6495,2026-09-21T16:42:19.353279+00:00,baseline_v1
FT-T009496,Yes,0.8248,2026-09-21T16:42:19.353279+00:00,baseline_v1
FT-T009497,No,0.4294,2026-09-21T16:42:19.353279+00:00,baseline_v1
FT-T009498,Yes,0.6098,2026-09-21T16:42:19.353279+00:00,baseline_v1
FT-T009499,Yes,0.7297,2026-09-21T16:42:19.353279+00:00,baseline_v1
FT-T009500,Yes,0.6488,2026-09-21T16:42:19.353279+00:00,baseline_v1
FT-T009501,No,0.3824,2026-09-21T16:42:19.353279+00:00,baseline_v1
FT-T009502,No,0.4758,2026-09-21T16:42:19.353279+00:00,baseline_v1
FT-T009503,Yes,0.5623,2026-09-21T16:42:19.353279+00:00,baseline_v1
FT-T009504,Yes,0.5247,2026-09-21T16:42:19.353279+00:00,baseline_v1
FT-T009505,Yes,0.5817,2026-09-21T16:42:19.353279+00:00,baseline_v1
FT-T009506,No,0.3887,2026-09-21T16:42:19.353279+00:00,baseline_v1
FT-T009507,No,0.3642,2026-09-21T16:42:19.353279+00:00,baseline_v1
FT-T009508,Yes,0.6289,2026-09-21T16:42:19.353279+00:00,baseline_v1
FT-T009509,Yes,0.5812,2026-09-21T16:42:19.353279+00:00,baseline_v1
FT-T009510,No,0.3882,2026-09-21T16:42:19.353279+00:00,baseline_v1
FT-T009511,Yes,0.641,2026-09-21T16:42:19.353279+00:00,baseline_v1
FT-T009512,Yes,0.575,2026-09-21T16:42:19.353279+00:00,baseline_v1
FT-T009513,No,0.3184,2026-09-21T16:42:19.353279+00:00,baseline_v1
FT-T009514,Yes,0.7646,2026-09-21T16:42:19.353279+00:00,baseline_v1
FT-T009515,No,0.3299,2026-09-21T16:42:19.353279+00:00,baseline_v1
FT-T009516,No,0.3471,2026-09-21T16:42:19.353279+00:00,baseline_v1
FT-T009517,No,0.3734,2026-09-21T16:42:19.353279+00:00,baseline_v1
FT-T009518,Yes,0.521,2026-09-21T16:42:19.353279+00:00,baseline_v1
FT-T009519,No,0.4833,2026-09-21T16:42:19.353279+00:00,baseline_v1
FT-T009520,No,0.4522,2026-09-21T16:42:19.353279+00:00,baseline_v1
FT-T009521,No,0.3621,2026-09-21T16:42:19.353279+00:00,baseline_v1
FT-T009522,Yes,0.7318,2026-09-21T16:42:19.353279+00:00,baseline_v1
FT-T009523,Yes,0.6492,2026-09-21T16:42:19.353279+00:00,baseline_v1
FT-T009524,Yes,0.5316,2026-09-21T16:42:19.353279+00:00,baseline_v1
FT-T009525,No,0.3398,2026-09-21T16:42:19.353279+00:00,baseline_v1
FT-T009526,Yes,0.606,2026-09-21T16:42:19.353279+00:00,baseline_v1
FT-T009527,No,0.3348,2026-09-21T16:42:19.353279+00:00,baseline_v1
FT-T009528,No,0.3922,2026-09-21T16:42:19.353279+00:00,baseline_v1
FT-T009529,Yes,0.6337,2026-09-21T16:42:19.353279+00:00,baseline_v1
FT-T009530,No,0.3359,2026-09-21T16:42:19.353279+00:00,baseline_v1
FT-T009531,Yes,0.5808,2026-09-21T16:42:19.353279+00:00,baseline_v1
FT-T009532,Yes,0.5422,2026-09-21T16:42:19.353279+00:00,baseline_v1
FT-T009533,No,0.4455,2026-09-21T16:42:19.353279+00:00,baseline_v1
FT-T009534,Yes,0.5626,2026-09-21T16:42:19.353279+00:00,baseline_v1
FT-T009535,No,0.4242,2026-09-21T16:42:19.353279+00:00,baseline_v1
FT-T009536,Yes,0.8031,2026-09-21T16:42:19.353279+00:00,baseline_v1
FT-T009537,No,0.3447,2026-09-21T16:42:19.353279+00:00,baseline_v1
FT-T009538,No,0.4835,2026-09-21T16:42:19.353279+00:00,baseline_v1
FT-T009539,Yes,0.5292,2026-09-21T16:42:19.353279+00:00,baseline_v1
FT-T009540,No,0.356,2026-09-21T16:42:19.353279+00:00,baseline_v1
FT-T009541,No,0.341,2026-09-21T16:42:19.353279+00:00,baseline_v1
FT-T009542,No,0.3397,2026-09-21T16:42:19.353279+00:00,baseline_v1
FT-T009543,Yes,0.6265,2026-09-21T16:42:19.353279+00:00,baseline_v1
FT-T009544,Yes,0.5134,2026-09-21T16:42:19.353279+00:00,baseline_v1
FT-T009545,No,0.2595,2026-09-21T16:42:19.353279+00:00,baseline_v1
FT-T009546,No,0.4091,2026-09-21T16:42:19.353279+00:00,baseline_v1
FT-T009547,Yes,0.7479,2026-09-21T16:42:19.353279+00:00,baseline_v1
FT-T009548,No,0.4317,2026-09-21T16:42:19.353279+00:00,baseline_v1
FT-T009549,No,0.4954,2026-09-21T16:42:19.353279+00:00,baseline_v1
FT-T009550,No,0.3502,2026-09-21T16:42:19.353279+00:00,baseline_v1
FT-T009551,Yes,0.5058,2026-09-21T16:42:19.353279+00:00,baseline_v1
FT-T009552,No,0.2993,2026-09-21T16:42:19.353279+00:00,baseline_v1
FT-T009553,No,0.286,2026-09-21T16:42:19.353279+00:00,baseline_v1
FT-T009554,Yes,0.5506,2026-09-21T16:42:19.353279+00:00,baseline_v1
FT-T009555,No,0.3575,2026-09-21T16:42:19.353279+00:00,baseline_v1
FT-T009556,Yes,0.544,2026-09-21T16:42:19.353279+00:00,baseline_v1
FT-T009557,No,0.4874,2026-09-21T16:42:19.353279+00:00,baseline_v1
FT-T009558,No,0.2761,2026-09-21T16:42:19.353279+00:00,baseline_v1
FT-T009559,Yes,0.5491,2026-09-21T16:42:19.353279+00:00,baseline_v1
FT-T009560,No,0.2981,2026-09-21T16:42:19.353279+00:00,baseline_v1
FT-T009561,No,0.3207,2026-09-21T16:42:19.353279+00:00,baseline_v1
FT-T009562,Yes,0.7678,2026-09-21T16:42:19.353279+00:00,baseline_v1
FT-T009563,No,0.3013,2026-09-21T16:42:19.353279+00:00,baseline_v1
FT-T009564,No,0.2443,2026-09-21T16:42:19.353279+00:00,baseline_v1
FT-T009565,Yes,0.5927,2026-09-21T16:42:19.353279+00:00,baseline_v1
FT-T009566,No,0.2415,2026-09-21T16:42:19.353279+00:00,baseline_v1
FT-T009567,No,0.2472,2026-09-21T16:42:19.353279+00:00,baseline_v1
FT-T009568,No,0.4155,2026-09-21T16:42:19.353279+00:00,baseline_v1
FT-T009569,Yes,0.5987,2026-09-21T16:42:19.353279+00:00,baseline_v1
FT-T009570,No,0.2538,2026-09-21T16:42:19.353279+00:00,baseline_v1
FT-T009571,No,0.2537,2026-09-21T16:42:19.353279+00:00,baseline_v1
FT-T009572,No,0.2837,2026-09-21T16:42:19.353279+00:00,baseline_v1
FT-T009573,No,0.2426,2026-09-21T16:42:19.353279+00:00,baseline_v1
FT-T009574,No,0.4444,2026-09-21T16:42:19.353279+00:00,baseline_v1
FT-T009575,No,0.2576,2026-09-21T16:42:19.353279+00:00,baseline_v1
FT-T009576,No,0.332,2026-09-21T16:42:19.353279+00:00,baseline_v1
FT-T009577,No,0.2868,2026-09-21T16:42:19.353279+00:00,baseline_v1
FT-T009578,No,0.2519,2026-09-21T16:42:19.353279+00:00,baseline_v1
FT-T009579,No,0.3089,2026-09-21T16:42:19.353279+00:00,baseline_v1
FT-T009580,No,0.4242,2026-09-21T16:42:19.353279+00:00,baseline_v1
FT-T009581,No,0.2803,2026-09-21T16:42:19.353279+00:00,baseline_v1
FT-T009582,No,0.4915,2026-09-21T16:42:19.353279+00:00,baseline_v1
FT-T009583,No,0.2567,2026-09-21T16:42:19.353279+00:00,baseline_v1
FT-T009584,No,0.2448,2026-09-21T16:42:19.353279+00:00,baseline_v1
FT-T009585,Yes,0.6323,2026-09-21T16:42:19.353279+00:00,baseline_v1
FT-T009586,Yes,0.593,2026-09-21T16:42:19.353279+00:00,baseline_v1
FT-T009587,No,0.446,2026-09-21T16:42:19.353279+00:00,baseline_v1
FT-T009588,No,0.2137,2026-09-21T16:42:19.353279+00:00,baseline_v1
FT-T009589,Yes,0.5805,2026-09-21T16:42:19.353279+00:00,baseline_v1
FT-T009590,No,0.4468,2026-09-21T16:42:19.353279+00:00,baseline_v1
FT-T009591,Yes,0.5181,2026-09-21T16:42:19.353279+00:00,baseline_v1
FT-T009592,No,0.2532,2026-09-21T16:42:19.353279+00:00,baseline_v1
FT-T009593,No,0.4835,2026-09-21T16:42:19.353279+00:00,baseline_v1
FT-T009594,No,0.2223,2026-09-21T16:42:19.353279+00:00,baseline_v1
FT-T009595,No,0.466,2026-09-21T16:42:19.353279+00:00,baseline_v1
FT-T009596,No,0.2636,2026-09-21T16:42:19.353279+00:00,baseline_v1
FT-T009597,No,0.2012,2026-09-21T16:42:19.353279+00:00,baseline_v1
FT-T009598,No,0.277,2026-09-21T16:42:19.353279+00:00,baseline_v1
FT-T009599,No,0.3837,2026-09-21T16:42:19.353279+00:00,baseline_v1
FT-T009600,Yes,0.5344,2026-09-21T16:42:19.353279+00:00,baseline_v1
FT-T009601,Yes,0.6807,2026-09-21T16:42:19.353279+00:00,baseline_v1
FT-T009602,No,0.4928,2026-09-21T16:42:19.353279+00:00,baseline_v1
FT-T009603,Yes,0.528,2026-09-21T16:42:19.353279+00:00,baseline_v1
FT-T009604,Yes,0.8466,2026-09-21T16:42:19.353279+00:00,baseline_v1
FT-T009605,No,0.4335,2026-09-21T16:42:19.353279+00:00,baseline_v1
FT-T009606,Yes,0.5959,2026-09-21T16:42:19.353279+00:00,baseline_v1
FT-T009607,Yes,0.5794,2026-09-21T16:42:19.353279+00:00,baseline_v1
FT-T009608,Yes,0.5424,2026-09-21T16:42:19.353279+00:00,baseline_v1
FT-T009609,No,0.4643,2026-09-21T16:42:19.353279+00:00,baseline_v1
FT-T009610,No,0.4554,2026-09-21T16:42:19.353279+00:00,baseline_v1
FT-T009611,Yes,0.6172,2026-09-21T16:42:19.353279+00:00,baseline_v1
FT-T009612,No,0.4795,2026-09-21T16:42:19.353279+00:00,baseline_v1
FT-T009613,Yes,0.6122,2026-09-21T16:42:19.353279+00:00,baseline_v1
FT-T009614,Yes,0.6852,2026-09-21T16:42:19.353279+00:00,baseline_v1
FT-T009615,Yes,0.6519,2026-09-21T16:42:19.353279+00:00,baseline_v1
FT-T009616,No,0.3227,2026-09-21T16:42:19.353279+00:00,baseline_v1
FT-T009617,No,0.361,2026-09-21T16:42:19.353279+00:00,baseline_v1
FT-T009618,No,0.4752,2026-09-21T16:42:19.353279+00:00,baseline_v1
FT-T009619,Yes,0.6419,2026-09-21T16:42:19.353279+00:00,baseline_v1
FT-T009620,Yes,0.6613,2026-09-21T16:42:19.353279+00:00,baseline_v1
FT-T009621,No,0.3742,2026-09-21T16:42:19.353279+00:00,baseline_v1
FT-T009622,No,0.3865,2026-09-21T16:42:19.353279+00:00,baseline_v1
FT-T009623,Yes,0.9447,2026-09-21T16:42:19.353279+00:00,baseline_v1
FT-T009624,No,0.4623,2026-09-21T16:42:19.353279+00:00,baseline_v1
FT-T009625,No,0.409,2026-09-21T16:42:19.353279+00:00,baseline_v1
FT-T009626,Yes,0.62,2026-09-21T16:42:19.353279+00:00,baseline_v1
FT-T009627,No,0.441,2026-09-21T16:42:19.353279+00:00,baseline_v1
FT-T009628,No,0.3602,2026-09-21T16:42:19.353279+00:00,baseline_v1
FT-T009629,No,0.4021,2026-09-21T16:42:19.353279+00:00,baseline_v1
FT-T009630,Yes,0.6661,2026-09-21T16:42:19.353279+00:00,baseline_v1
FT-T009631,Yes,0.5969,2026-09-21T16:42:19.353279+00:00,baseline_v1
FT-T009632,Yes,0.7156,2026-09-21T16:42:19.353279+00:00,baseline_v1
FT-T009633,No,0.4472,2026-09-21T16:42:19.353279+00:00,baseline_v1
FT-T009634,No,0.4784,2026-09-21T16:42:19.353279+00:00,baseline_v1
FT-T009635,Yes,0.5056,2026-09-21T16:42:19.353279+00:00,baseline_v1
FT-T009636,Yes,0.6253,2026-09-21T16:42:19.353279+00:00,baseline_v1
FT-T009637,No,0.3415,2026-09-21T16:42:19.353279+00:00,baseline_v1
FT-T009638,No,0.4015,2026-09-21T16:42:19.353279+00:00,baseline_v1
FT-T009639,No,0.3932,2026-09-21T16:42:19.353279+00:00,baseline_v1
FT-T009640,No,0.4847,2026-09-21T16:42:19.353279+00:00,baseline_v1
FT-T009641,Yes,0.6745,2026-09-21T16:42:19.353279+00:00,baseline_v1
FT-T009642,Yes,0.7955,2026-09-21T16:42:19.353279+00:00,baseline_v1
FT-T009643,Yes,0.6849,2026-09-21T16:42:19.353279+00:00,baseline_v1
FT-T009644,Yes,0.7716,2026-09-21T16:42:19.353279+00:00,baseline_v1
FT-T009645,No,0.3574,2026-09-21T16:42:19.353279+00:00,baseline_v1
FT-T009646,No,0.4153,2026-09-21T16:42:19.353279+00:00,baseline_v1
FT-T009647,Yes,0.7996,2026-09-21T16:42:19.353279+00:00,baseline_v1
FT-T009648,Yes,0.5977,2026-09-21T16:42:19.353279+00:00,baseline_v1
FT-T009649,Yes,0.6598,2026-09-21T16:42:19.353279+00:00,baseline_v1
FT-T009650,Yes,0.708,2026-09-21T16:42:19.353279+00:00,baseline_v1
FT-T009651,Yes,0.5824,2026-09-21T16:42:19.353279+00:00,baseline_v1
FT-T009652,No,0.365,2026-09-21T16:42:19.353279+00:00,baseline_v1
FT-T009653,Yes,0.5242,2026-09-21T16:42:19.353279+00:00,baseline_v1
FT-T009654,No,0.3498,2026-09-21T16:42:19.353279+00:00,baseline_v1
FT-T009655,Yes,0.6298,2026-09-21T16:42:19.353279+00:00,baseline_v1
FT-T009656,Yes,0.564,2026-09-21T16:42:19.353279+00:00,baseline_v1
FT-T009657,Yes,0.5816,2026-09-21T16:42:19.353279+00:00,baseline_v1
FT-T009658,Yes,0.6385,2026-09-21T16:42:19.353279+00:00,baseline_v1
FT-T009659,Yes,0.7599,2026-09-21T16:42:19.353279+00:00,baseline_v1
FT-T009660,Yes,0.6841,2026-09-21T16:42:19.353279+00:00,baseline_v1
FT-T009661,No,0.3839,2026-09-21T16:42:19.353279+00:00,baseline_v1
FT-T009662,Yes,0.6751,2026-09-21T16:42:19.353279+00:00,baseline_v1
FT-T009663,No,0.3486,2026-09-21T16:42:19.353279+00:00,baseline_v1
FT-T009664,Yes,0.5023,2026-09-21T16:42:19.353279+00:00,baseline_v1
FT-T009665,No,0.4231,2026-09-21T16:42:19.353279+00:00,baseline_v1
FT-T009666,Yes,0.5951,2026-09-21T16:42:19.353279+00:00,baseline_v1
FT-T009667,Yes,0.5098,2026-09-21T16:42:19.353279+00:00,baseline_v1
FT-T009668,Yes,0.5832,2026-09-21T16:42:19.353279+00:00,baseline_v1
FT-T009669,No,0.3947,2026-09-21T16:42:19.353279+00:00,baseline_v1
FT-T009670,Yes,0.6196,2026-09-21T16:42:19.353279+00:00,baseline_v1
FT-T009671,No,0.3764,2026-09-21T16:42:19.353279+00:00,baseline_v1
FT-T009672,No,0.4285,2026-09-21T16:42:19.353279+00:00,baseline_v1
FT-T009673,No,0.3431,2026-09-21T16:42:19.353279+00:00,baseline_v1
FT-T009674,No,0.4864,2026-09-21T16:42:19.353279+00:00,baseline_v1
FT-T009675,Yes,0.7663,2026-09-21T16:42:19.353279+00:00,baseline_v1
FT-T009676,No,0.4827,2026-09-21T16:42:19.353279+00:00,baseline_v1
FT-T009677,Yes,0.6485,2026-09-21T16:42:19.353279+00:00,baseline_v1
FT-T009678,No,0.3476,2026-09-21T16:42:19.353279+00:00,baseline_v1
FT-T009679,Yes,0.5193,2026-09-21T16:42:19.353279+00:00,baseline_v1
FT-T009680,Yes,0.6305,2026-09-21T16:42:19.353279+00:00,baseline_v1
FT-T009681,No,0.3149,2026-09-21T16:42:19.353279+00:00,baseline_v1
FT-T009682,No,0.2849,2026-09-21T16:42:19.353279+00:00,baseline_v1
FT-T009683,No,0.3178,2026-09-21T16:42:19.353279+00:00,baseline_v1
FT-T009684,No,0.3732,2026-09-21T16:42:19.353279+00:00,baseline_v1
FT-T009685,No,0.3643,2026-09-21T16:42:19.353279+00:00,baseline_v1
FT-T009686,No,0.3631,2026-09-21T16:42:19.353279+00:00,baseline_v1
FT-T009687,Yes,0.53,2026-09-21T16:42:19.353279+00:00,baseline_v1
FT-T009688,No,0.3209,2026-09-21T16:42:19.353279+00:00,baseline_v1
FT-T009689,Yes,0.5782,2026-09-21T16:42:19.353279+00:00,baseline_v1
FT-T009690,No,0.2961,2026-09-21T16:42:19.353279+00:00,baseline_v1
FT-T009691,No,0.2821,2026-09-21T16:42:19.353279+00:00,baseline_v1
FT-T009692,No,0.3231,2026-09-21T16:42:19.353279+00:00,baseline_v1
FT-T009693,Yes,0.568,2026-09-21T16:42:19.353279+00:00,baseline_v1
FT-T009694,No,0.3954,2026-09-21T16:42:19.353279+00:00,baseline_v1
FT-T009695,No,0.31,2026-09-21T16:42:19.353279+00:00,baseline_v1
FT-T009696,No,0.4177,2026-09-21T16:42:19.353279+00:00,baseline_v1
FT-T009697,No,0.2868,2026-09-21T16:42:19.353279+00:00,baseline_v1
FT-T009698,Yes,0.5364,2026-09-21T16:42:19.353279+00:00,baseline_v1
FT-T009699,Yes,0.6365,2026-09-21T16:42:19.353279+00:00,baseline_v1
FT-T009700,No,0.2258,2026-09-21T16:42:19.353279+00:00,baseline_v1
FT-T009701,Yes,0.6885,2026-09-21T16:42:19.353279+00:00,baseline_v1
FT-T009702,No,0.323,2026-09-21T16:42:19.353279+00:00,baseline_v1
FT-T009703,No,0.2516,2026-09-21T16:42:19.353279+00:00,baseline_v1
FT-T009704,Yes,0.686,2026-09-21T16:42:19.353279+00:00,baseline_v1
FT-T009705,No,0.4034,2026-09-21T16:42:19.353279+00:00,baseline_v1
FT-T009706,No,0.433,2026-09-21T16:42:19.353279+00:00,baseline_v1
FT-T009707,Yes,0.601,2026-09-21T16:42:19.353279+00:00,baseline_v1
FT-T009708,Yes,0.5281,2026-09-21T16:42:19.353279+00:00,baseline_v1
FT-T009709,No,0.2549,2026-09-21T16:42:19.353279+00:00,baseline_v1
FT-T009710,Yes,0.51,2026-09-21T16:42:19.353279+00:00,baseline_v1
FT-T009711,No,0.4451,2026-09-21T16:42:19.353279+00:00,baseline_v1
FT-T009712,No,0.3124,2026-09-21T16:42:19.353279+00:00,baseline_v1
FT-T009713,No,0.355,2026-09-21T16:42:19.353279+00:00,baseline_v1
FT-T009714,No,0.3881,2026-09-21T16:42:19.353279+00:00,baseline_v1
FT-T009715,Yes,0.7351,2026-09-21T16:42:19.353279+00:00,baseline_v1
FT-T009716,No,0.3185,2026-09-21T16:42:19.353279+00:00,baseline_v1
FT-T009717,No,0.4381,2026-09-21T16:42:19.353279+00:00,baseline_v1
FT-T009718,No,0.4827,2026-09-21T16:42:19.353279+00:00,baseline_v1
FT-T009719,No,0.3252,2026-09-21T16:42:19.353279+00:00,baseline_v1
FT-T009720,No,0.3386,2026-09-21T16:42:19.353279+00:00,baseline_v1
FT-T009721,Yes,0.5463,2026-09-21T16:42:19.353279+00:00,baseline_v1
FT-T009722,No,0.3778,2026-09-21T16:42:19.353279+00:00,baseline_v1
FT-T009723,Yes,0.5974,2026-09-21T16:42:19.353279+00:00,baseline_v1
FT-T009724,Yes,0.5423,2026-09-21T16:42:19.353279+00:00,baseline_v1
FT-T009725,No,0.3867,2026-09-21T16:42:19.353279+00:00,baseline_v1
FT-T009726,No,0.2956,2026-09-21T16:42:19.353279+00:00,baseline_v1
FT-T009727,No,0.2678,2026-09-21T16:42:19.353279+00:00,baseline_v1
FT-T009728,No,0.4229,2026-09-21T16:42:19.353279+00:00,baseline_v1
FT-T009729,No,0.3428,2026-09-21T16:42:19.353279+00:00,baseline_v1
FT-T009730,Yes,0.6239,2026-09-21T16:42:19.353279+00:00,baseline_v1
FT-T009731,No,0.4113,2026-09-21T16:42:19.353279+00:00,baseline_v1
FT-T009732,No,0.3042,2026-09-21T16:42:19.353279+00:00,baseline_v1
FT-T009733,No,0.4184,2026-09-21T16:42:19.353279+00:00,baseline_v1
FT-T009734,Yes,0.6584,2026-09-21T16:42:19.353279+00:00,baseline_v1
FT-T009735,Yes,0.6376,2026-09-21T16:42:19.353279+00:00,baseline_v1
FT-T009736,Yes,0.6365,2026-09-21T16:42:19.353279+00:00,baseline_v1
FT-T009737,Yes,0.6838,2026-09-21T16:42:19.353279+00:00,baseline_v1
FT-T009738,No,0.4764,2026-09-21T16:42:19.353279+00:00,baseline_v1
FT-T009739,No,0.4182,2026-09-21T16:42:19.353279+00:00,baseline_v1
FT-T009740,Yes,0.7281,2026-09-21T16:42:19.353279+00:00,baseline_v1
FT-T009741,Yes,0.5162,2026-09-21T16:42:19.353279+00:00,baseline_v1
FT-T009742,Yes,0.7119,2026-09-21T16:42:19.353279+00:00,baseline_v1
FT-T009743,Yes,0.5136,2026-09-21T16:42:19.353279+00:00,baseline_v1
FT-T009744,No,0.4178,2026-09-21T16:42:19.353279+00:00,baseline_v1
FT-T009745,Yes,0.7614,2026-09-21T16:42:19.353279+00:00,baseline_v1
FT-T009746,Yes,0.604,2026-09-21T16:42:19.353279+00:00,baseline_v1
FT-T009747,No,0.3858,2026-09-21T16:42:19.353279+00:00,baseline_v1
FT-T009748,No,0.4547,2026-09-21T16:42:19.353279+00:00,baseline_v1
FT-T009749,Yes,0.5958,2026-09-21T16:42:19.353279+00:00,baseline_v1
FT-T009750,Yes,0.6364,2026-09-21T16:42:19.353279+00:00,baseline_v1
FT-T009751,No,0.3906,2026-09-21T16:42:19.353279+00:00,baseline_v1
FT-T009752,Yes,0.7653,2026-09-21T16:42:19.353279+00:00,baseline_v1
FT-T009753,No,0.3952,2026-09-21T16:42:19.353279+00:00,baseline_v1
FT-T009754,No,0.4821,2026-09-21T16:42:19.353279+00:00,baseline_v1
FT-T009755,Yes,0.6179,2026-09-21T16:42:19.353279+00:00,baseline_v1
FT-T009756,No,0.3027,2026-09-21T16:42:19.353279+00:00,baseline_v1
FT-T009757,Yes,0.6441,2026-09-21T16:42:19.353279+00:00,baseline_v1
FT-T009758,Yes,0.7516,2026-09-21T16:42:19.353279+00:00,baseline_v1
FT-T009759,Yes,0.6656,2026-09-21T16:42:19.353279+00:00,baseline_v1
FT-T009760,No,0.4075,2026-09-21T16:42:19.353279+00:00,baseline_v1
FT-T009761,Yes,0.8651,2026-09-21T16:42:19.353279+00:00,baseline_v1
FT-T009762,No,0.4747,2026-09-21T16:42:19.353279+00:00,baseline_v1
FT-T009763,Yes,0.6239,2026-09-21T16:42:19.353279+00:00,baseline_v1
FT-T009764,Yes,0.5829,2026-09-21T16:42:19.353279+00:00,baseline_v1
FT-T009765,No,0.4078,2026-09-21T16:42:19.353279+00:00,baseline_v1
FT-T009766,No,0.3959,2026-09-21T16:42:19.353279+00:00,baseline_v1
FT-T009767,Yes,0.7068,2026-09-21T16:42:19.353279+00:00,baseline_v1
FT-T009768,Yes,0.5851,2026-09-21T16:42:19.353279+00:00,baseline_v1
FT-T009769,No,0.342,2026-09-21T16:42:19.353279+00:00,baseline_v1
FT-T009770,No,0.4713,2026-09-21T16:42:19.353279+00:00,baseline_v1
FT-T009771,Yes,0.6159,2026-09-21T16:42:19.353279+00:00,baseline_v1
FT-T009772,No,0.3218,2026-09-21T16:42:19.353279+00:00,baseline_v1
FT-T009773,No,0.4333,2026-09-21T16:42:19.353279+00:00,baseline_v1
FT-T009774,Yes,0.6986,2026-09-21T16:42:19.353279+00:00,baseline_v1
FT-T009775,No,0.3648,2026-09-21T16:42:19.353279+00:00,baseline_v1
FT-T009776,Yes,0.508,2026-09-21T16:42:19.353279+00:00,baseline_v1
FT-T009777,Yes,0.5582,2026-09-21T16:42:19.353279+00:00,baseline_v1
FT-T009778,No,0.4666,2026-09-21T16:42:19.353279+00:00,baseline_v1
FT-T009779,Yes,0.6444,2026-09-21T16:42:19.353279+00:00,baseline_v1
FT-T009780,Yes,0.6602,2026-09-21T16:42:19.353279+00:00,baseline_v1
FT-T009781,No,0.3902,2026-09-21T16:42:19.353279+00:00,baseline_v1
FT-T009782,Yes,0.5982,2026-09-21T16:42:19.353279+00:00,baseline_v1
FT-T009783,Yes,0.5118,2026-09-21T16:42:19.353279+00:00,baseline_v1
FT-T009784,No,0.4647,2026-09-21T16:42:19.353279+00:00,baseline_v1
FT-T009785,No,0.3971,2026-09-21T16:42:19.353279+00:00,baseline_v1
FT-T009786,Yes,0.545,2026-09-21T16:42:19.353279+00:00,baseline_v1
FT-T009787,No,0.3317,2026-09-21T16:42:19.353279+00:00,baseline_v1
FT-T009788,No,0.3302,2026-09-21T16:42:19.353279+00:00,baseline_v1
FT-T009789,No,0.3593,2026-09-21T16:42:19.353279+00:00,baseline_v1
FT-T009790,Yes,0.6894,2026-09-21T16:42:19.353279+00:00,baseline_v1
FT-T009791,Yes,0.7221,2026-09-21T16:42:19.353279+00:00,baseline_v1
FT-T009792,Yes,0.8579,2026-09-21T16:42:19.353279+00:00,baseline_v1
FT-T009793,Yes,0.6493,2026-09-21T16:42:19.353279+00:00,baseline_v1
FT-T009794,Yes,0.6688,2026-09-21T16:42:19.353279+00:00,baseline_v1
FT-T009795,No,0.3577,2026-09-21T16:42:19.353279+00:00,baseline_v1
FT-T009796,Yes,0.6275,2026-09-21T16:42:19.353279+00:00,baseline_v1
FT-T009797,Yes,0.5557,2026-09-21T16:42:19.353279+00:00,baseline_v1
FT-T009798,Yes,0.7438,2026-09-21T16:42:19.353279+00:00,baseline_v1
FT-T009799,Yes,0.5439,2026-09-21T16:42:19.353279+00:00,baseline_v1
FT-T009800,No,0.3918,2026-09-21T16:42:19.353279+00:00,baseline_v1
FT-T009801,Yes,0.6127,2026-09-21T16:42:19.353279+00:00,baseline_v1
FT-T009802,No,0.3178,2026-09-21T16:42:19.353279+00:00,baseline_v1
FT-T009803,No,0.3473,2026-09-21T16:42:19.353279+00:00,baseline_v1
FT-T009804,No,0.373,2026-09-21T16:42:19.353279+00:00,baseline_v1
FT-T009805,No,0.3479,2026-09-21T16:42:19.353279+00:00,baseline_v1
FT-T009806,No,0.3705,2026-09-21T16:42:19.353279+00:00,baseline_v1
FT-T009807,Yes,0.5512,2026-09-21T16:42:19.353279+00:00,baseline_v1
FT-T009808,No,0.3651,2026-09-21T16:42:19.353279+00:00,baseline_v1
FT-T009809,Yes,0.6155,2026-09-21T16:42:19.353279+00:00,baseline_v1
FT-T009810,No,0.2544,2026-09-21T16:42:19.353279+00:00,baseline_v1
FT-T009811,No,0.4963,2026-09-21T16:42:19.353279+00:00,baseline_v1
FT-T009812,No,0.4939,2026-09-21T16:42:19.353279+00:00,baseline_v1
FT-T009813,Yes,0.6867,2026-09-21T16:42:19.353279+00:00,baseline_v1
FT-T009814,Yes,0.5142,2026-09-21T16:42:19.353279+00:00,baseline_v1
FT-T009815,Yes,0.5138,2026-09-21T16:42:19.353279+00:00,baseline_v1
FT-T009816,No,0.4989,2026-09-21T16:42:19.353279+00:00,baseline_v1
FT-T009817,Yes,0.5005,2026-09-21T16:42:19.353279+00:00,baseline_v1
FT-T009818,No,0.2044,2026-09-21T16:42:19.353279+00:00,baseline_v1
FT-T009819,Yes,0.7352,2026-09-21T16:42:19.353279+00:00,baseline_v1
FT-T009820,No,0.2912,2026-09-21T16:42:19.353279+00:00,baseline_v1
FT-T009821,No,0.3662,2026-09-21T16:42:19.353279+00:00,baseline_v1
FT-T009822,No,0.4673,2026-09-21T16:42:19.353279+00:00,baseline_v1
FT-T009823,Yes,0.7556,2026-09-21T16:42:19.353279+00:00,baseline_v1
FT-T009824,Yes,0.5378,2026-09-21T16:42:19.353279+00:00,baseline_v1
FT-T009825,Yes,0.518,2026-09-21T16:42:19.353279+00:00,baseline_v1
FT-T009826,No,0.3734,2026-09-21T16:42:19.353279+00:00,baseline_v1
FT-T009827,No,0.3297,2026-09-21T16:42:19.353279+00:00,baseline_v1
FT-T009828,Yes,0.8333,2026-09-21T16:42:19.353279+00:00,baseline_v1
FT-T009829,No,0.4553,2026-09-21T16:42:19.353279+00:00,baseline_v1
FT-T009830,No,0.4307,2026-09-21T16:42:19.353279+00:00,baseline_v1
FT-T009831,Yes,0.5116,2026-09-21T16:42:19.353279+00:00,baseline_v1
FT-T009832,No,0.3544,2026-09-21T16:42:19.353279+00:00,baseline_v1
FT-T009833,No,0.3064,2026-09-21T16:42:19.353279+00:00,baseline_v1
FT-T009834,Yes,0.5354,2026-09-21T16:42:19.353279+00:00,baseline_v1
FT-T009835,Yes,0.6898,2026-09-21T16:42:19.353279+00:00,baseline_v1
FT-T009836,No,0.4567,2026-09-21T16:42:19.353279+00:00,baseline_v1
FT-T009837,No,0.469,2026-09-21T16:42:19.353279+00:00,baseline_v1
FT-T009838,No,0.4305,2026-09-21T16:42:19.353279+00:00,baseline_v1
FT-T009839,No,0.3265,2026-09-21T16:42:19.353279+00:00,baseline_v1
FT-T009840,No,0.2525,2026-09-21T16:42:19.353279+00:00,baseline_v1
FT-T009841,No,0.444,2026-09-21T16:42:19.353279+00:00,baseline_v1
FT-T009842,Yes,0.5316,2026-09-21T16:42:19.353279+00:00,baseline_v1
FT-T009843,Yes,0.5158,2026-09-21T16:42:19.353279+00:00,baseline_v1
FT-T009844,Yes,0.6096,2026-09-21T16:42:19.353279+00:00,baseline_v1
FT-T009845,No,0.3053,2026-09-21T16:42:19.353279+00:00,baseline_v1
FT-T009846,No,0.252,2026-09-21T16:42:19.353279+00:00,baseline_v1
FT-T009847,No,0.4434,2026-09-21T16:42:19.353279+00:00,baseline_v1
FT-T009848,Yes,0.5047,2026-09-21T16:42:19.353279+00:00,baseline_v1
FT-T009849,Yes,0.6216,2026-09-21T16:42:19.353279+00:00,baseline_v1
FT-T009850,No,0.4791,2026-09-21T16:42:19.353279+00:00,baseline_v1
FT-T009851,Yes,0.6404,2026-09-21T16:42:19.353279+00:00,baseline_v1
FT-T009852,Yes,0.5976,2026-09-21T16:42:19.353279+00:00,baseline_v1
FT-T009853,No,0.204,2026-09-21T16:42:19.353279+00:00,baseline_v1
FT-T009854,No,0.2807,2026-09-21T16:42:19.353279+00:00,baseline_v1
FT-T009855,No,0.2926,2026-09-21T16:42:19.353279+00:00,baseline_v1
FT-T009856,No,0.489,2026-09-21T16:42:19.353279+00:00,baseline_v1
FT-T009857,No,0.2303,2026-09-21T16:42:19.353279+00:00,baseline_v1
FT-T009858,No,0.472,2026-09-21T16:42:19.353279+00:00,baseline_v1
FT-T009859,No,0.2654,2026-09-21T16:42:19.353279+00:00,baseline_v1
FT-T009860,Yes,0.5453,2026-09-21T16:42:19.353279+00:00,baseline_v1
FT-T009861,No,0.2624,2026-09-21T16:42:19.353279+00:00,baseline_v1
FT-T009862,No,0.2238,2026-09-21T16:42:19.353279+00:00,baseline_v1
FT-T009863,No,0.2722,2026-09-21T16:42:19.353279+00:00,baseline_v1
FT-T009864,No,0.2754,2026-09-21T16:42:19.353279+00:00,baseline_v1
FT-T009865,No,0.4273,2026-09-21T16:42:19.353279+00:00,baseline_v1
FT-T009866,Yes,0.6082,2026-09-21T16:42:19.353279+00:00,baseline_v1
FT-T009867,Yes,0.6335,2026-09-21T16:42:19.353279+00:00,baseline_v1
FT-T009868,Yes,0.5736,2026-09-21T16:42:19.353279+00:00,baseline_v1
FT-T009869,No,0.4314,2026-09-21T16:42:19.353279+00:00,baseline_v1
FT-T009870,No,0.4328,2026-09-21T16:42:19.353279+00:00,baseline_v1
FT-T009871,No,0.3664,2026-09-21T16:42:19.353279+00:00,baseline_v1
FT-T009872,Yes,0.7963,2026-09-21T16:42:19.353279+00:00,baseline_v1
FT-T009873,Yes,0.8086,2026-09-21T16:42:19.353279+00:00,baseline_v1
FT-T009874,Yes,0.8339,2026-09-21T16:42:19.353279+00:00,baseline_v1
FT-T009875,Yes,0.6953,2026-09-21T16:42:19.353279+00:00,baseline_v1
FT-T009876,Yes,0.6666,2026-09-21T16:42:19.353279+00:00,baseline_v1
FT-T009877,No,0.4185,2026-09-21T16:42:19.353279+00:00,baseline_v1
FT-T009878,No,0.4569,2026-09-21T16:42:19.353279+00:00,baseline_v1
FT-T009879,Yes,0.6098,2026-09-21T16:42:19.353279+00:00,baseline_v1
FT-T009880,Yes,0.5839,2026-09-21T16:42:19.353279+00:00,baseline_v1
FT-T009881,No,0.4389,2026-09-21T16:42:19.353279+00:00,baseline_v1
FT-T009882,No,0.3994,2026-09-21T16:42:19.353279+00:00,baseline_v1
FT-T009883,Yes,0.6101,2026-09-21T16:42:19.353279+00:00,baseline_v1
FT-T009884,No,0.369,2026-09-21T16:42:19.353279+00:00,baseline_v1
FT-T009885,No,0.344,2026-09-21T16:42:19.353279+00:00,baseline_v1
FT-T009886,No,0.4343,2026-09-21T16:42:19.353279+00:00,baseline_v1
FT-T009887,No,0.4843,2026-09-21T16:42:19.353279+00:00,baseline_v1
FT-T009888,No,0.4029,2026-09-21T16:42:19.353279+00:00,baseline_v1
FT-T009889,Yes,0.5865,2026-09-21T16:42:19.353279+00:00,baseline_v1
FT-T009890,Yes,0.5971,2026-09-21T16:42:19.353279+00:00,baseline_v1
FT-T009891,No,0.4895,2026-09-21T16:42:19.353279+00:00,baseline_v1
FT-T009892,No,0.3893,2026-09-21T16:42:19.353279+00:00,baseline_v1
FT-T009893,No,0.3455,2026-09-21T16:42:19.353279+00:00,baseline_v1
FT-T009894,No,0.347,2026-09-21T16:42:19.353279+00:00,baseline_v1
FT-T009895,No,0.3916,2026-09-21T16:42:19.353279+00:00,baseline_v1
FT-T009896,Yes,0.74,2026-09-21T16:42:19.353279+00:00,baseline_v1
FT-T009897,Yes,0.8101,2026-09-21T16:42:19.353279+00:00,baseline_v1
FT-T009898,No,0.4899,2026-09-21T16:42:19.353279+00:00,baseline_v1
FT-T009899,Yes,0.6747,2026-09-21T16:42:19.353279+00:00,baseline_v1
FT-T009900,No,0.4132,2026-09-21T16:42:19.353279+00:00,baseline_v1
FT-T009901,No,0.4111,2026-09-21T16:42:19.353279+00:00,baseline_v1
FT-T009902,No,0.3305,2026-09-21T16:42:19.353279+00:00,baseline_v1
FT-T009903,No,0.3952,2026-09-21T16:42:19.353279+00:00,baseline_v1
FT-T009904,Yes,0.5151,2026-09-21T16:42:19.353279+00:00,baseline_v1
FT-T009905,Yes,0.6861,2026-09-21T16:42:19.353279+00:00,baseline_v1
FT-T009906,No,0.4328,2026-09-21T16:42:19.353279+00:00,baseline_v1
FT-T009907,Yes,0.6079,2026-09-21T16:42:19.353279+00:00,baseline_v1
FT-T009908,No,0.3463,2026-09-21T16:42:19.353279+00:00,baseline_v1
FT-T009909,Yes,0.5462,2026-09-21T16:42:19.353279+00:00,baseline_v1
FT-T009910,Yes,0.6267,2026-09-21T16:42:19.353279+00:00,baseline_v1
FT-T009911,No,0.3269,2026-09-21T16:42:19.353279+00:00,baseline_v1
FT-T009912,No,0.3833,2026-09-21T16:42:19.353279+00:00,baseline_v1
FT-T009913,No,0.3572,2026-09-21T16:42:19.353279+00:00,baseline_v1
FT-T009914,Yes,0.6004,2026-09-21T16:42:19.353279+00:00,baseline_v1
FT-T009915,No,0.3204,2026-09-21T16:42:19.353279+00:00,baseline_v1
FT-T009916,No,0.4194,2026-09-21T16:42:19.353279+00:00,baseline_v1
FT-T009917,No,0.3468,2026-09-21T16:42:19.353279+00:00,baseline_v1
FT-T009918,No,0.3157,2026-09-21T16:42:19.353279+00:00,baseline_v1
FT-T009919,Yes,0.5113,2026-09-21T16:42:19.353279+00:00,baseline_v1
FT-T009920,No,0.4701,2026-09-21T16:42:19.353279+00:00,baseline_v1
FT-T009921,No,0.4612,2026-09-21T16:42:19.353279+00:00,baseline_v1
FT-T009922,Yes,0.5976,2026-09-21T16:42:19.353279+00:00,baseline_v1
FT-T009923,Yes,0.5697,2026-09-21T16:42:19.353279+00:00,baseline_v1
FT-T009924,No,0.3626,2026-09-21T16:42:19.353279+00:00,baseline_v1
FT-T009925,No,0.4385,2026-09-21T16:42:19.353279+00:00,baseline_v1
FT-T009926,No,0.32,2026-09-21T16:42:19.353279+00:00,baseline_v1
FT-T009927,Yes,0.6646,2026-09-21T16:42:19.353279+00:00,baseline_v1
FT-T009928,Yes,0.6802,2026-09-21T16:42:19.353279+00:00,baseline_v1
FT-T009929,Yes,0.5857,2026-09-21T16:42:19.353279+00:00,baseline_v1
FT-T009930,Yes,0.6789,2026-09-21T16:42:19.353279+00:00,baseline_v1
FT-T009931,No,0.4148,2026-09-21T16:42:19.353279+00:00,baseline_v1
FT-T009932,No,0.4974,2026-09-21T16:42:19.353279+00:00,baseline_v1
FT-T009933,Yes,0.5646,2026-09-21T16:42:19.353279+00:00,baseline_v1
FT-T009934,Yes,0.6523,2026-09-21T16:42:19.353279+00:00,baseline_v1
FT-T009935,Yes,0.5245,2026-09-21T16:42:19.353279+00:00,baseline_v1
FT-T009936,No,0.4658,2026-09-21T16:42:19.353279+00:00,baseline_v1
FT-T009937,Yes,0.5255,2026-09-21T16:42:19.353279+00:00,baseline_v1
FT-T009938,Yes,0.6089,2026-09-21T16:42:19.353279+00:00,baseline_v1
FT-T009939,No,0.4678,2026-09-21T16:42:19.353279+00:00,baseline_v1
FT-T009940,Yes,0.5877,2026-09-21T16:42:19.353279+00:00,baseline_v1
FT-T009941,Yes,0.5941,2026-09-21T16:42:19.353279+00:00,baseline_v1
FT-T009942,No,0.3392,2026-09-21T16:42:19.353279+00:00,baseline_v1
FT-T009943,No,0.3439,2026-09-21T16:42:19.353279+00:00,baseline_v1
FT-T009944,Yes,0.5728,2026-09-21T16:42:19.353279+00:00,baseline_v1
FT-T009945,Yes,0.5966,2026-09-21T16:42:19.353279+00:00,baseline_v1
FT-T009946,Yes,0.5037,2026-09-21T16:42:19.353279+00:00,baseline_v1
FT-T009947,Yes,0.5247,2026-09-21T16:42:19.353279+00:00,baseline_v1
FT-T009948,Yes,0.5871,2026-09-21T16:42:19.353279+00:00,baseline_v1
FT-T009949,Yes,0.5961,2026-09-21T16:42:19.353279+00:00,baseline_v1
FT-T009950,No,0.337,2026-09-21T16:42:19.353279+00:00,baseline_v1
FT-T009951,Yes,0.5142,2026-09-21T16:42:19.353279+00:00,baseline_v1
FT-T009952,No,0.3088,2026-09-21T16:42:19.353279+00:00,baseline_v1
FT-T009953,Yes,0.5571,2026-09-21T16:42:19.353279+00:00,baseline_v1
FT-T009954,No,0.4876,2026-09-21T16:42:19.353279+00:00,baseline_v1
FT-T009955,No,0.289,2026-09-21T16:42:19.353279+00:00,baseline_v1
FT-T009956,No,0.4057,2026-09-21T16:42:19.353279+00:00,baseline_v1
FT-T009957,No,0.4973,2026-09-21T16:42:19.353279+00:00,baseline_v1
FT-T009958,No,0.2758,2026-09-21T16:42:19.353279+00:00,baseline_v1
FT-T009959,Yes,0.652,2026-09-21T16:42:19.353279+00:00,baseline_v1
FT-T009960,No,0.3421,2026-09-21T16:42:19.353279+00:00,baseline_v1
FT-T009961,Yes,0.5576,2026-09-21T16:42:19.353279+00:00,baseline_v1
FT-T009962,No,0.4532,2026-09-21T16:42:19.353279+00:00,baseline_v1
FT-T009963,No,0.2516,2026-09-21T16:42:19.353279+00:00,baseline_v1
FT-T009964,No,0.2922,2026-09-21T16:42:19.353279+00:00,baseline_v1
FT-T009965,Yes,0.5637,2026-09-21T16:42:19.353279+00:00,baseline_v1
FT-T009966,No,0.3114,2026-09-21T16:42:19.353279+00:00,baseline_v1
FT-T009967,No,0.4621,2026-09-21T16:42:19.353279+00:00,baseline_v1
FT-T009968,No,0.2554,2026-09-21T16:42:19.353279+00:00,baseline_v1
FT-T009969,No,0.2899,2026-09-21T16:42:19.353279+00:00,baseline_v1
FT-T009970,No,0.4288,2026-09-21T16:42:19.353279+00:00,baseline_v1
FT-T009971,Yes,0.5267,2026-09-21T16:42:19.353279+00:00,baseline_v1
FT-T009972,Yes,0.5629,2026-09-21T16:42:19.353279+00:00,baseline_v1
FT-T009973,No,0.4706,2026-09-21T16:42:19.353279+00:00,baseline_v1
FT-T009974,Yes,0.5719,2026-09-21T16:42:19.353279+00:00,baseline_v1
FT-T009975,No,0.3157,2026-09-21T16:42:19.353279+00:00,baseline_v1
FT-T009976,No,0.437,2026-09-21T16:42:19.353279+00:00,baseline_v1
FT-T009977,No,0.4079,2026-09-21T16:42:19.353279+00:00,baseline_v1
FT-T009978,No,0.4587,2026-09-21T16:42:19.353279+00:00,baseline_v1
FT-T009979,No,0.2824,2026-09-21T16:42:19.353279+00:00,baseline_v1
FT-T009980,No,0.2561,2026-09-21T16:42:19.353279+00:00,baseline_v1
FT-T009981,No,0.3348,2026-09-21T16:42:19.353279+00:00,baseline_v1
FT-T009982,No,0.3391,2026-09-21T16:42:19.353279+00:00,baseline_v1
FT-T009983,Yes,0.5841,2026-09-21T16:42:19.353279+00:00,baseline_v1
FT-T009984,No,0.2338,2026-09-21T16:42:19.353279+00:00,baseline_v1
FT-T009985,No,0.2374,2026-09-21T16:42:19.353279+00:00,baseline_v1
FT-T009986,No,0.3255,2026-09-21T16:42:19.353279+00:00,baseline_v1
FT-T009987,No,0.2273,2026-09-21T16:42:19.353279+00:00,baseline_v1
FT-T009988,Yes,0.6782,2026-09-21T16:42:19.353279+00:00,baseline_v1
FT-T009989,No,0.4838,2026-09-21T16:42:19.353279+00:00,baseline_v1
FT-T009990,No,0.427,2026-09-21T16:42:19.353279+00:00,baseline_v1
FT-T009991,No,0.4338,2026-09-21T16:42:19.353279+00:00,baseline_v1
FT-T009992,No,0.4395,2026-09-21T16:42:19.353279+00:00,baseline_v1
FT-T009993,No,0.364,2026-09-21T16:42:19.353279+00:00,baseline_v1
FT-T009994,No,0.2482,2026-09-21T16:42:19.353279+00:00,baseline_v1
FT-T009995,Yes,0.5013,2026-09-21T16:42:19.353279+00:00,baseline_v1
FT-T009996,No,0.218,2026-09-21T16:42:19.353279+00:00,baseline_v1
FT-T009997,No,0.2822,2026-09-21T16:42:19.353279+00:00,baseline_v1
FT-T009998,No,0.4604,2026-09-21T16:42:19.353279+00:00,baseline_v1
FT-T009999,Yes,0.5024,2026-09-21T16:42:19.353279+00:00,baseline_v1
FT-T010000,No,0.4372,2026-09-21T16:42:19.353279+00:00,baseline_v1
FT-T010001,Yes,0.6871,2026-09-21T16:42:19.353279+00:00,baseline_v1
FT-T010002,No,0.4345,2026-09-21T16:42:19.353279+00:00,baseline_v1
FT-T010003,Yes,0.7253,2026-09-21T16:42:19.353279+00:00,baseline_v1
FT-T010004,Yes,0.5187,2026-09-21T16:42:19.353279+00:00,baseline_v1
FT-T010005,Yes,0.6847,2026-09-21T16:42:19.353279+00:00,baseline_v1
FT-T010006,Yes,0.558,2026-09-21T16:42:19.353279+00:00,baseline_v1
FT-T010007,Yes,0.8074,2026-09-21T16:42:19.353279+00:00,baseline_v1
FT-T010008,No,0.3626,2026-09-21T16:42:19.353279+00:00,baseline_v1
FT-T010009,No,0.4349,2026-09-21T16:42:19.353279+00:00,baseline_v1
FT-T010010,Yes,0.6507,2026-09-21T16:42:19.353279+00:00,baseline_v1
FT-T010011,No,0.4227,2026-09-21T16:42:19.353279+00:00,baseline_v1
FT-T010012,No,0.4796,2026-09-21T16:42:19.353279+00:00,baseline_v1
FT-T010013,Yes,0.7115,2026-09-21T16:42:19.353279+00:00,baseline_v1
FT-T010014,No,0.4175,2026-09-21T16:42:19.353279+00:00,baseline_v1
FT-T010015,No,0.4365,2026-09-21T16:42:19.353279+00:00,baseline_v1
FT-T010016,Yes,0.5729,2026-09-21T16:42:19.353279+00:00,baseline_v1
FT-T010017,Yes,0.5968,2026-09-21T16:42:19.353279+00:00,baseline_v1
FT-T010018,Yes,0.6309,2026-09-21T16:42:19.353279+00:00,baseline_v1
FT-T010019,Yes,0.7816,2026-09-21T16:42:19.353279+00:00,baseline_v1
FT-T010020,No,0.4168,2026-09-21T16:42:19.353279+00:00,baseline_v1
FT-T010021,No,0.3765,2026-09-21T16:42:19.353279+00:00,baseline_v1
FT-T010022,No,0.4527,2026-09-21T16:42:19.353279+00:00,baseline_v1
FT-T010023,No,0.3769,2026-09-21T16:42:19.353279+00:00,baseline_v1
FT-T010024,Yes,0.6545,2026-09-21T16:42:19.353279+00:00,baseline_v1
FT-T010025,Yes,0.7185,2026-09-21T16:42:19.353279+00:00,baseline_v1
FT-T010026,Yes,0.526,2026-09-21T16:42:19.353279+00:00,baseline_v1
FT-T010027,No,0.4372,2026-09-21T16:42:19.353279+00:00,baseline_v1
FT-T010028,Yes,0.5787,2026-09-21T16:42:19.353279+00:00,baseline_v1
FT-T010029,Yes,0.8011,2026-09-21T16:42:19.353279+00:00,baseline_v1
FT-T010030,Yes,0.5824,2026-09-21T16:42:19.353279+00:00,baseline_v1
FT-T010031,No,0.3493,2026-09-21T16:42:19.353279+00:00,baseline_v1
FT-T010032,No,0.3826,2026-09-21T16:42:19.353279+00:00,baseline_v1
FT-T010033,No,0.3982,2026-09-21T16:42:19.353279+00:00,baseline_v1
FT-T010034,No,0.4123,2026-09-21T16:42:19.353279+00:00,baseline_v1
FT-T010035,Yes,0.5911,2026-09-21T16:42:19.353279+00:00,baseline_v1
FT-T010036,Yes,0.7642,2026-09-21T16:42:19.353279+00:00,baseline_v1
FT-T010037,Yes,0.7575,2026-09-21T16:42:19.353279+00:00,baseline_v1
FT-T010038,Yes,0.5843,2026-09-21T16:42:19.353279+00:00,baseline_v1
FT-T010039,No,0.4217,2026-09-21T16:42:19.353279+00:00,baseline_v1
FT-T010040,No,0.3213,2026-09-21T16:42:19.353279+00:00,baseline_v1
FT-T010041,No,0.3204,2026-09-21T16:42:19.353279+00:00,baseline_v1
FT-T010042,No,0.3809,2026-09-21T16:42:19.353279+00:00,baseline_v1
FT-T010043,Yes,0.6054,2026-09-21T16:42:19.353279+00:00,baseline_v1
FT-T010044,No,0.3875,2026-09-21T16:42:19.353279+00:00,baseline_v1
FT-T010045,Yes,0.6225,2026-09-21T16:42:19.353279+00:00,baseline_v1
FT-T010046,Yes,0.6075,2026-09-21T16:42:19.353279+00:00,baseline_v1
FT-T010047,Yes,0.577,2026-09-21T16:42:19.353279+00:00,baseline_v1
FT-T010048,No,0.4025,2026-09-21T16:42:19.353279+00:00,baseline_v1
FT-T010049,Yes,0.6395,2026-09-21T16:42:19.353279+00:00,baseline_v1
FT-T010050,Yes,0.5678,2026-09-21T16:42:19.353279+00:00,baseline_v1
FT-T010051,Yes,0.5071,2026-09-21T16:42:19.353279+00:00,baseline_v1
FT-T010052,No,0.4892,2026-09-21T16:42:19.353279+00:00,baseline_v1
FT-T010053,No,0.3512,2026-09-21T16:42:19.353279+00:00,baseline_v1
FT-T010054,Yes,0.6145,2026-09-21T16:42:19.353279+00:00,baseline_v1
FT-T010055,Yes,0.502,2026-09-21T16:42:19.353279+00:00,baseline_v1
FT-T010056,No,0.4984,2026-09-21T16:42:19.353279+00:00,baseline_v1
FT-T010057,Yes,0.766,2026-09-21T16:42:19.353279+00:00,baseline_v1
FT-T010058,No,0.3065,2026-09-21T16:42:19.353279+00:00,baseline_v1
FT-T010059,No,0.4609,2026-09-21T16:42:19.353279+00:00,baseline_v1
FT-T010060,No,0.3655,2026-09-21T16:42:19.353279+00:00,baseline_v1
FT-T010061,Yes,0.8364,2026-09-21T16:42:19.353279+00:00,baseline_v1
FT-T010062,No,0.3997,2026-09-21T16:42:19.353279+00:00,baseline_v1
FT-T010063,No,0.4838,2026-09-21T16:42:19.353279+00:00,baseline_v1
FT-T010064,Yes,0.5067,2026-09-21T16:42:19.353279+00:00,baseline_v1
FT-T010065,Yes,0.5986,2026-09-21T16:42:19.353279+00:00,baseline_v1
FT-T010066,No,0.3279,2026-09-21T16:42:19.353279+00:00,baseline_v1
FT-T010067,No,0.333,2026-09-21T16:42:19.353279+00:00,baseline_v1
FT-T010068,Yes,0.6487,2026-09-21T16:42:19.353279+00:00,baseline_v1
FT-T010069,No,0.3471,2026-09-21T16:42:19.353279+00:00,baseline_v1
FT-T010070,Yes,0.5395,2026-09-21T16:42:19.353279+00:00,baseline_v1
FT-T010071,Yes,0.6164,2026-09-21T16:42:19.353279+00:00,baseline_v1
FT-T010072,Yes,0.5026,2026-09-21T16:42:19.353279+00:00,baseline_v1
FT-T010073,Yes,0.5054,2026-09-21T16:42:19.353279+00:00,baseline_v1
FT-T010074,No,0.3335,2026-09-21T16:42:19.353279+00:00,baseline_v1
FT-T010075,No,0.3316,2026-09-21T16:42:19.353279+00:00,baseline_v1
FT-T010076,Yes,0.5402,2026-09-21T16:42:19.353279+00:00,baseline_v1
FT-T010077,Yes,0.6467,2026-09-21T16:42:19.353279+00:00,baseline_v1
FT-T010078,No,0.2758,2026-09-21T16:42:19.353279+00:00,baseline_v1
FT-T010079,Yes,0.8083,2026-09-21T16:42:19.353279+00:00,baseline_v1
FT-T010080,Yes,0.5611,2026-09-21T16:42:19.353279+00:00,baseline_v1
FT-T010081,Yes,0.619,2026-09-21T16:42:19.353279+00:00,baseline_v1
FT-T010082,No,0.4238,2026-09-21T16:42:19.353279+00:00,baseline_v1
FT-T010083,No,0.2795,2026-09-21T16:42:19.353279+00:00,baseline_v1
FT-T010084,No,0.3562,2026-09-21T16:42:19.353279+00:00,baseline_v1
FT-T010085,No,0.377,2026-09-21T16:42:19.353279+00:00,baseline_v1
FT-T010086,No,0.464,2026-09-21T16:42:19.353279+00:00,baseline_v1
FT-T010087,No,0.2956,2026-09-21T16:42:19.353279+00:00,baseline_v1
FT-T010088,No,0.4705,2026-09-21T16:42:19.353279+00:00,baseline_v1
FT-T010089,No,0.3612,2026-09-21T16:42:19.353279+00:00,baseline_v1
FT-T010090,Yes,0.7415,2026-09-21T16:42:19.353279+00:00,baseline_v1
FT-T010091,No,0.4386,2026-09-21T16:42:19.353279+00:00,baseline_v1
FT-T010092,No,0.3398,2026-09-21T16:42:19.353279+00:00,baseline_v1
FT-T010093,Yes,0.5345,2026-09-21T16:42:19.353279+00:00,baseline_v1
FT-T010094,No,0.2861,2026-09-21T16:42:19.353279+00:00,baseline_v1
FT-T010095,No,0.2786,2026-09-21T16:42:19.353279+00:00,baseline_v1
FT-T010096,No,0.3756,2026-09-21T16:42:19.353279+00:00,baseline_v1
FT-T010097,Yes,0.5223,2026-09-21T16:42:19.353279+00:00,baseline_v1
FT-T010098,No,0.3789,2026-09-21T16:42:19.353279+00:00,baseline_v1
FT-T010099,Yes,0.5508,2026-09-21T16:42:19.353279+00:00,baseline_v1
FT-T010100,No,0.3528,2026-09-21T16:42:19.353279+00:00,baseline_v1
FT-T010101,No,0.2488,2026-09-21T16:42:19.353279+00:00,baseline_v1
FT-T010102,No,0.459,2026-09-21T16:42:19.353279+00:00,baseline_v1
FT-T010103,Yes,0.8021,2026-09-21T16:42:19.353279+00:00,baseline_v1
FT-T010104,No,0.2182,2026-09-21T16:42:19.353279+00:00,baseline_v1
FT-T010105,Yes,0.5714,2026-09-21T16:42:19.353279+00:00,baseline_v1
FT-T010106,No,0.2639,2026-09-21T16:42:19.353279+00:00,baseline_v1
FT-T010107,Yes,0.623,2026-09-21T16:42:19.353279+00:00,baseline_v1
FT-T010108,No,0.386,2026-09-21T16:42:19.353279+00:00,baseline_v1
FT-T010109,No,0.4011,2026-09-21T16:42:19.353279+00:00,baseline_v1
FT-T010110,No,0.4464,2026-09-21T16:42:19.353279+00:00,baseline_v1
FT-T010111,No,0.2612,2026-09-21T16:42:19.353279+00:00,baseline_v1
FT-T010112,No,0.2847,2026-09-21T16:42:19.353279+00:00,baseline_v1
FT-T010113,No,0.2031,2026-09-21T16:42:19.353279+00:00,baseline_v1
FT-T010114,No,0.3961,2026-09-21T16:42:19.353279+00:00,baseline_v1
FT-T010115,No,0.3,2026-09-21T16:42:19.353279+00:00,baseline_v1
FT-T010116,No,0.2715,2026-09-21T16:42:19.353279+00:00,baseline_v1
FT-T010117,No,0.4713,2026-09-21T16:42:19.353279+00:00,baseline_v1
FT-T010118,Yes,0.5227,2026-09-21T16:42:19.353279+00:00,baseline_v1
FT-T010119,No,0.4717,2026-09-21T16:42:19.353279+00:00,baseline_v1
FT-T010120,No,0.3544,2026-09-21T16:42:19.353279+00:00,baseline_v1
FT-T010121,Yes,0.5909,2026-09-21T16:42:19.353279+00:00,baseline_v1
FT-T010122,No,0.2508,2026-09-21T16:42:19.353279+00:00,baseline_v1
FT-T010123,No,0.2731,2026-09-21T16:42:19.353279+00:00,baseline_v1
FT-T010124,No,0.2925,2026-09-21T16:42:19.353279+00:00,baseline_v1
FT-T010125,No,0.2952,2026-09-21T16:42:19.353279+00:00,baseline_v1
FT-T010126,Yes,0.5479,2026-09-21T16:42:19.353279+00:00,baseline_v1
FT-T010127,No,0.2929,2026-09-21T16:42:19.353279+00:00,baseline_v1
FT-T010128,No,0.4107,2026-09-21T16:42:19.353279+00:00,baseline_v1
FT-T010129,No,0.243,2026-09-21T16:42:19.353279+00:00,baseline_v1
FT-T010130,No,0.369,2026-09-21T16:42:19.353279+00:00,baseline_v1
FT-T010131,No,0.2312,2026-09-21T16:42:19.353279+00:00,baseline_v1
FT-T010132,No,0.2701,2026-09-21T16:42:19.353279+00:00,baseline_v1
FT-T010133,No,0.4441,2026-09-21T16:42:19.353279+00:00,baseline_v1
FT-T010134,Yes,0.6746,2026-09-21T16:42:19.353279+00:00,baseline_v1
FT-T010135,Yes,0.6604,2026-09-21T16:42:19.353279+00:00,baseline_v1
FT-T010136,No,0.4854,2026-09-21T16:42:19.353279+00:00,baseline_v1
FT-T010137,Yes,0.7405,2026-09-21T16:42:19.353279+00:00,baseline_v1
FT-T010138,Yes,0.6137,2026-09-21T16:42:19.353279+00:00,baseline_v1
FT-T010139,Yes,0.7032,2026-09-21T16:42:19.353279+00:00,baseline_v1
FT-T010140,Yes,0.506,2026-09-21T16:42:19.353279+00:00,baseline_v1
FT-T010141,No,0.3949,2026-09-21T16:42:19.353279+00:00,baseline_v1
FT-T010142,Yes,0.5083,2026-09-21T16:42:19.353279+00:00,baseline_v1
FT-T010143,Yes,0.7761,2026-09-21T16:42:19.353279+00:00,baseline_v1
FT-T010144,No,0.3794,2026-09-21T16:42:19.353279+00:00,baseline_v1
FT-T010145,Yes,0.6199,2026-09-21T16:42:19.353279+00:00,baseline_v1
FT-T010146,Yes,0.6242,2026-09-21T16:42:19.353279+00:00,baseline_v1
FT-T010147,No,0.3847,2026-09-21T16:42:19.353279+00:00,baseline_v1
FT-T010148,No,0.4177,2026-09-21T16:42:19.353279+00:00,baseline_v1
FT-T010149,No,0.4618,2026-09-21T16:42:19.353279+00:00,baseline_v1
FT-T010150,Yes,0.8502,2026-09-21T16:42:19.353279+00:00,baseline_v1
FT-T010151,No,0.4205,2026-09-21T16:42:19.353279+00:00,baseline_v1
FT-T010152,Yes,0.5016,2026-09-21T16:42:19.353279+00:00,baseline_v1
FT-T010153,No,0.4921,2026-09-21T16:42:19.353279+00:00,baseline_v1
FT-T010154,Yes,0.6893,2026-09-21T16:42:19.353279+00:00,baseline_v1
FT-T010155,Yes,0.604,2026-09-21T16:42:19.353279+00:00,baseline_v1
FT-T010156,No,0.3804,2026-09-21T16:42:19.353279+00:00,baseline_v1
FT-T010157,Yes,0.6316,2026-09-21T16:42:19.353279+00:00,baseline_v1
FT-T010158,No,0.4466,2026-09-21T16:42:19.353279+00:00,baseline_v1
FT-T010159,Yes,0.6121,2026-09-21T16:42:19.353279+00:00,baseline_v1
FT-T010160,No,0.3922,2026-09-21T16:42:19.353279+00:00,baseline_v1
FT-T010161,Yes,0.7912,2026-09-21T16:42:19.353279+00:00,baseline_v1
FT-T010162,No,0.3202,2026-09-21T16:42:19.353279+00:00,baseline_v1
FT-T010163,No,0.4229,2026-09-21T16:42:19.353279+00:00,baseline_v1
FT-T010164,No,0.4626,2026-09-21T16:42:19.353279+00:00,baseline_v1
FT-T010165,No,0.4505,2026-09-21T16:42:19.353279+00:00,baseline_v1
FT-T010166,No,0.4343,2026-09-21T16:42:19.353279+00:00,baseline_v1
FT-T010167,Yes,0.5934,2026-09-21T16:42:19.353279+00:00,baseline_v1
FT-T010168,Yes,0.6533,2026-09-21T16:42:19.353279+00:00,baseline_v1
FT-T010169,Yes,0.5703,2026-09-21T16:42:19.353279+00:00,baseline_v1
FT-T010170,Yes,0.5448,2026-09-21T16:42:19.353279+00:00,baseline_v1
FT-T010171,No,0.372,2026-09-21T16:42:19.353279+00:00,baseline_v1
FT-T010172,No,0.4369,2026-09-21T16:42:19.353279+00:00,baseline_v1
FT-T010173,No,0.3456,2026-09-21T16:42:19.353279+00:00,baseline_v1
FT-T010174,Yes,0.561,2026-09-21T16:42:19.353279+00:00,baseline_v1
FT-T010175,No,0.3327,2026-09-21T16:42:19.353279+00:00,baseline_v1
FT-T010176,Yes,0.7637,2026-09-21T16:42:19.353279+00:00,baseline_v1
FT-T010177,No,0.3752,2026-09-21T16:42:19.353279+00:00,baseline_v1
FT-T010178,No,0.3986,2026-09-21T16:42:19.353279+00:00,baseline_v1
FT-T010179,No,0.3625,2026-09-21T16:42:19.353279+00:00,baseline_v1
FT-T010180,No,0.3884,2026-09-21T16:42:19.353279+00:00,baseline_v1
FT-T010181,No,0.4479,2026-09-21T16:42:19.353279+00:00,baseline_v1
FT-T010182,Yes,0.5366,2026-09-21T16:42:19.353279+00:00,baseline_v1
FT-T010183,No,0.4377,2026-09-21T16:42:19.353279+00:00,baseline_v1
FT-T010184,Yes,0.6975,2026-09-21T16:42:19.353279+00:00,baseline_v1
FT-T010185,No,0.33,2026-09-21T16:42:19.353279+00:00,baseline_v1
FT-T010186,Yes,0.5165,2026-09-21T16:42:19.353279+00:00,baseline_v1
FT-T010187,Yes,0.6037,2026-09-21T16:42:19.353279+00:00,baseline_v1
FT-T010188,No,0.3212,2026-09-21T16:42:19.353279+00:00,baseline_v1
FT-T010189,No,0.4216,2026-09-21T16:42:19.353279+00:00,baseline_v1
FT-T010190,Yes,0.5433,2026-09-21T16:42:19.353279+00:00,baseline_v1
FT-T010191,No,0.3784,2026-09-21T16:42:19.353279+00:00,baseline_v1
FT-T010192,Yes,0.5463,2026-09-21T16:42:19.353279+00:00,baseline_v1
FT-T010193,No,0.3453,2026-09-21T16:42:19.353279+00:00,baseline_v1
FT-T010194,No,0.3447,2026-09-21T16:42:19.353279+00:00,baseline_v1
FT-T010195,No,0.3894,2026-09-21T16:42:19.353279+00:00,baseline_v1
FT-T010196,No,0.4464,2026-09-21T16:42:19.353279+00:00,baseline_v1
FT-T010197,No,0.2923,2026-09-21T16:42:19.353279+00:00,baseline_v1
FT-T010198,No,0.3843,2026-09-21T16:42:19.353279+00:00,baseline_v1
FT-T010199,Yes,0.5341,2026-09-21T16:42:19.353279+00:00,baseline_v1
FT-T010200,No,0.371,2026-09-21T16:42:19.353279+00:00,baseline_v1
FT-T010201,No,0.3296,2026-09-21T16:42:19.353279+00:00,baseline_v1
FT-T010202,Yes,0.5127,2026-09-21T16:42:19.353279+00:00,baseline_v1
FT-T010203,No,0.3329,2026-09-21T16:42:19.353279+00:00,baseline_v1
FT-T010204,Yes,0.6305,2026-09-21T16:42:19.353279+00:00,baseline_v1
FT-T010205,No,0.3054,2026-09-21T16:42:19.353279+00:00,baseline_v1
FT-T010206,Yes,0.5085,2026-09-21T16:42:19.353279+00:00,baseline_v1
FT-T010207,Yes,0.5469,2026-09-21T16:42:19.353279+00:00,baseline_v1
FT-T010208,Yes,0.6496,2026-09-21T16:42:19.353279+00:00,baseline_v1
FT-T010209,No,0.4692,2026-09-21T16:42:19.353279+00:00,baseline_v1
FT-T010210,No,0.4987,2026-09-21T16:42:19.353279+00:00,baseline_v1
FT-T010211,Yes,0.5264,2026-09-21T16:42:19.353279+00:00,baseline_v1
FT-T010212,No,0.3536,2026-09-21T16:42:19.353279+00:00,baseline_v1
FT-T010213,Yes,0.621,2026-09-21T16:42:19.353279+00:00,baseline_v1
FT-T010214,No,0.3082,2026-09-21T16:42:19.353279+00:00,baseline_v1
FT-T010215,No,0.2885,2026-09-21T16:42:19.353279+00:00,baseline_v1
FT-T010216,No,0.4448,2026-09-21T16:42:19.353279+00:00,baseline_v1
FT-T010217,Yes,0.5371,2026-09-21T16:42:19.353279+00:00,baseline_v1
FT-T010218,No,0.2858,2026-09-21T16:42:19.353279+00:00,baseline_v1
FT-T010219,No,0.3382,2026-09-21T16:42:19.353279+00:00,baseline_v1
FT-T010220,No,0.2098,2026-09-21T16:42:19.353279+00:00,baseline_v1
FT-T010221,Yes,0.5584,2026-09-21T16:42:19.353279+00:00,baseline_v1
FT-T010222,No,0.3381,2026-09-21T16:42:19.353279+00:00,baseline_v1
FT-T010223,No,0.3113,2026-09-21T16:42:19.353279+00:00,baseline_v1
FT-T010224,No,0.2808,2026-09-21T16:42:19.353279+00:00,baseline_v1
FT-T010225,Yes,0.6333,2026-09-21T16:42:19.353279+00:00,baseline_v1
FT-T010226,No,0.4314,2026-09-21T16:42:19.353279+00:00,baseline_v1
FT-T010227,Yes,0.6142,2026-09-21T16:42:19.353279+00:00,baseline_v1
FT-T010228,Yes,0.5133,2026-09-21T16:42:19.353279+00:00,baseline_v1
FT-T010229,Yes,0.5436,2026-09-21T16:42:19.353279+00:00,baseline_v1
FT-T010230,No,0.3326,2026-09-21T16:42:19.353279+00:00,baseline_v1
FT-T010231,Yes,0.5267,2026-09-21T16:42:19.353279+00:00,baseline_v1
FT-T010232,No,0.307,2026-09-21T16:42:19.353279+00:00,baseline_v1
FT-T010233,No,0.2991,2026-09-21T16:42:19.353279+00:00,baseline_v1
FT-T010234,No,0.3217,2026-09-21T16:42:19.353279+00:00,baseline_v1
FT-T010235,No,0.4224,2026-09-21T16:42:19.353279+00:00,baseline_v1
FT-T010236,Yes,0.5677,2026-09-21T16:42:19.353279+00:00,baseline_v1
FT-T010237,No,0.4845,2026-09-21T16:42:19.353279+00:00,baseline_v1
FT-T010238,No,0.3537,2026-09-21T16:42:19.353279+00:00,baseline_v1
FT-T010239,Yes,0.5813,2026-09-21T16:42:19.353279+00:00,baseline_v1
FT-T010240,No,0.3386,2026-09-21T16:42:19.353279+00:00,baseline_v1
FT-T010241,No,0.3513,2026-09-21T16:42:19.353279+00:00,baseline_v1
FT-T010242,No,0.4884,2026-09-21T16:42:19.353279+00:00,baseline_v1
FT-T010243,No,0.3407,2026-09-21T16:42:19.353279+00:00,baseline_v1
FT-T010244,Yes,0.5474,2026-09-21T16:42:19.353279+00:00,baseline_v1
FT-T010245,Yes,0.7059,2026-09-21T16:42:19.353279+00:00,baseline_v1
FT-T010246,No,0.2252,2026-09-21T16:42:19.353279+00:00,baseline_v1
FT-T010247,No,0.2799,2026-09-21T16:42:19.353279+00:00,baseline_v1
FT-T010248,No,0.2793,2026-09-21T16:42:19.353279+00:00,baseline_v1
FT-T010249,No,0.4195,2026-09-21T16:42:19.353279+00:00,baseline_v1
FT-T010250,No,0.2594,2026-09-21T16:42:19.353279+00:00,baseline_v1
FT-T010251,No,0.4287,2026-09-21T16:42:19.353279+00:00,baseline_v1
FT-T010252,No,0.2571,2026-09-21T16:42:19.353279+00:00,baseline_v1
FT-T010253,Yes,0.5322,2026-09-21T16:42:19.353279+00:00,baseline_v1
FT-T010254,Yes,0.57,2026-09-21T16:42:19.353279+00:00,baseline_v1
FT-T010255,No,0.4537,2026-09-21T16:42:19.353279+00:00,baseline_v1
FT-T010256,No,0.4483,2026-09-21T16:42:19.353279+00:00,baseline_v1
FT-T010257,No,0.2554,2026-09-21T16:42:19.353279+00:00,baseline_v1
FT-T010258,No,0.2328,2026-09-21T16:42:19.353279+00:00,baseline_v1
FT-T010259,No,0.274,2026-09-21T16:42:19.353279+00:00,baseline_v1
FT-T010260,Yes,0.5156,2026-09-21T16:42:19.353279+00:00,baseline_v1
FT-T010261,No,0.267,2026-09-21T16:42:19.353279+00:00,baseline_v1
FT-T010262,No,0.239,2026-09-21T16:42:19.353279+00:00,baseline_v1
FT-T010263,Yes,0.7203,2026-09-21T16:42:19.353279+00:00,baseline_v1
FT-T010264,No,0.2553,2026-09-21T16:42:19.353279+00:00,baseline_v1
FT-T010265,No,0.2343,2026-09-21T16:42:19.353279+00:00,baseline_v1
FT-T010266,No,0.3963,2026-09-21T16:42:19.353279+00:00,baseline_v1
FT-T010267,No,0.4691,2026-09-21T16:42:19.353279+00:00,baseline_v1
FT-T010268,No,0.4976,2026-09-21T16:42:19.353279+00:00,baseline_v1
FT-T010269,No,0.4564,2026-09-21T16:42:19.353279+00:00,baseline_v1
FT-T010270,Yes,0.6647,2026-09-21T16:42:19.353279+00:00,baseline_v1
FT-T010271,No,0.4682,2026-09-21T16:42:19.353279+00:00,baseline_v1
FT-T010272,Yes,0.6938,2026-09-21T16:42:19.353279+00:00,baseline_v1
FT-T010273,Yes,0.8356,2026-09-21T16:42:19.353279+00:00,baseline_v1
FT-T010274,Yes,0.5165,2026-09-21T16:42:19.353279+00:00,baseline_v1
FT-T010275,Yes,0.6713,2026-09-21T16:42:19.353279+00:00,baseline_v1
FT-T010276,No,0.448,2026-09-21T16:42:19.353279+00:00,baseline_v1
FT-T010277,Yes,0.6595,2026-09-21T16:42:19.353279+00:00,baseline_v1
FT-T010278,Yes,0.8541,2026-09-21T16:42:19.353279+00:00,baseline_v1
FT-T010279,Yes,0.7963,2026-09-21T16:42:19.353279+00:00,baseline_v1
FT-T010280,Yes,0.6519,2026-09-21T16:42:19.353279+00:00,baseline_v1
FT-T010281,No,0.4485,2026-09-21T16:42:19.353279+00:00,baseline_v1
FT-T010282,No,0.4089,2026-09-21T16:42:19.353279+00:00,baseline_v1
FT-T010283,No,0.4867,2026-09-21T16:42:19.353279+00:00,baseline_v1
FT-T010284,Yes,0.7123,2026-09-21T16:42:19.353279+00:00,baseline_v1
FT-T010285,Yes,0.7641,2026-09-21T16:42:19.353279+00:00,baseline_v1
FT-T010286,No,0.2894,2026-09-21T16:42:19.353279+00:00,baseline_v1
FT-T010287,Yes,0.6218,2026-09-21T16:42:19.353279+00:00,baseline_v1
FT-T010288,Yes,0.78,2026-09-21T16:42:19.353279+00:00,baseline_v1
FT-T010289,Yes,0.5876,2026-09-21T16:42:19.353279+00:00,baseline_v1
FT-T010290,No,0.3404,2026-09-21T16:42:19.353279+00:00,baseline_v1
FT-T010291,No,0.4184,2026-09-21T16:42:19.353279+00:00,baseline_v1
FT-T010292,No,0.4808,2026-09-21T16:42:19.353279+00:00,baseline_v1
FT-T010293,No,0.4116,2026-09-21T16:42:19.353279+00:00,baseline_v1
FT-T010294,No,0.4298,2026-09-21T16:42:19.353279+00:00,baseline_v1
FT-T010295,No,0.4896,2026-09-21T16:42:19.353279+00:00,baseline_v1
FT-T010296,Yes,0.711,2026-09-21T16:42:19.353279+00:00,baseline_v1
FT-T010297,Yes,0.6673,2026-09-21T16:42:19.353279+00:00,baseline_v1
FT-T010298,No,0.3726,2026-09-21T16:42:19.353279+00:00,baseline_v1
FT-T010299,Yes,0.6408,2026-09-21T16:42:19.353279+00:00,baseline_v1
FT-T010300,Yes,0.8581,2026-09-21T16:42:19.353279+00:00,baseline_v1
FT-T010301,Yes,0.6807,2026-09-21T16:42:19.353279+00:00,baseline_v1
FT-T010302,Yes,0.5929,2026-09-21T16:42:19.353279+00:00,baseline_v1
FT-T010303,Yes,0.5601,2026-09-21T16:42:19.353279+00:00,baseline_v1
FT-T010304,Yes,0.7658,2026-09-21T16:42:19.353279+00:00,baseline_v1
FT-T010305,Yes,0.6835,2026-09-21T16:42:19.353279+00:00,baseline_v1
FT-T010306,No,0.4302,2026-09-21T16:42:19.353279+00:00,baseline_v1
FT-T010307,Yes,0.5202,2026-09-21T16:42:19.353279+00:00,baseline_v1
FT-T010308,No,0.4065,2026-09-21T16:42:19.353279+00:00,baseline_v1
FT-T010309,No,0.4329,2026-09-21T16:42:19.353279+00:00,baseline_v1
FT-T010310,Yes,0.6443,2026-09-21T16:42:19.353279+00:00,baseline_v1
FT-T010311,Yes,0.597,2026-09-21T16:42:19.353279+00:00,baseline_v1
FT-T010312,No,0.4,2026-09-21T16:42:19.353279+00:00,baseline_v1
FT-T010313,No,0.3386,2026-09-21T16:42:19.353279+00:00,baseline_v1
FT-T010314,Yes,0.7817,2026-09-21T16:42:19.353279+00:00,baseline_v1
FT-T010315,Yes,0.5652,2026-09-21T16:42:19.353279+00:00,baseline_v1
FT-T010316,No,0.2633,2026-09-21T16:42:19.353279+00:00,baseline_v1
FT-T010317,Yes,0.5967,2026-09-21T16:42:19.353279+00:00,baseline_v1
FT-T010318,No,0.2925,2026-09-21T16:42:19.353279+00:00,baseline_v1
FT-T010319,No,0.3659,2026-09-21T16:42:19.353279+00:00,baseline_v1
FT-T010320,No,0.3846,2026-09-21T16:42:19.353279+00:00,baseline_v1
FT-T010321,Yes,0.6416,2026-09-21T16:42:19.353279+00:00,baseline_v1
FT-T010322,Yes,0.6025,2026-09-21T16:42:19.353279+00:00,baseline_v1
FT-T010323,No,0.484,2026-09-21T16:42:19.353279+00:00,baseline_v1
FT-T010324,No,0.3847,2026-09-21T16:42:19.353279+00:00,baseline_v1
FT-T010325,Yes,0.5678,2026-09-21T16:42:19.353279+00:00,baseline_v1
FT-T010326,No,0.373,2026-09-21T16:42:19.353279+00:00,baseline_v1
FT-T010327,No,0.3258,2026-09-21T16:42:19.353279+00:00,baseline_v1
FT-T010328,Yes,0.6909,2026-09-21T16:42:19.353279+00:00,baseline_v1
FT-T010329,No,0.4288,2026-09-21T16:42:19.353279+00:00,baseline_v1
FT-T010330,No,0.3843,2026-09-21T16:42:19.353279+00:00,baseline_v1
FT-T010331,No,0.3618,2026-09-21T16:42:19.353279+00:00,baseline_v1
FT-T010332,Yes,0.5759,2026-09-21T16:42:19.353279+00:00,baseline_v1
FT-T010333,Yes,0.5634,2026-09-21T16:42:19.353279+00:00,baseline_v1
FT-T010334,Yes,0.5066,2026-09-21T16:42:19.353279+00:00,baseline_v1
FT-T010335,Yes,0.6161,2026-09-21T16:42:19.353279+00:00,baseline_v1
FT-T010336,No,0.4401,2026-09-21T16:42:19.353279+00:00,baseline_v1
FT-T010337,Yes,0.5153,2026-09-21T16:42:19.353279+00:00,baseline_v1
FT-T010338,No,0.4378,2026-09-21T16:42:19.353279+00:00,baseline_v1
FT-T010339,No,0.3145,2026-09-21T16:42:19.353279+00:00,baseline_v1
FT-T010340,No,0.3628,2026-09-21T16:42:19.353279+00:00,baseline_v1
FT-T010341,Yes,0.6871,2026-09-21T16:42:19.353279+00:00,baseline_v1
FT-T010342,No,0.3452,2026-09-21T16:42:19.353279+00:00,baseline_v1
FT-T010343,Yes,0.551,2026-09-21T16:42:19.353279+00:00,baseline_v1
FT-T010344,Yes,0.8336,2026-09-21T16:42:19.353279+00:00,baseline_v1
FT-T010345,No,0.3995,2026-09-21T16:42:19.353279+00:00,baseline_v1
FT-T010346,Yes,0.8114,2026-09-21T16:42:19.353279+00:00,baseline_v1
FT-T010347,Yes,0.5299,2026-09-21T16:42:19.353279+00:00,baseline_v1
FT-T010348,Yes,0.5014,2026-09-21T16:42:19.353279+00:00,baseline_v1
FT-T010349,No,0.3278,2026-09-21T16:42:19.353279+00:00,baseline_v1
FT-T010350,Yes,0.551,2026-09-21T16:42:19.353279+00:00,baseline_v1
FT-T010351,No,0.2441,2026-09-21T16:42:19.353279+00:00,baseline_v1
FT-T010352,No,0.3584,2026-09-21T16:42:19.353279+00:00,baseline_v1
FT-T010353,Yes,0.7659,2026-09-21T16:42:19.353279+00:00,baseline_v1
FT-T010354,No,0.3723,2026-09-21T16:42:19.353279+00:00,baseline_v1
FT-T010355,Yes,0.7334,2026-09-21T16:42:19.353279+00:00,baseline_v1
FT-T010356,Yes,0.5791,2026-09-21T16:42:19.353279+00:00,baseline_v1
FT-T010357,No,0.2949,2026-09-21T16:42:19.353279+00:00,baseline_v1
FT-T010358,No,0.3539,2026-09-21T16:42:19.353279+00:00,baseline_v1
FT-T010359,No,0.3204,2026-09-21T16:42:19.353279+00:00,baseline_v1
FT-T010360,Yes,0.5263,2026-09-21T16:42:19.353279+00:00,baseline_v1
FT-T010361,Yes,0.8388,2026-09-21T16:42:19.353279+00:00,baseline_v1
FT-T010362,No,0.2865,2026-09-21T16:42:19.353279+00:00,baseline_v1
FT-T010363,No,0.4563,2026-09-21T16:42:19.353279+00:00,baseline_v1
FT-T010364,No,0.2975,2026-09-21T16:42:19.353279+00:00,baseline_v1
FT-T010365,No,0.4827,2026-09-21T16:42:19.353279+00:00,baseline_v1
FT-T010366,Yes,0.5086,2026-09-21T16:42:19.353279+00:00,baseline_v1
FT-T010367,No,0.3001,2026-09-21T16:42:19.353279+00:00,baseline_v1
FT-T010368,No,0.3678,2026-09-21T16:42:19.353279+00:00,baseline_v1
FT-T010369,No,0.2313,2026-09-21T16:42:19.353279+00:00,baseline_v1
FT-T010370,Yes,0.5127,2026-09-21T16:42:19.353279+00:00,baseline_v1
FT-T010371,No,0.2446,2026-09-21T16:42:19.353279+00:00,baseline_v1
FT-T010372,No,0.417,2026-09-21T16:42:19.353279+00:00,baseline_v1
FT-T010373,No,0.4959,2026-09-21T16:42:19.353279+00:00,baseline_v1
FT-T010374,No,0.4754,2026-09-21T16:42:19.353279+00:00,baseline_v1
FT-T010375,Yes,0.5151,2026-09-21T16:42:19.353279+00:00,baseline_v1
FT-T010376,Yes,0.6763,2026-09-21T16:42:19.353279+00:00,baseline_v1
FT-T010377,No,0.3136,2026-09-21T16:42:19.353279+00:00,baseline_v1
FT-T010378,No,0.2546,2026-09-21T16:42:19.353279+00:00,baseline_v1
FT-T010379,No,0.2669,2026-09-21T16:42:19.353279+00:00,baseline_v1
FT-T010380,No,0.2411,2026-09-21T16:42:19.353279+00:00,baseline_v1
FT-T010381,No,0.2646,2026-09-21T16:42:19.353279+00:00,baseline_v1
FT-T010382,No,0.3228,2026-09-21T16:42:19.353279+00:00,baseline_v1
FT-T010383,No,0.3139,2026-09-21T16:42:19.353279+00:00,baseline_v1
FT-T010384,No,0.1815,2026-09-21T16:42:19.353279+00:00,baseline_v1
FT-T010385,No,0.3909,2026-09-21T16:42:19.353279+00:00,baseline_v1
FT-T010386,No,0.3443,2026-09-21T16:42:19.353279+00:00,baseline_v1
FT-T010387,No,0.243,2026-09-21T16:42:19.353279+00:00,baseline_v1
FT-T010388,Yes,0.5489,2026-09-21T16:42:19.353279+00:00,baseline_v1
FT-T010389,No,0.2567,2026-09-21T16:42:19.353279+00:00,baseline_v1
FT-T010390,No,0.4773,2026-09-21T16:42:19.353279+00:00,baseline_v1
FT-T010391,No,0.2412,2026-09-21T16:42:19.353279+00:00,baseline_v1
FT-T010392,Yes,0.5043,2026-09-21T16:42:19.353279+00:00,baseline_v1
FT-T010393,Yes,0.7166,2026-09-21T16:42:19.353279+00:00,baseline_v1
FT-T010394,No,0.2863,2026-09-21T16:42:19.353279+00:00,baseline_v1
FT-T010395,Yes,0.6863,2026-09-21T16:42:19.353279+00:00,baseline_v1
FT-T010396,No,0.4071,2026-09-21T16:42:19.353279+00:00,baseline_v1
FT-T010397,No,0.2225,2026-09-21T16:42:19.353279+00:00,baseline_v1
FT-T010398,No,0.2961,2026-09-21T16:42:19.353279+00:00,baseline_v1
FT-T010399,No,0.1968,2026-09-21T16:42:19.353279+00:00,baseline_v1
FT-T010400,No,0.2552,2026-09-21T16:42:19.353279+00:00,baseline_v1
FT-T010401,No,0.4363,2026-09-21T16:42:19.353279+00:00,baseline_v1
FT-T010402,Yes,0.5048,2026-09-21T16:42:19.353279+00:00,baseline_v1
FT-T010403,Yes,0.6071,2026-09-21T16:42:19.353279+00:00,baseline_v1
FT-T010404,Yes,0.6792,2026-09-21T16:42:19.353279+00:00,baseline_v1
FT-T010405,No,0.34,2026-09-21T16:42:19.353279+00:00,baseline_v1
FT-T010406,Yes,0.5589,2026-09-21T16:42:19.353279+00:00,baseline_v1
FT-T010407,No,0.3801,2026-09-21T16:42:19.353279+00:00,baseline_v1
FT-T010408,Yes,0.7026,2026-09-21T16:42:19.353279+00:00,baseline_v1
FT-T010409,Yes,0.714,2026-09-21T16:42:19.353279+00:00,baseline_v1
FT-T010410,Yes,0.6213,2026-09-21T16:42:19.353279+00:00,baseline_v1
FT-T010411,No,0.3981,2026-09-21T16:42:19.353279+00:00,baseline_v1
FT-T010412,No,0.4155,2026-09-21T16:42:19.353279+00:00,baseline_v1
FT-T010413,Yes,0.6365,2026-09-21T16:42:19.353279+00:00,baseline_v1
FT-T010414,Yes,0.5306,2026-09-21T16:42:19.353279+00:00,baseline_v1
FT-T010415,Yes,0.8131,2026-09-21T16:42:19.353279+00:00,baseline_v1
FT-T010416,Yes,0.7228,2026-09-21T16:42:19.353279+00:00,baseline_v1
FT-T010417,No,0.4265,2026-09-21T16:42:19.353279+00:00,baseline_v1
FT-T010418,No,0.4193,2026-09-21T16:42:19.353279+00:00,baseline_v1
FT-T010419,Yes,0.5952,2026-09-21T16:42:19.353279+00:00,baseline_v1
FT-T010420,No,0.4767,2026-09-21T16:42:19.353279+00:00,baseline_v1
FT-T010421,Yes,0.6305,2026-09-21T16:42:19.353279+00:00,baseline_v1
FT-T010422,No,0.3956,2026-09-21T16:42:19.353279+00:00,baseline_v1
FT-T010423,Yes,0.7846,2026-09-21T16:42:19.353279+00:00,baseline_v1
FT-T010424,Yes,0.7941,2026-09-21T16:42:19.353279+00:00,baseline_v1
FT-T010425,Yes,0.6617,2026-09-21T16:42:19.353279+00:00,baseline_v1
FT-T010426,Yes,0.6351,2026-09-21T16:42:19.353279+00:00,baseline_v1
FT-T010427,No,0.4411,2026-09-21T16:42:19.353279+00:00,baseline_v1
FT-T010428,No,0.3974,2026-09-21T16:42:19.353279+00:00,baseline_v1
FT-T010429,Yes,0.8024,2026-09-21T16:42:19.353279+00:00,baseline_v1
FT-T010430,No,0.3496,2026-09-21T16:42:19.353279+00:00,baseline_v1
FT-T010431,Yes,0.6611,2026-09-21T16:42:19.353279+00:00,baseline_v1
FT-T010432,No,0.3961,2026-09-21T16:42:19.353279+00:00,baseline_v1
FT-T010433,No,0.345,2026-09-21T16:42:19.353279+00:00,baseline_v1
FT-T010434,No,0.4185,2026-09-21T16:42:19.353279+00:00,baseline_v1
FT-T010435,Yes,0.5766,2026-09-21T16:42:19.353279+00:00,baseline_v1
FT-T010436,No,0.4529,2026-09-21T16:42:19.353279+00:00,baseline_v1
FT-T010437,No,0.3576,2026-09-21T16:42:19.353279+00:00,baseline_v1
FT-T010438,No,0.3508,2026-09-21T16:42:19.353279+00:00,baseline_v1
FT-T010439,Yes,0.6141,2026-09-21T16:42:19.353279+00:00,baseline_v1
FT-T010440,No,0.2701,2026-09-21T16:42:19.353279+00:00,baseline_v1
FT-T010441,Yes,0.5779,2026-09-21T16:42:19.353279+00:00,baseline_v1
FT-T010442,No,0.4927,2026-09-21T16:42:19.353279+00:00,baseline_v1
FT-T010443,Yes,0.5433,2026-09-21T16:42:19.353279+00:00,baseline_v1
FT-T010444,No,0.3716,2026-09-21T16:42:19.353279+00:00,baseline_v1
FT-T010445,Yes,0.7724,2026-09-21T16:42:19.353279+00:00,baseline_v1
FT-T010446,No,0.4503,2026-09-21T16:42:19.353279+00:00,baseline_v1
FT-T010447,Yes,0.5561,2026-09-21T16:42:19.353279+00:00,baseline_v1
FT-T010448,Yes,0.7468,2026-09-21T16:42:19.353279+00:00,baseline_v1
FT-T010449,Yes,0.7644,2026-09-21T16:42:19.353279+00:00,baseline_v1
FT-T010450,Yes,0.673,2026-09-21T16:42:19.353279+00:00,baseline_v1
FT-T010451,No,0.3296,2026-09-21T16:42:19.353279+00:00,baseline_v1
FT-T010452,No,0.3721,2026-09-21T16:42:19.353279+00:00,baseline_v1
FT-T010453,No,0.3417,2026-09-21T16:42:19.353279+00:00,baseline_v1
FT-T010454,No,0.3271,2026-09-21T16:42:19.353279+00:00,baseline_v1
FT-T010455,Yes,0.5371,2026-09-21T16:42:19.353279+00:00,baseline_v1
FT-T010456,Yes,0.7163,2026-09-21T16:42:19.353279+00:00,baseline_v1
FT-T010457,Yes,0.77,2026-09-21T16:42:19.353279+00:00,baseline_v1
FT-T010458,No,0.3863,2026-09-21T16:42:19.353279+00:00,baseline_v1
FT-T010459,No,0.4175,2026-09-21T16:42:19.353279+00:00,baseline_v1
FT-T010460,No,0.3334,2026-09-21T16:42:19.353279+00:00,baseline_v1
FT-T010461,Yes,0.5939,2026-09-21T16:42:19.353279+00:00,baseline_v1
FT-T010462,Yes,0.5504,2026-09-21T16:42:19.353279+00:00,baseline_v1
FT-T010463,No,0.4233,2026-09-21T16:42:19.353279+00:00,baseline_v1
FT-T010464,No,0.3215,2026-09-21T16:42:19.353279+00:00,baseline_v1
FT-T010465,No,0.4003,2026-09-21T16:42:19.353279+00:00,baseline_v1
FT-T010466,No,0.4572,2026-09-21T16:42:19.353279+00:00,baseline_v1
FT-T010467,Yes,0.5344,2026-09-21T16:42:19.353279+00:00,baseline_v1
FT-T010468,Yes,0.5166,2026-09-21T16:42:19.353279+00:00,baseline_v1
FT-T010469,No,0.3926,2026-09-21T16:42:19.353279+00:00,baseline_v1
FT-T010470,Yes,0.5023,2026-09-21T16:42:19.353279+00:00,baseline_v1
FT-T010471,Yes,0.5333,2026-09-21T16:42:19.353279+00:00,baseline_v1
FT-T010472,Yes,0.581,2026-09-21T16:42:19.353279+00:00,baseline_v1
FT-T010473,No,0.4031,2026-09-21T16:42:19.353279+00:00,baseline_v1
FT-T010474,No,0.2452,2026-09-21T16:42:19.353279+00:00,baseline_v1
FT-T010475,No,0.3591,2026-09-21T16:42:19.353279+00:00,baseline_v1
FT-T010476,Yes,0.6868,2026-09-21T16:42:19.353279+00:00,baseline_v1
FT-T010477,Yes,0.6615,2026-09-21T16:42:19.353279+00:00,baseline_v1
FT-T010478,No,0.4513,2026-09-21T16:42:19.353279+00:00,baseline_v1
FT-T010479,Yes,0.5491,2026-09-21T16:42:19.353279+00:00,baseline_v1
FT-T010480,No,0.2827,2026-09-21T16:42:19.353279+00:00,baseline_v1
FT-T010481,No,0.4576,2026-09-21T16:42:19.353279+00:00,baseline_v1
FT-T010482,Yes,0.5193,2026-09-21T16:42:19.353279+00:00,baseline_v1
FT-T010483,Yes,0.5717,2026-09-21T16:42:19.353279+00:00,baseline_v1
FT-T010484,No,0.3546,2026-09-21T16:42:19.353279+00:00,baseline_v1
FT-T010485,No,0.289,2026-09-21T16:42:19.353279+00:00,baseline_v1
FT-T010486,No,0.2923,2026-09-21T16:42:19.353279+00:00,baseline_v1
FT-T010487,Yes,0.5612,2026-09-21T16:42:19.353279+00:00,baseline_v1
FT-T010488,No,0.3117,2026-09-21T16:42:19.353279+00:00,baseline_v1
FT-T010489,No,0.2773,2026-09-21T16:42:19.353279+00:00,baseline_v1
FT-T010490,No,0.3318,2026-09-21T16:42:19.353279+00:00,baseline_v1
FT-T010491,No,0.2358,2026-09-21T16:42:19.353279+00:00,baseline_v1
FT-T010492,No,0.4948,2026-09-21T16:42:19.353279+00:00,baseline_v1
FT-T010493,Yes,0.6005,2026-09-21T16:42:19.353279+00:00,baseline_v1
FT-T010494,No,0.2746,2026-09-21T16:42:19.353279+00:00,baseline_v1
FT-T010495,Yes,0.5434,2026-09-21T16:42:19.353279+00:00,baseline_v1
FT-T010496,No,0.3365,2026-09-21T16:42:19.353279+00:00,baseline_v1
FT-T010497,Yes,0.5356,2026-09-21T16:42:19.353279+00:00,baseline_v1
FT-T010498,No,0.3559,2026-09-21T16:42:19.353279+00:00,baseline_v1
FT-T010499,No,0.2885,2026-09-21T16:42:19.353279+00:00,baseline_v1
FT-T010500,No,0.4492,2026-09-21T16:42:19.353279+00:00,baseline_v1
FT-T010501,No,0.3856,2026-09-21T16:42:19.353279+00:00,baseline_v1
FT-T010502,Yes,0.5194,2026-09-21T16:42:19.353279+00:00,baseline_v1
FT-T010503,No,0.2677,2026-09-21T16:42:19.353279+00:00,baseline_v1
FT-T010504,No,0.305,2026-09-21T16:42:19.353279+00:00,baseline_v1
FT-T010505,No,0.3229,2026-09-21T16:42:19.353279+00:00,baseline_v1
FT-T010506,No,0.3089,2026-09-21T16:42:19.353279+00:00,baseline_v1
FT-T010507,Yes,0.5825,2026-09-21T16:42:19.353279+00:00,baseline_v1
FT-T010508,No,0.3644,2026-09-21T16:42:19.353279+00:00,baseline_v1
FT-T010509,No,0.3136,2026-09-21T16:42:19.353279+00:00,baseline_v1
FT-T010510,No,0.344,2026-09-21T16:42:19.353279+00:00,baseline_v1
FT-T010511,No,0.277,2026-09-21T16:42:19.353279+00:00,baseline_v1
FT-T010512,Yes,0.5098,2026-09-21T16:42:19.353279+00:00,baseline_v1
FT-T010513,Yes,0.6287,2026-09-21T16:42:19.353279+00:00,baseline_v1
FT-T010514,No,0.4593,2026-09-21T16:42:19.353279+00:00,baseline_v1
FT-T010515,No,0.2768,2026-09-21T16:42:19.353279+00:00,baseline_v1
FT-T010516,Yes,0.67,2026-09-21T16:42:19.353279+00:00,baseline_v1
FT-T010517,No,0.3012,2026-09-21T16:42:19.353279+00:00,baseline_v1
FT-T010518,No,0.1996,2026-09-21T16:42:19.353279+00:00,baseline_v1
FT-T010519,No,0.2586,2026-09-21T16:42:19.353279+00:00,baseline_v1
FT-T010520,No,0.4592,2026-09-21T16:42:19.353279+00:00,baseline_v1
FT-T010521,Yes,0.6644,2026-09-21T16:42:19.353279+00:00,baseline_v1
FT-T010522,No,0.3288,2026-09-21T16:42:19.353279+00:00,baseline_v1
FT-T010523,No,0.3987,2026-09-21T16:42:19.353279+00:00,baseline_v1
FT-T010524,No,0.2739,2026-09-21T16:42:19.353279+00:00,baseline_v1
FT-T010525,Yes,0.5766,2026-09-21T16:42:19.353279+00:00,baseline_v1
FT-T010526,Yes,0.6528,2026-09-21T16:42:19.353279+00:00,baseline_v1
FT-T010527,Yes,0.7068,2026-09-21T16:42:19.353279+00:00,baseline_v1
FT-T010528,No,0.2504,2026-09-21T16:42:19.353279+00:00,baseline_v1
FT-T010529,No,0.3254,2026-09-21T16:42:19.353279+00:00,baseline_v1
FT-T010530,No,0.2357,2026-09-21T16:42:19.353279+00:00,baseline_v1
FT-T010531,Yes,0.6677,2026-09-21T16:42:19.353279+00:00,baseline_v1
FT-T010532,Yes,0.6173,2026-09-21T16:42:19.353279+00:00,baseline_v1
FT-T010533,No,0.2472,2026-09-21T16:42:19.353279+00:00,baseline_v1
FT-T010534,Yes,0.8691,2026-09-21T16:42:19.353279+00:00,baseline_v1
FT-T010535,Yes,0.6034,2026-09-21T16:42:19.353279+00:00,baseline_v1
FT-T010536,Yes,0.666,2026-09-21T16:42:19.353279+00:00,baseline_v1
FT-T010537,No,0.4555,2026-09-21T16:42:19.353279+00:00,baseline_v1
FT-T010538,No,0.4736,2026-09-21T16:42:19.353279+00:00,baseline_v1
FT-T010539,No,0.4542,2026-09-21T16:42:19.353279+00:00,baseline_v1
FT-T010540,No,0.4738,2026-09-21T16:42:19.353279+00:00,baseline_v1
FT-T010541,Yes,0.8681,2026-09-21T16:42:19.353279+00:00,baseline_v1
FT-T010542,No,0.4397,2026-09-21T16:42:19.353279+00:00,baseline_v1
FT-T010543,No,0.4309,2026-09-21T16:42:19.353279+00:00,baseline_v1
FT-T010544,Yes,0.595,2026-09-21T16:42:19.353279+00:00,baseline_v1
FT-T010545,No,0.4331,2026-09-21T16:42:19.353279+00:00,baseline_v1
FT-T010546,Yes,0.718,2026-09-21T16:42:19.353279+00:00,baseline_v1
FT-T010547,No,0.4091,2026-09-21T16:42:19.353279+00:00,baseline_v1
FT-T010548,No,0.4024,2026-09-21T16:42:19.353279+00:00,baseline_v1
FT-T010549,Yes,0.5462,2026-09-21T16:42:19.353279+00:00,baseline_v1
FT-T010550,No,0.4228,2026-09-21T16:42:19.353279+00:00,baseline_v1
FT-T010551,Yes,0.6196,2026-09-21T16:42:19.353279+00:00,baseline_v1
FT-T010552,Yes,0.819,2026-09-21T16:42:19.353279+00:00,baseline_v1
FT-T010553,No,0.4073,2026-09-21T16:42:19.353279+00:00,baseline_v1
FT-T010554,Yes,0.6424,2026-09-21T16:42:19.353279+00:00,baseline_v1
FT-T010555,Yes,0.6115,2026-09-21T16:42:19.353279+00:00,baseline_v1
FT-T010556,Yes,0.7715,2026-09-21T16:42:19.353279+00:00,baseline_v1
FT-T010557,Yes,0.6413,2026-09-21T16:42:19.353279+00:00,baseline_v1
FT-T010558,No,0.4282,2026-09-21T16:42:19.353279+00:00,baseline_v1
FT-T010559,No,0.3743,2026-09-21T16:42:19.353279+00:00,baseline_v1
FT-T010560,Yes,0.7084,2026-09-21T16:42:19.353279+00:00,baseline_v1
FT-T010561,Yes,0.6289,2026-09-21T16:42:19.353279+00:00,baseline_v1
FT-T010562,Yes,0.8396,2026-09-21T16:42:19.353279+00:00,baseline_v1
FT-T010563,Yes,0.6614,2026-09-21T16:42:19.353279+00:00,baseline_v1
FT-T010564,No,0.4343,2026-09-21T16:42:19.353279+00:00,baseline_v1
FT-T010565,No,0.4609,2026-09-21T16:42:19.353279+00:00,baseline_v1
FT-T010566,Yes,0.6857,2026-09-21T16:42:19.353279+00:00,baseline_v1
FT-T010567,No,0.4415,2026-09-21T16:42:19.353279+00:00,baseline_v1
FT-T010568,Yes,0.6535,2026-09-21T16:42:19.353279+00:00,baseline_v1
FT-T010569,No,0.4942,2026-09-21T16:42:19.353279+00:00,baseline_v1
FT-T010570,Yes,0.8379,2026-09-21T16:42:19.353279+00:00,baseline_v1
FT-T010571,Yes,0.5714,2026-09-21T16:42:19.353279+00:00,baseline_v1
FT-T010572,Yes,0.6211,2026-09-21T16:42:19.353279+00:00,baseline_v1
FT-T010573,No,0.3907,2026-09-21T16:42:19.353279+00:00,baseline_v1
FT-T010574,Yes,0.6195,2026-09-21T16:42:19.353279+00:00,baseline_v1
FT-T010575,Yes,0.7581,2026-09-21T16:42:19.353279+00:00,baseline_v1
FT-T010576,Yes,0.6231,2026-09-21T16:42:19.353279+00:00,baseline_v1
FT-T010577,No,0.3179,2026-09-21T16:42:19.353279+00:00,baseline_v1
FT-T010578,Yes,0.5595,2026-09-21T16:42:19.353279+00:00,baseline_v1
FT-T010579,Yes,0.552,2026-09-21T16:42:19.353279+00:00,baseline_v1
FT-T010580,Yes,0.7918,2026-09-21T16:42:19.353279+00:00,baseline_v1
FT-T010581,No,0.3388,2026-09-21T16:42:19.353279+00:00,baseline_v1
FT-T010582,No,0.404,2026-09-21T16:42:19.353279+00:00,baseline_v1
FT-T010583,Yes,0.5591,2026-09-21T16:42:19.353279+00:00,baseline_v1
FT-T010584,Yes,0.5673,2026-09-21T16:42:19.353279+00:00,baseline_v1
FT-T010585,No,0.3468,2026-09-21T16:42:19.353279+00:00,baseline_v1
FT-T010586,Yes,0.5725,2026-09-21T16:42:19.353279+00:00,baseline_v1
FT-T010587,No,0.4528,2026-09-21T16:42:19.353279+00:00,baseline_v1
FT-T010588,Yes,0.5262,2026-09-21T16:42:19.353279+00:00,baseline_v1
FT-T010589,No,0.4054,2026-09-21T16:42:19.353279+00:00,baseline_v1
FT-T010590,No,0.3043,2026-09-21T16:42:19.353279+00:00,baseline_v1
FT-T010591,Yes,0.6029,2026-09-21T16:42:19.353279+00:00,baseline_v1
FT-T010592,Yes,0.8453,2026-09-21T16:42:19.353279+00:00,baseline_v1
FT-T010593,No,0.3204,2026-09-21T16:42:19.353279+00:00,baseline_v1
FT-T010594,Yes,0.7181,2026-09-21T16:42:19.353279+00:00,baseline_v1
FT-T010595,Yes,0.706,2026-09-21T16:42:19.353279+00:00,baseline_v1
FT-T010596,Yes,0.5688,2026-09-21T16:42:19.353279+00:00,baseline_v1
FT-T010597,Yes,0.5728,2026-09-21T16:42:19.353279+00:00,baseline_v1
FT-T010598,No,0.3122,2026-09-21T16:42:19.353279+00:00,baseline_v1
FT-T010599,Yes,0.6628,2026-09-21T16:42:19.353279+00:00,baseline_v1
FT-T010600,Yes,0.7904,2026-09-21T16:42:19.353279+00:00,baseline_v1
FT-T010601,Yes,0.5114,2026-09-21T16:42:19.353279+00:00,baseline_v1
FT-T010602,Yes,0.5014,2026-09-21T16:42:19.353279+00:00,baseline_v1
FT-T010603,No,0.313,2026-09-21T16:42:19.353279+00:00,baseline_v1
FT-T010604,No,0.4006,2026-09-21T16:42:19.353279+00:00,baseline_v1
FT-T010605,No,0.4393,2026-09-21T16:42:19.353279+00:00,baseline_v1
FT-T010606,Yes,0.5041,2026-09-21T16:42:19.353279+00:00,baseline_v1
FT-T010607,No,0.4452,2026-09-21T16:42:19.353279+00:00,baseline_v1
FT-T010608,No,0.3681,2026-09-21T16:42:19.353279+00:00,baseline_v1
FT-T010609,No,0.3341,2026-09-21T16:42:19.353279+00:00,baseline_v1
FT-T010610,No,0.4792,2026-09-21T16:42:19.353279+00:00,baseline_v1
FT-T010611,No,0.3026,2026-09-21T16:42:19.353279+00:00,baseline_v1
FT-T010612,No,0.3545,2026-09-21T16:42:19.353279+00:00,baseline_v1
FT-T010613,No,0.3172,2026-09-21T16:42:19.353279+00:00,baseline_v1
FT-T010614,No,0.4457,2026-09-21T16:42:19.353279+00:00,baseline_v1
FT-T010615,Yes,0.5398,2026-09-21T16:42:19.353279+00:00,baseline_v1
FT-T010616,Yes,0.5286,2026-09-21T16:42:19.353279+00:00,baseline_v1
FT-T010617,No,0.3282,2026-09-21T16:42:19.353279+00:00,baseline_v1
FT-T010618,Yes,0.5432,2026-09-21T16:42:19.353279+00:00,baseline_v1
FT-T010619,No,0.4875,2026-09-21T16:42:19.353279+00:00,baseline_v1
FT-T010620,No,0.3299,2026-09-21T16:42:19.353279+00:00,baseline_v1
FT-T010621,No,0.4747,2026-09-21T16:42:19.353279+00:00,baseline_v1
FT-T010622,Yes,0.5251,2026-09-21T16:42:19.353279+00:00,baseline_v1
FT-T010623,No,0.2923,2026-09-21T16:42:19.353279+00:00,baseline_v1
FT-T010624,Yes,0.5106,2026-09-21T16:42:19.353279+00:00,baseline_v1
FT-T010625,Yes,0.602,2026-09-21T16:42:19.353279+00:00,baseline_v1
FT-T010626,Yes,0.5267,2026-09-21T16:42:19.353279+00:00,baseline_v1
FT-T010627,No,0.4512,2026-09-21T16:42:19.353279+00:00,baseline_v1
FT-T010628,No,0.4573,2026-09-21T16:42:19.353279+00:00,baseline_v1
FT-T010629,No,0.2681,2026-09-21T16:42:19.353279+00:00,baseline_v1
FT-T010630,Yes,0.5355,2026-09-21T16:42:19.353279+00:00,baseline_v1
FT-T010631,Yes,0.5216,2026-09-21T16:42:19.353279+00:00,baseline_v1
FT-T010632,No,0.3296,2026-09-21T16:42:19.353279+00:00,baseline_v1
FT-T010633,No,0.2498,2026-09-21T16:42:19.353279+00:00,baseline_v1
FT-T010634,Yes,0.6377,2026-09-21T16:42:19.353279+00:00,baseline_v1
FT-T010635,No,0.2964,2026-09-21T16:42:19.353279+00:00,baseline_v1
FT-T010636,Yes,0.5787,2026-09-21T16:42:19.353279+00:00,baseline_v1
FT-T010637,No,0.3073,2026-09-21T16:42:19.353279+00:00,baseline_v1
FT-T010638,Yes,0.6565,2026-09-21T16:42:19.353279+00:00,baseline_v1
FT-T010639,No,0.3313,2026-09-21T16:42:19.353279+00:00,baseline_v1
FT-T010640,No,0.3134,2026-09-21T16:42:19.353279+00:00,baseline_v1
FT-T010641,Yes,0.5055,2026-09-21T16:42:19.353279+00:00,baseline_v1
FT-T010642,Yes,0.5584,2026-09-21T16:42:19.353279+00:00,baseline_v1
FT-T010643,No,0.2821,2026-09-21T16:42:19.353279+00:00,baseline_v1
FT-T010644,No,0.2704,2026-09-21T16:42:19.353279+00:00,baseline_v1
FT-T010645,No,0.2616,2026-09-21T16:42:19.353279+00:00,baseline_v1
FT-T010646,No,0.2695,2026-09-21T16:42:19.353279+00:00,baseline_v1
FT-T010647,Yes,0.5311,2026-09-21T16:42:19.353279+00:00,baseline_v1
FT-T010648,No,0.232,2026-09-21T16:42:19.353279+00:00,baseline_v1
FT-T010649,No,0.2852,2026-09-21T16:42:19.353279+00:00,baseline_v1
FT-T010650,No,0.2805,2026-09-21T16:42:19.353279+00:00,baseline_v1
FT-T010651,Yes,0.6507,2026-09-21T16:42:19.353279+00:00,baseline_v1
FT-T010652,Yes,0.6429,2026-09-21T16:42:19.353279+00:00,baseline_v1
FT-T010653,No,0.3985,2026-09-21T16:42:19.353279+00:00,baseline_v1
FT-T010654,No,0.4983,2026-09-21T16:42:19.353279+00:00,baseline_v1
FT-T010655,No,0.4402,2026-09-21T16:42:19.353279+00:00,baseline_v1
FT-T010656,No,0.3867,2026-09-21T16:42:19.353279+00:00,baseline_v1
FT-T010657,Yes,0.7744,2026-09-21T16:42:19.353279+00:00,baseline_v1
FT-T010658,No,0.2023,2026-09-21T16:42:19.353279+00:00,baseline_v1
FT-T010659,No,0.4188,2026-09-21T16:42:19.353279+00:00,baseline_v1
FT-T010660,No,0.2375,2026-09-21T16:42:19.353279+00:00,baseline_v1
FT-T010661,No,0.2492,2026-09-21T16:42:19.353279+00:00,baseline_v1
FT-T010662,No,0.4948,2026-09-21T16:42:19.353279+00:00,baseline_v1
FT-T010663,No,0.2228,2026-09-21T16:42:19.353279+00:00,baseline_v1
FT-T010664,Yes,0.7201,2026-09-21T16:42:19.353279+00:00,baseline_v1
FT-T010665,No,0.2648,2026-09-21T16:42:19.353279+00:00,baseline_v1
FT-T010666,No,0.2564,2026-09-21T16:42:19.353279+00:00,baseline_v1
FT-T010667,No,0.425,2026-09-21T16:42:19.353279+00:00,baseline_v1
FT-T010668,No,0.4623,2026-09-21T16:42:19.353279+00:00,baseline_v1
FT-T010669,No,0.3984,2026-09-21T16:42:19.353279+00:00,baseline_v1
FT-T010670,No,0.4699,2026-09-21T16:42:19.353279+00:00,baseline_v1
FT-T010671,Yes,0.6154,2026-09-21T16:42:19.353279+00:00,baseline_v1
FT-T010672,Yes,0.5496,2026-09-21T16:42:19.353279+00:00,baseline_v1
FT-T010673,Yes,0.6665,2026-09-21T16:42:19.353279+00:00,baseline_v1
FT-T010674,No,0.4264,2026-09-21T16:42:19.353279+00:00,baseline_v1
FT-T010675,Yes,0.7944,2026-09-21T16:42:19.353279+00:00,baseline_v1
FT-T010676,No,0.3895,2026-09-21T16:42:19.353279+00:00,baseline_v1
FT-T010677,Yes,0.662,2026-09-21T16:42:19.353279+00:00,baseline_v1
FT-T010678,Yes,0.6899,2026-09-21T16:42:19.353279+00:00,baseline_v1
FT-T010679,Yes,0.5593,2026-09-21T16:42:19.353279+00:00,baseline_v1
FT-T010680,No,0.4878,2026-09-21T16:42:19.353279+00:00,baseline_v1
FT-T010681,Yes,0.6716,2026-09-21T16:42:19.353279+00:00,baseline_v1
FT-T010682,No,0.4922,2026-09-21T16:42:19.353279+00:00,baseline_v1
FT-T010683,No,0.4402,2026-09-21T16:42:19.353279+00:00,baseline_v1
FT-T010684,No,0.3833,2026-09-21T16:42:19.353279+00:00,baseline_v1
FT-T010685,No,0.4462,2026-09-21T16:42:19.353279+00:00,baseline_v1
FT-T010686,No,0.4193,2026-09-21T16:42:19.353279+00:00,baseline_v1
FT-T010687,Yes,0.6635,2026-09-21T16:42:19.353279+00:00,baseline_v1
FT-T010688,Yes,0.7781,2026-09-21T16:42:19.353279+00:00,baseline_v1
FT-T010689,No,0.4624,2026-09-21T16:42:19.353279+00:00,baseline_v1
FT-T010690,Yes,0.6004,2026-09-21T16:42:19.353279+00:00,baseline_v1
FT-T010691,No,0.3542,2026-09-21T16:42:19.353279+00:00,baseline_v1
FT-T010692,No,0.3802,2026-09-21T16:42:19.353279+00:00,baseline_v1
FT-T010693,No,0.4133,2026-09-21T16:42:19.353279+00:00,baseline_v1
FT-T010694,Yes,0.7657,2026-09-21T16:42:19.353279+00:00,baseline_v1
FT-T010695,Yes,0.5674,2026-09-21T16:42:19.353279+00:00,baseline_v1
FT-T010696,No,0.3991,2026-09-21T16:42:19.353279+00:00,baseline_v1
FT-T010697,No,0.3648,2026-09-21T16:42:19.353279+00:00,baseline_v1
FT-T010698,Yes,0.6603,2026-09-21T16:42:19.353279+00:00,baseline_v1
FT-T010699,Yes,0.6187,2026-09-21T16:42:19.353279+00:00,baseline_v1
FT-T010700,Yes,0.6295,2026-09-21T16:42:19.353279+00:00,baseline_v1
FT-T010701,Yes,0.6099,2026-09-21T16:42:19.353279+00:00,baseline_v1
FT-T010702,No,0.4326,2026-09-21T16:42:19.353279+00:00,baseline_v1
FT-T010703,No,0.362,2026-09-21T16:42:19.353279+00:00,baseline_v1
FT-T010704,No,0.4252,2026-09-21T16:42:19.353279+00:00,baseline_v1
FT-T010705,No,0.3556,2026-09-21T16:42:19.353279+00:00,baseline_v1
FT-T010706,Yes,0.8278,2026-09-21T16:42:19.353279+00:00,baseline_v1
FT-T010707,Yes,0.5788,2026-09-21T16:42:19.353279+00:00,baseline_v1
FT-T010708,Yes,0.6003,2026-09-21T16:42:19.353279+00:00,baseline_v1
FT-T010709,No,0.3977,2026-09-21T16:42:19.353279+00:00,baseline_v1
FT-T010710,Yes,0.5976,2026-09-21T16:42:19.353279+00:00,baseline_v1
FT-T010711,No,0.3479,2026-09-21T16:42:19.353279+00:00,baseline_v1
FT-T010712,No,0.3877,2026-09-21T16:42:19.353279+00:00,baseline_v1
FT-T010713,Yes,0.8353,2026-09-21T16:42:19.353279+00:00,baseline_v1
FT-T010714,Yes,0.617,2026-09-21T16:42:19.353279+00:00,baseline_v1
FT-T010715,No,0.4627,2026-09-21T16:42:19.353279+00:00,baseline_v1
FT-T010716,Yes,0.6685,2026-09-21T16:42:19.353279+00:00,baseline_v1
FT-T010717,Yes,0.571,2026-09-21T16:42:19.353279+00:00,baseline_v1
FT-T010718,No,0.4379,2026-09-21T16:42:19.353279+00:00,baseline_v1
FT-T010719,No,0.4207,2026-09-21T16:42:19.353279+00:00,baseline_v1
FT-T010720,No,0.3869,2026-09-21T16:42:19.353279+00:00,baseline_v1
FT-T010721,No,0.3103,2026-09-21T16:42:19.353279+00:00,baseline_v1
FT-T010722,No,0.3537,2026-09-21T16:42:19.353279+00:00,baseline_v1
FT-T010723,Yes,0.5735,2026-09-21T16:42:19.353279+00:00,baseline_v1
FT-T010724,No,0.3401,2026-09-21T16:42:19.353279+00:00,baseline_v1
FT-T010725,No,0.4372,2026-09-21T16:42:19.353279+00:00,baseline_v1
FT-T010726,Yes,0.57,2026-09-21T16:42:19.353279+00:00,baseline_v1
FT-T010727,Yes,0.6339,2026-09-21T16:42:19.353279+00:00,baseline_v1
FT-T010728,Yes,0.5759,2026-09-21T16:42:19.353279+00:00,baseline_v1
FT-T010729,No,0.3567,2026-09-21T16:42:19.353279+00:00,baseline_v1
FT-T010730,Yes,0.6381,2026-09-21T16:42:19.353279+00:00,baseline_v1
FT-T010731,No,0.4163,2026-09-21T16:42:19.353279+00:00,baseline_v1
FT-T010732,Yes,0.6022,2026-09-21T16:42:19.353279+00:00,baseline_v1
FT-T010733,No,0.3999,2026-09-21T16:42:19.353279+00:00,baseline_v1
FT-T010734,Yes,0.5117,2026-09-21T16:42:19.353279+00:00,baseline_v1
FT-T010735,Yes,0.5833,2026-09-21T16:42:19.353279+00:00,baseline_v1
FT-T010736,Yes,0.7396,2026-09-21T16:42:19.353279+00:00,baseline_v1
FT-T010737,No,0.372,2026-09-21T16:42:19.353279+00:00,baseline_v1
FT-T010738,Yes,0.549,2026-09-21T16:42:19.353279+00:00,baseline_v1
FT-T010739,No,0.3922,2026-09-21T16:42:19.353279+00:00,baseline_v1
FT-T010740,Yes,0.6111,2026-09-21T16:42:19.353279+00:00,baseline_v1
FT-T010741,No,0.3929,2026-09-21T16:42:19.353279+00:00,baseline_v1
FT-T010742,Yes,0.5992,2026-09-21T16:42:19.353279+00:00,baseline_v1
FT-T010743,No,0.4655,2026-09-21T16:42:19.353279+00:00,baseline_v1
FT-T010744,No,0.3485,2026-09-21T16:42:19.353279+00:00,baseline_v1
FT-T010745,Yes,0.5143,2026-09-21T16:42:19.353279+00:00,baseline_v1
FT-T010746,Yes,0.5753,2026-09-21T16:42:19.353279+00:00,baseline_v1
FT-T010747,No,0.3526,2026-09-21T16:42:19.353279+00:00,baseline_v1
FT-T010748,No,0.3816,2026-09-21T16:42:19.353279+00:00,baseline_v1
FT-T010749,No,0.4885,2026-09-21T16:42:19.353279+00:00,baseline_v1
FT-T010750,Yes,0.6637,2026-09-21T16:42:19.353279+00:00,baseline_v1
FT-T010751,Yes,0.508,2026-09-21T16:42:19.353279+00:00,baseline_v1
FT-T010752,Yes,0.6661,2026-09-21T16:42:19.353279+00:00,baseline_v1
FT-T010753,No,0.3086,2026-09-21T16:42:19.353279+00:00,baseline_v1
FT-T010754,Yes,0.5533,2026-09-21T16:42:19.353279+00:00,baseline_v1
FT-T010755,Yes,0.5376,2026-09-21T16:42:19.353279+00:00,baseline_v1
FT-T010756,No,0.3093,2026-09-21T16:42:19.353279+00:00,baseline_v1
FT-T010757,Yes,0.5494,2026-09-21T16:42:19.353279+00:00,baseline_v1
FT-T010758,Yes,0.5376,2026-09-21T16:42:19.353279+00:00,baseline_v1
FT-T010759,Yes,0.6047,2026-09-21T16:42:19.353279+00:00,baseline_v1
FT-T010760,No,0.4959,2026-09-21T16:42:19.353279+00:00,baseline_v1
FT-T010761,No,0.478,2026-09-21T16:42:19.353279+00:00,baseline_v1
FT-T010762,Yes,0.5123,2026-09-21T16:42:19.353279+00:00,baseline_v1
FT-T010763,No,0.2958,2026-09-21T16:42:19.353279+00:00,baseline_v1
FT-T010764,No,0.3544,2026-09-21T16:42:19.353279+00:00,baseline_v1
FT-T010765,No,0.3026,2026-09-21T16:42:19.353279+00:00,baseline_v1
FT-T010766,No,0.4055,2026-09-21T16:42:19.353279+00:00,baseline_v1
FT-T010767,No,0.2687,2026-09-21T16:42:19.353279+00:00,baseline_v1
FT-T010768,Yes,0.6334,2026-09-21T16:42:19.353279+00:00,baseline_v1
FT-T010769,Yes,0.5237,2026-09-21T16:42:19.353279+00:00,baseline_v1
FT-T010770,No,0.2441,2026-09-21T16:42:19.353279+00:00,baseline_v1
FT-T010771,No,0.2766,2026-09-21T16:42:19.353279+00:00,baseline_v1
FT-T010772,Yes,0.5424,2026-09-21T16:42:19.353279+00:00,baseline_v1
FT-T010773,No,0.4957,2026-09-21T16:42:19.353279+00:00,baseline_v1
FT-T010774,Yes,0.6535,2026-09-21T16:42:19.353279+00:00,baseline_v1
FT-T010775,No,0.3243,2026-09-21T16:42:19.353279+00:00,baseline_v1
FT-T010776,Yes,0.5163,2026-09-21T16:42:19.353279+00:00,baseline_v1
FT-T010777,No,0.2354,2026-09-21T16:42:19.353279+00:00,baseline_v1
FT-T010778,Yes,0.5017,2026-09-21T16:42:19.353279+00:00,baseline_v1
FT-T010779,No,0.3185,2026-09-21T16:42:19.353279+00:00,baseline_v1
FT-T010780,No,0.4557,2026-09-21T16:42:19.353279+00:00,baseline_v1
FT-T010781,No,0.2683,2026-09-21T16:42:19.353279+00:00,baseline_v1
FT-T010782,No,0.1634,2026-09-21T16:42:19.353279+00:00,baseline_v1
FT-T010783,Yes,0.7061,2026-09-21T16:42:19.353279+00:00,baseline_v1
FT-T010784,No,0.2297,2026-09-21T16:42:19.353279+00:00,baseline_v1
FT-T010785,No,0.2475,2026-09-21T16:42:19.353279+00:00,baseline_v1
FT-T010786,Yes,0.527,2026-09-21T16:42:19.353279+00:00,baseline_v1
FT-T010787,No,0.2084,2026-09-21T16:42:19.353279+00:00,baseline_v1
FT-T010788,No,0.4778,2026-09-21T16:42:19.353279+00:00,baseline_v1
FT-T010789,No,0.4938,2026-09-21T16:42:19.353279+00:00,baseline_v1
FT-T010790,No,0.319,2026-09-21T16:42:19.353279+00:00,baseline_v1
FT-T010791,No,0.4189,2026-09-21T16:42:19.353279+00:00,baseline_v1
FT-T010792,Yes,0.6274,2026-09-21T16:42:19.353279+00:00,baseline_v1
FT-T010793,No,0.4805,2026-09-21T16:42:19.353279+00:00,baseline_v1
FT-T010794,No,0.2552,2026-09-21T16:42:19.353279+00:00,baseline_v1
FT-T010795,No,0.2541,2026-09-21T16:42:19.353279+00:00,baseline_v1
FT-T010796,No,0.4694,2026-09-21T16:42:19.353279+00:00,baseline_v1
FT-T010797,No,0.2824,2026-09-21T16:42:19.353279+00:00,baseline_v1
FT-T010798,Yes,0.5836,2026-09-21T16:42:19.353279+00:00,baseline_v1
FT-T010799,No,0.2281,2026-09-21T16:42:19.353279+00:00,baseline_v1
FT-T010800,No,0.4905,2026-09-21T16:42:19.353279+00:00,baseline_v1
FT-T010801,Yes,0.6665,2026-09-21T16:42:19.353279+00:00,baseline_v1
FT-T010802,Yes,0.5041,2026-09-21T16:42:19.353279+00:00,baseline_v1
FT-T010803,Yes,0.6315,2026-09-21T16:42:19.353279+00:00,baseline_v1
FT-T010804,Yes,0.683,2026-09-21T16:42:19.353279+00:00,baseline_v1
FT-T010805,No,0.4889,2026-09-21T16:42:19.353279+00:00,baseline_v1
FT-T010806,Yes,0.547,2026-09-21T16:42:19.353279+00:00,baseline_v1
FT-T010807,No,0.3805,2026-09-21T16:42:19.353279+00:00,baseline_v1
FT-T010808,No,0.4116,2026-09-21T16:42:19.353279+00:00,baseline_v1
FT-T010809,Yes,0.5141,2026-09-21T16:42:19.353279+00:00,baseline_v1
FT-T010810,No,0.4881,2026-09-21T16:42:19.353279+00:00,baseline_v1
FT-T010811,Yes,0.6688,2026-09-21T16:42:19.353279+00:00,baseline_v1
FT-T010812,Yes,0.7764,2026-09-21T16:42:19.353279+00:00,baseline_v1
FT-T010813,Yes,0.6158,2026-09-21T16:42:19.353279+00:00,baseline_v1
FT-T010814,Yes,0.6159,2026-09-21T16:42:19.353279+00:00,baseline_v1
FT-T010815,No,0.4169,2026-09-21T16:42:19.353279+00:00,baseline_v1
FT-T010816,No,0.4409,2026-09-21T16:42:19.353279+00:00,baseline_v1
FT-T010817,No,0.4823,2026-09-21T16:42:19.353279+00:00,baseline_v1
FT-T010818,Yes,0.5641,2026-09-21T16:42:19.353279+00:00,baseline_v1
FT-T010819,No,0.3782,2026-09-21T16:42:19.353279+00:00,baseline_v1
FT-T010820,No,0.4417,2026-09-21T16:42:19.353279+00:00,baseline_v1
FT-T010821,Yes,0.6952,2026-09-21T16:42:19.353279+00:00,baseline_v1
FT-T010822,No,0.3768,2026-09-21T16:42:19.353279+00:00,baseline_v1
FT-T010823,Yes,0.6829,2026-09-21T16:42:19.353279+00:00,baseline_v1
FT-T010824,Yes,0.5741,2026-09-21T16:42:19.353279+00:00,baseline_v1
FT-T010825,Yes,0.645,2026-09-21T16:42:19.353279+00:00,baseline_v1
FT-T010826,No,0.4259,2026-09-21T16:42:19.353279+00:00,baseline_v1
FT-T010827,No,0.4515,2026-09-21T16:42:19.353279+00:00,baseline_v1
FT-T010828,Yes,0.6093,2026-09-21T16:42:19.353279+00:00,baseline_v1
FT-T010829,Yes,0.6108,2026-09-21T16:42:19.353279+00:00,baseline_v1
FT-T010830,No,0.3698,2026-09-21T16:42:19.353279+00:00,baseline_v1
FT-T010831,Yes,0.541,2026-09-21T16:42:19.353279+00:00,baseline_v1
FT-T010832,No,0.4111,2026-09-21T16:42:19.353279+00:00,baseline_v1
FT-T010833,No,0.4626,2026-09-21T16:42:19.353279+00:00,baseline_v1
FT-T010834,No,0.3889,2026-09-21T16:42:19.353279+00:00,baseline_v1
FT-T010835,No,0.301,2026-09-21T16:42:19.353279+00:00,baseline_v1
FT-T010836,No,0.3817,2026-09-21T16:42:19.353279+00:00,baseline_v1
FT-T010837,No,0.4048,2026-09-21T16:42:19.353279+00:00,baseline_v1
FT-T010838,Yes,0.6729,2026-09-21T16:42:19.353279+00:00,baseline_v1
FT-T010839,Yes,0.6504,2026-09-21T16:42:19.353279+00:00,baseline_v1
FT-T010840,Yes,0.5842,2026-09-21T16:42:19.353279+00:00,baseline_v1
FT-T010841,Yes,0.6669,2026-09-21T16:42:19.353279+00:00,baseline_v1
FT-T010842,No,0.3353,2026-09-21T16:42:19.353279+00:00,baseline_v1
FT-T010843,No,0.4551,2026-09-21T16:42:19.353279+00:00,baseline_v1
FT-T010844,Yes,0.5582,2026-09-21T16:42:19.353279+00:00,baseline_v1
FT-T010845,Yes,0.6014,2026-09-21T16:42:19.353279+00:00,baseline_v1
FT-T010846,No,0.3526,2026-09-21T16:42:19.353279+00:00,baseline_v1
FT-T010847,Yes,0.705,2026-09-21T16:42:19.353279+00:00,baseline_v1
FT-T010848,Yes,0.5932,2026-09-21T16:42:19.353279+00:00,baseline_v1
FT-T010849,Yes,0.8033,2026-09-21T16:42:19.353279+00:00,baseline_v1
FT-T010850,Yes,0.5848,2026-09-21T16:42:19.353279+00:00,baseline_v1
FT-T010851,Yes,0.6016,2026-09-21T16:42:19.353279+00:00,baseline_v1
FT-T010852,No,0.3906,2026-09-21T16:42:19.353279+00:00,baseline_v1
FT-T010853,No,0.3604,2026-09-21T16:42:19.353279+00:00,baseline_v1
FT-T010854,No,0.4428,2026-09-21T16:42:19.353279+00:00,baseline_v1
FT-T010855,No,0.288,2026-09-21T16:42:19.353279+00:00,baseline_v1
FT-T010856,Yes,0.5072,2026-09-21T16:42:19.353279+00:00,baseline_v1
FT-T010857,Yes,0.6261,2026-09-21T16:42:19.353279+00:00,baseline_v1
FT-T010858,No,0.41,2026-09-21T16:42:19.353279+00:00,baseline_v1
FT-T010859,No,0.3441,2026-09-21T16:42:19.353279+00:00,baseline_v1
FT-T010860,No,0.3467,2026-09-21T16:42:19.353279+00:00,baseline_v1
FT-T010861,Yes,0.5512,2026-09-21T16:42:19.353279+00:00,baseline_v1
FT-T010862,Yes,0.6715,2026-09-21T16:42:19.353279+00:00,baseline_v1
FT-T010863,No,0.2901,2026-09-21T16:42:19.353279+00:00,baseline_v1
FT-T010864,No,0.373,2026-09-21T16:42:19.353279+00:00,baseline_v1
FT-T010865,Yes,0.6682,2026-09-21T16:42:19.353279+00:00,baseline_v1
FT-T010866,No,0.2659,2026-09-21T16:42:19.353279+00:00,baseline_v1
FT-T010867,Yes,0.7912,2026-09-21T16:42:19.353279+00:00,baseline_v1
FT-T010868,No,0.3903,2026-09-21T16:42:19.353279+00:00,baseline_v1
FT-T010869,Yes,0.616,2026-09-21T16:42:19.353279+00:00,baseline_v1
FT-T010870,No,0.3555,2026-09-21T16:42:19.353279+00:00,baseline_v1
FT-T010871,No,0.3616,2026-09-21T16:42:19.353279+00:00,baseline_v1
FT-T010872,Yes,0.6143,2026-09-21T16:42:19.353279+00:00,baseline_v1
FT-T010873,No,0.3045,2026-09-21T16:42:19.353279+00:00,baseline_v1
FT-T010874,Yes,0.5272,2026-09-21T16:42:19.353279+00:00,baseline_v1
FT-T010875,No,0.3149,2026-09-21T16:42:19.353279+00:00,baseline_v1
FT-T010876,Yes,0.6136,2026-09-21T16:42:19.353279+00:00,baseline_v1
FT-T010877,No,0.327,2026-09-21T16:42:19.353279+00:00,baseline_v1
FT-T010878,Yes,0.6513,2026-09-21T16:42:19.353279+00:00,baseline_v1
FT-T010879,Yes,0.5296,2026-09-21T16:42:19.353279+00:00,baseline_v1
FT-T010880,No,0.4343,2026-09-21T16:42:19.353279+00:00,baseline_v1
FT-T010881,No,0.2729,2026-09-21T16:42:19.353279+00:00,baseline_v1
FT-T010882,Yes,0.6378,2026-09-21T16:42:19.353279+00:00,baseline_v1
FT-T010883,No,0.376,2026-09-21T16:42:19.353279+00:00,baseline_v1
FT-T010884,No,0.2304,2026-09-21T16:42:19.353279+00:00,baseline_v1
FT-T010885,No,0.4325,2026-09-21T16:42:19.353279+00:00,baseline_v1
FT-T010886,No,0.2761,2026-09-21T16:42:19.353279+00:00,baseline_v1
FT-T010887,No,0.2741,2026-09-21T16:42:19.353279+00:00,baseline_v1
FT-T010888,No,0.2739,2026-09-21T16:42:19.353279+00:00,baseline_v1
FT-T010889,No,0.3458,2026-09-21T16:42:19.353279+00:00,baseline_v1
FT-T010890,Yes,0.6679,2026-09-21T16:42:19.353279+00:00,baseline_v1
FT-T010891,Yes,0.5024,2026-09-21T16:42:19.353279+00:00,baseline_v1
FT-T010892,No,0.4746,2026-09-21T16:42:19.353279+00:00,baseline_v1
FT-T010893,No,0.3045,2026-09-21T16:42:19.353279+00:00,baseline_v1
FT-T010894,Yes,0.5511,2026-09-21T16:42:19.353279+00:00,baseline_v1
FT-T010895,Yes,0.522,2026-09-21T16:42:19.353279+00:00,baseline_v1
FT-T010896,No,0.2444,2026-09-21T16:42:19.353279+00:00,baseline_v1
FT-T010897,No,0.2537,2026-09-21T16:42:19.353279+00:00,baseline_v1
FT-T010898,No,0.3251,2026-09-21T16:42:19.353279+00:00,baseline_v1
FT-T010899,Yes,0.5471,2026-09-21T16:42:19.353279+00:00,baseline_v1
FT-T010900,Yes,0.5392,2026-09-21T16:42:19.353279+00:00,baseline_v1
FT-T010901,Yes,0.5199,2026-09-21T16:42:19.353279+00:00,baseline_v1
FT-T010902,No,0.2695,2026-09-21T16:42:19.353279+00:00,baseline_v1
FT-T010903,No,0.4472,2026-09-21T16:42:19.353279+00:00,baseline_v1
FT-T010904,No,0.2913,2026-09-21T16:42:19.353279+00:00,baseline_v1
FT-T010905,Yes,0.5276,2026-09-21T16:42:19.353279+00:00,baseline_v1
FT-T010906,No,0.4708,2026-09-21T16:42:19.353279+00:00,baseline_v1
FT-T010907,No,0.2927,2026-09-21T16:42:19.353279+00:00,baseline_v1
FT-T010908,No,0.4728,2026-09-21T16:42:19.353279+00:00,baseline_v1
FT-T010909,Yes,0.5143,2026-09-21T16:42:19.353279+00:00,baseline_v1
FT-T010910,No,0.2677,2026-09-21T16:42:19.353279+00:00,baseline_v1
FT-T010911,No,0.2348,2026-09-21T16:42:19.353279+00:00,baseline_v1
FT-T010912,No,0.2467,2026-09-21T16:42:19.353279+00:00,baseline_v1
FT-T010913,No,0.4837,2026-09-21T16:42:19.353279+00:00,baseline_v1
FT-T010914,No,0.3095,2026-09-21T16:42:19.353279+00:00,baseline_v1
FT-T010915,No,0.3176,2026-09-21T16:42:19.353279+00:00,baseline_v1
FT-T010916,No,0.3132,2026-09-21T16:42:19.353279+00:00,baseline_v1
FT-T010917,No,0.4807,2026-09-21T16:42:19.353279+00:00,baseline_v1
FT-T010918,No,0.485,2026-09-21T16:42:19.353279+00:00,baseline_v1
FT-T010919,No,0.293,2026-09-21T16:42:19.353279+00:00,baseline_v1
FT-T010920,No,0.4903,2026-09-21T16:42:19.353279+00:00,baseline_v1
FT-T010921,No,0.2555,2026-09-21T16:42:19.353279+00:00,baseline_v1
FT-T010922,No,0.3009,2026-09-21T16:42:19.353279+00:00,baseline_v1
FT-T010923,Yes,0.5304,2026-09-21T16:42:19.353279+00:00,baseline_v1
FT-T010924,No,0.1983,2026-09-21T16:42:19.353279+00:00,baseline_v1
FT-T010925,No,0.2301,2026-09-21T16:42:19.353279+00:00,baseline_v1
FT-T010926,No,0.2323,2026-09-21T16:42:19.353279+00:00,baseline_v1
FT-T010927,Yes,0.6617,2026-09-21T16:42:19.353279+00:00,baseline_v1
FT-T010928,No,0.2421,2026-09-21T16:42:19.353279+00:00,baseline_v1
FT-T010929,No,0.1902,2026-09-21T16:42:19.353279+00:00,baseline_v1
FT-T010930,No,0.3002,2026-09-21T16:42:19.353279+00:00,baseline_v1
FT-T010931,No,0.2909,2026-09-21T16:42:19.353279+00:00,baseline_v1
FT-T010932,No,0.215,2026-09-21T16:42:19.353279+00:00,baseline_v1
FT-T010933,No,0.3285,2026-09-21T16:42:19.353279+00:00,baseline_v1
FT-T010934,Yes,0.6339,2026-09-21T16:42:19.353279+00:00,baseline_v1
FT-T010935,Yes,0.8039,2026-09-21T16:42:19.353279+00:00,baseline_v1
FT-T010936,No,0.4868,2026-09-21T16:42:19.353279+00:00,baseline_v1
FT-T010937,No,0.4629,2026-09-21T16:42:19.353279+00:00,baseline_v1
FT-T010938,Yes,0.5123,2026-09-21T16:42:19.353279+00:00,baseline_v1
FT-T010939,Yes,0.5522,2026-09-21T16:42:19.353279+00:00,baseline_v1
FT-T010940,Yes,0.6471,2026-09-21T16:42:19.353279+00:00,baseline_v1
FT-T010941,No,0.4161,2026-09-21T16:42:19.353279+00:00,baseline_v1
FT-T010942,Yes,0.5066,2026-09-21T16:42:19.353279+00:00,baseline_v1
FT-T010943,Yes,0.5895,2026-09-21T16:42:19.353279+00:00,baseline_v1
FT-T010944,Yes,0.5642,2026-09-21T16:42:19.353279+00:00,baseline_v1
FT-T010945,Yes,0.5447,2026-09-21T16:42:19.353279+00:00,baseline_v1
FT-T010946,Yes,0.5329,2026-09-21T16:42:19.353279+00:00,baseline_v1
FT-T010947,Yes,0.7762,2026-09-21T16:42:19.353279+00:00,baseline_v1
FT-T010948,No,0.4155,2026-09-21T16:42:19.353279+00:00,baseline_v1
FT-T010949,No,0.4278,2026-09-21T16:42:19.353279+00:00,baseline_v1
FT-T010950,No,0.3817,2026-09-21T16:42:19.353279+00:00,baseline_v1
FT-T010951,No,0.3622,2026-09-21T16:42:19.353279+00:00,baseline_v1
FT-T010952,No,0.4551,2026-09-21T16:42:19.353279+00:00,baseline_v1
FT-T010953,No,0.395,2026-09-21T16:42:19.353279+00:00,baseline_v1
FT-T010954,No,0.4574,2026-09-21T16:42:19.353279+00:00,baseline_v1
FT-T010955,No,0.4686,2026-09-21T16:42:19.353279+00:00,baseline_v1
FT-T010956,Yes,0.7651,2026-09-21T16:42:19.353279+00:00,baseline_v1
FT-T010957,No,0.434,2026-09-21T16:42:19.353279+00:00,baseline_v1
FT-T010958,Yes,0.5902,2026-09-21T16:42:19.353279+00:00,baseline_v1
FT-T010959,No,0.3526,2026-09-21T16:42:19.353279+00:00,baseline_v1
FT-T010960,Yes,0.6186,2026-09-21T16:42:19.353279+00:00,baseline_v1
FT-T010961,No,0.4278,2026-09-21T16:42:19.353279+00:00,baseline_v1
FT-T010962,No,0.3641,2026-09-21T16:42:19.353279+00:00,baseline_v1
FT-T010963,Yes,0.6919,2026-09-21T16:42:19.353279+00:00,baseline_v1
FT-T010964,Yes,0.5082,2026-09-21T16:42:19.353279+00:00,baseline_v1
FT-T010965,No,0.3956,2026-09-21T16:42:19.353279+00:00,baseline_v1
FT-T010966,Yes,0.704,2026-09-21T16:42:19.353279+00:00,baseline_v1
FT-T010967,No,0.4266,2026-09-21T16:42:19.353279+00:00,baseline_v1
FT-T010968,No,0.3122,2026-09-21T16:42:19.353279+00:00,baseline_v1
FT-T010969,No,0.4048,2026-09-21T16:42:19.353279+00:00,baseline_v1
FT-T010970,No,0.409,2026-09-21T16:42:19.353279+00:00,baseline_v1
FT-T010971,Yes,0.6597,2026-09-21T16:42:19.353279+00:00,baseline_v1
FT-T010972,No,0.3661,2026-09-21T16:42:19.353279+00:00,baseline_v1
FT-T010973,No,0.3851,2026-09-21T16:42:19.353279+00:00,baseline_v1
FT-T010974,Yes,0.6918,2026-09-21T16:42:19.353279+00:00,baseline_v1
FT-T010975,Yes,0.5897,2026-09-21T16:42:19.353279+00:00,baseline_v1
FT-T010976,No,0.3832,2026-09-21T16:42:19.353279+00:00,baseline_v1
FT-T010977,Yes,0.7919,2026-09-21T16:42:19.353279+00:00,baseline_v1
FT-T010978,Yes,0.6159,2026-09-21T16:42:19.353279+00:00,baseline_v1
FT-T010979,Yes,0.6675,2026-09-21T16:42:19.353279+00:00,baseline_v1
FT-T010980,No,0.3738,2026-09-21T16:42:19.353279+00:00,baseline_v1
FT-T010981,Yes,0.6206,2026-09-21T16:42:19.353279+00:00,baseline_v1
FT-T010982,Yes,0.5204,2026-09-21T16:42:19.353279+00:00,baseline_v1
FT-T010983,Yes,0.5174,2026-09-21T16:42:19.353279+00:00,baseline_v1
FT-T010984,Yes,0.5356,2026-09-21T16:42:19.353279+00:00,baseline_v1
FT-T010985,No,0.3762,2026-09-21T16:42:19.353279+00:00,baseline_v1
FT-T010986,No,0.3803,2026-09-21T16:42:19.353279+00:00,baseline_v1
FT-T010987,No,0.3318,2026-09-21T16:42:19.353279+00:00,baseline_v1
FT-T010988,Yes,0.5026,2026-09-21T16:42:19.353279+00:00,baseline_v1
FT-T010989,Yes,0.5295,2026-09-21T16:42:19.353279+00:00,baseline_v1
FT-T010990,Yes,0.5438,2026-09-21T16:42:19.353279+00:00,baseline_v1
FT-T010991,No,0.328,2026-09-21T16:42:19.353279+00:00,baseline_v1
FT-T010992,No,0.2869,2026-09-21T16:42:19.353279+00:00,baseline_v1
FT-T010993,No,0.4085,2026-09-21T16:42:19.353279+00:00,baseline_v1
FT-T010994,Yes,0.596,2026-09-21T16:42:19.353279+00:00,baseline_v1
FT-T010995,Yes,0.5885,2026-09-21T16:42:19.353279+00:00,baseline_v1
FT-T010996,No,0.3827,2026-09-21T16:42:19.353279+00:00,baseline_v1
FT-T010997,No,0.3447,2026-09-21T16:42:19.353279+00:00,baseline_v1
FT-T010998,Yes,0.571,2026-09-21T16:42:19.353279+00:00,baseline_v1
FT-T010999,Yes,0.5663,2026-09-21T16:42:19.353279+00:00,baseline_v1
FT-T011000,No,0.3003,2026-09-21T16:42:19.353279+00:00,baseline_v1
FT-T011001,No,0.3611,2026-09-21T16:42:19.353279+00:00,baseline_v1
FT-T011002,Yes,0.5897,2026-09-21T16:42:19.353279+00:00,baseline_v1
FT-T011003,No,0.2722,2026-09-21T16:42:19.353279+00:00,baseline_v1
FT-T011004,Yes,0.574,2026-09-21T16:42:19.353279+00:00,baseline_v1
FT-T011005,No,0.305,2026-09-21T16:42:19.353279+00:00,baseline_v1
FT-T011006,Yes,0.5437,2026-09-21T16:42:19.353279+00:00,baseline_v1
FT-T011007,Yes,0.6165,2026-09-21T16:42:19.353279+00:00,baseline_v1
FT-T011008,No,0.3911,2026-09-21T16:42:19.353279+00:00,baseline_v1
FT-T011009,No,0.389,2026-09-21T16:42:19.353279+00:00,baseline_v1
FT-T011010,No,0.4552,2026-09-21T16:42:19.353279+00:00,baseline_v1
FT-T011011,Yes,0.5276,2026-09-21T16:42:19.353279+00:00,baseline_v1
FT-T011012,No,0.336,2026-09-21T16:42:19.353279+00:00,baseline_v1
FT-T011013,Yes,0.8386,2026-09-21T16:42:19.353279+00:00,baseline_v1
FT-T011014,No,0.4722,2026-09-21T16:42:19.353279+00:00,baseline_v1
FT-T011015,Yes,0.612,2026-09-21T16:42:19.353279+00:00,baseline_v1
FT-T011016,Yes,0.5947,2026-09-21T16:42:19.353279+00:00,baseline_v1
FT-T011017,No,0.4956,2026-09-21T16:42:19.353279+00:00,baseline_v1
FT-T011018,No,0.3093,2026-09-21T16:42:19.353279+00:00,baseline_v1
FT-T011019,No,0.2063,2026-09-21T16:42:19.353279+00:00,baseline_v1
FT-T011020,Yes,0.6706,2026-09-21T16:42:19.353279+00:00,baseline_v1
FT-T011021,No,0.3703,2026-09-21T16:42:19.353279+00:00,baseline_v1
FT-T011022,Yes,0.5819,2026-09-21T16:42:19.353279+00:00,baseline_v1
FT-T011023,No,0.2774,2026-09-21T16:42:19.353279+00:00,baseline_v1
FT-T011024,Yes,0.5449,2026-09-21T16:42:19.353279+00:00,baseline_v1
FT-T011025,Yes,0.6048,2026-09-21T16:42:19.353279+00:00,baseline_v1
FT-T011026,Yes,0.6557,2026-09-21T16:42:19.353279+00:00,baseline_v1
FT-T011027,Yes,0.5538,2026-09-21T16:42:19.353279+00:00,baseline_v1
FT-T011028,No,0.2667,2026-09-21T16:42:19.353279+00:00,baseline_v1
FT-T011029,Yes,0.6827,2026-09-21T16:42:19.353279+00:00,baseline_v1
FT-T011030,No,0.3394,2026-09-21T16:42:19.353279+00:00,baseline_v1
FT-T011031,No,0.3512,2026-09-21T16:42:19.353279+00:00,baseline_v1
FT-T011032,No,0.3537,2026-09-21T16:42:19.353279+00:00,baseline_v1
FT-T011033,No,0.3255,2026-09-21T16:42:19.353279+00:00,baseline_v1
FT-T011034,No,0.3102,2026-09-21T16:42:19.353279+00:00,baseline_v1
FT-T011035,No,0.3255,2026-09-21T16:42:19.353279+00:00,baseline_v1
FT-T011036,No,0.348,2026-09-21T16:42:19.353279+00:00,baseline_v1
FT-T011037,No,0.3085,2026-09-21T16:42:19.353279+00:00,baseline_v1
FT-T011038,No,0.4218,2026-09-21T16:42:19.353279+00:00,baseline_v1
FT-T011039,No,0.3033,2026-09-21T16:42:19.353279+00:00,baseline_v1
FT-T011040,No,0.4634,2026-09-21T16:42:19.353279+00:00,baseline_v1
FT-T011041,Yes,0.5516,2026-09-21T16:42:19.353279+00:00,baseline_v1
FT-T011042,No,0.2974,2026-09-21T16:42:19.353279+00:00,baseline_v1
FT-T011043,No,0.2625,2026-09-21T16:42:19.353279+00:00,baseline_v1
FT-T011044,No,0.2636,2026-09-21T16:42:19.353279+00:00,baseline_v1
FT-T011045,Yes,0.6788,2026-09-21T16:42:19.353279+00:00,baseline_v1
FT-T011046,No,0.2185,2026-09-21T16:42:19.353279+00:00,baseline_v1
FT-T011047,No,0.2164,2026-09-21T16:42:19.353279+00:00,baseline_v1
FT-T011048,Yes,0.6056,2026-09-21T16:42:19.353279+00:00,baseline_v1
FT-T011049,No,0.2655,2026-09-21T16:42:19.353279+00:00,baseline_v1
FT-T011050,No,0.4989,2026-09-21T16:42:19.353279+00:00,baseline_v1
FT-T011051,No,0.4713,2026-09-21T16:42:19.353279+00:00,baseline_v1
FT-T011052,No,0.2642,2026-09-21T16:42:19.353279+00:00,baseline_v1
FT-T011053,No,0.1736,2026-09-21T16:42:19.353279+00:00,baseline_v1
FT-T011054,No,0.3872,2026-09-21T16:42:19.353279+00:00,baseline_v1
FT-T011055,Yes,0.8003,2026-09-21T16:42:19.353279+00:00,baseline_v1
FT-T011056,No,0.272,2026-09-21T16:42:19.353279+00:00,baseline_v1
FT-T011057,No,0.2124,2026-09-21T16:42:19.353279+00:00,baseline_v1
FT-T011058,No,0.4659,2026-09-21T16:42:19.353279+00:00,baseline_v1
FT-T011059,No,0.2334,2026-09-21T16:42:19.353279+00:00,baseline_v1
FT-T011060,No,0.2448,2026-09-21T16:42:19.353279+00:00,baseline_v1
FT-T011061,Yes,0.5013,2026-09-21T16:42:19.353279+00:00,baseline_v1
FT-T011062,No,0.2397,2026-09-21T16:42:19.353279+00:00,baseline_v1
FT-T011063,No,0.2067,2026-09-21T16:42:19.353279+00:00,baseline_v1
FT-T011064,No,0.297,2026-09-21T16:42:19.353279+00:00,baseline_v1
FT-T011065,No,0.2504,2026-09-21T16:42:19.353279+00:00,baseline_v1
FT-T011066,No,0.4289,2026-09-21T16:42:19.353279+00:00,baseline_v1
FT-T011067,No,0.4164,2026-09-21T16:42:19.353279+00:00,baseline_v1
FT-T011068,No,0.4221,2026-09-21T16:42:19.353279+00:00,baseline_v1
FT-T011069,No,0.4619,2026-09-21T16:42:19.353279+00:00,baseline_v1
FT-T011070,No,0.4087,2026-09-21T16:42:19.353279+00:00,baseline_v1
FT-T011071,Yes,0.8501,2026-09-21T16:42:19.353279+00:00,baseline_v1
FT-T011072,No,0.4499,2026-09-21T16:42:19.353279+00:00,baseline_v1
FT-T011073,Yes,0.6272,2026-09-21T16:42:19.353279+00:00,baseline_v1
FT-T011074,Yes,0.6482,2026-09-21T16:42:19.353279+00:00,baseline_v1
FT-T011075,No,0.44,2026-09-21T16:42:19.353279+00:00,baseline_v1
FT-T011076,Yes,0.6086,2026-09-21T16:42:19.353279+00:00,baseline_v1
FT-T011077,Yes,0.6461,2026-09-21T16:42:19.353279+00:00,baseline_v1
FT-T011078,Yes,0.5049,2026-09-21T16:42:19.353279+00:00,baseline_v1
FT-T011079,No,0.3586,2026-09-21T16:42:19.353279+00:00,baseline_v1
FT-T011080,Yes,0.6215,2026-09-21T16:42:19.353279+00:00,baseline_v1
FT-T011081,Yes,0.6191,2026-09-21T16:42:19.353279+00:00,baseline_v1
FT-T011082,No,0.3453,2026-09-21T16:42:19.353279+00:00,baseline_v1
FT-T011083,No,0.3992,2026-09-21T16:42:19.353279+00:00,baseline_v1
FT-T011084,No,0.4166,2026-09-21T16:42:19.353279+00:00,baseline_v1
FT-T011085,No,0.4343,2026-09-21T16:42:19.353279+00:00,baseline_v1
FT-T011086,Yes,0.8537,2026-09-21T16:42:19.353279+00:00,baseline_v1
FT-T011087,Yes,0.5715,2026-09-21T16:42:19.353279+00:00,baseline_v1
FT-T011088,No,0.3372,2026-09-21T16:42:19.353279+00:00,baseline_v1
FT-T011089,Yes,0.6195,2026-09-21T16:42:19.353279+00:00,baseline_v1
FT-T011090,Yes,0.6556,2026-09-21T16:42:19.353279+00:00,baseline_v1
FT-T011091,No,0.3972,2026-09-21T16:42:19.353279+00:00,baseline_v1
FT-T011092,Yes,0.6796,2026-09-21T16:42:19.353279+00:00,baseline_v1
FT-T011093,Yes,0.5929,2026-09-21T16:42:19.353279+00:00,baseline_v1
FT-T011094,Yes,0.5012,2026-09-21T16:42:19.353279+00:00,baseline_v1
FT-T011095,No,0.4984,2026-09-21T16:42:19.353279+00:00,baseline_v1
FT-T011096,Yes,0.8869,2026-09-21T16:42:19.353279+00:00,baseline_v1
FT-T011097,Yes,0.6675,2026-09-21T16:42:19.353279+00:00,baseline_v1
FT-T011098,Yes,0.6025,2026-09-21T16:42:19.353279+00:00,baseline_v1
FT-T011099,No,0.3334,2026-09-21T16:42:19.353279+00:00,baseline_v1
FT-T011100,Yes,0.5899,2026-09-21T16:42:19.353279+00:00,baseline_v1
FT-T011101,No,0.3105,2026-09-21T16:42:19.353279+00:00,baseline_v1
FT-T011102,No,0.4254,2026-09-21T16:42:19.353279+00:00,baseline_v1
FT-T011103,No,0.3439,2026-09-21T16:42:19.353279+00:00,baseline_v1
FT-T011104,Yes,0.7993,2026-09-21T16:42:19.353279+00:00,baseline_v1
FT-T011105,No,0.3789,2026-09-21T16:42:19.353279+00:00,baseline_v1
FT-T011106,Yes,0.6104,2026-09-21T16:42:19.353279+00:00,baseline_v1
FT-T011107,No,0.4146,2026-09-21T16:42:19.353279+00:00,baseline_v1
FT-T011108,Yes,0.6578,2026-09-21T16:42:19.353279+00:00,baseline_v1
FT-T011109,Yes,0.7481,2026-09-21T16:42:19.353279+00:00,baseline_v1
FT-T011110,No,0.3917,2026-09-21T16:42:19.353279+00:00,baseline_v1
FT-T011111,Yes,0.6982,2026-09-21T16:42:19.353279+00:00,baseline_v1
FT-T011112,No,0.392,2026-09-21T16:42:19.353279+00:00,baseline_v1
FT-T011113,No,0.3565,2026-09-21T16:42:19.353279+00:00,baseline_v1
FT-T011114,No,0.2927,2026-09-21T16:42:19.353279+00:00,baseline_v1
FT-T011115,Yes,0.5582,2026-09-21T16:42:19.353279+00:00,baseline_v1
FT-T011116,Yes,0.7146,2026-09-21T16:42:19.353279+00:00,baseline_v1
FT-T011117,Yes,0.6573,2026-09-21T16:42:19.353279+00:00,baseline_v1
FT-T011118,No,0.4058,2026-09-21T16:42:19.353279+00:00,baseline_v1
FT-T011119,Yes,0.7135,2026-09-21T16:42:19.353279+00:00,baseline_v1
FT-T011120,No,0.3999,2026-09-21T16:42:19.353279+00:00,baseline_v1
FT-T011121,No,0.4269,2026-09-21T16:42:19.353279+00:00,baseline_v1
FT-T011122,Yes,0.7517,2026-09-21T16:42:19.353279+00:00,baseline_v1
FT-T011123,Yes,0.5524,2026-09-21T16:42:19.353279+00:00,baseline_v1
FT-T011124,No,0.3355,2026-09-21T16:42:19.353279+00:00,baseline_v1
FT-T011125,Yes,0.6154,2026-09-21T16:42:19.353279+00:00,baseline_v1
FT-T011126,Yes,0.6823,2026-09-21T16:42:19.353279+00:00,baseline_v1
FT-T011127,No,0.4062,2026-09-21T16:42:19.353279+00:00,baseline_v1
FT-T011128,No,0.3608,2026-09-21T16:42:19.353279+00:00,baseline_v1
FT-T011129,Yes,0.5649,2026-09-21T16:42:19.353279+00:00,baseline_v1
FT-T011130,No,0.3519,2026-09-21T16:42:19.353279+00:00,baseline_v1
FT-T011131,No,0.3907,2026-09-21T16:42:19.353279+00:00,baseline_v1
FT-T011132,No,0.3552,2026-09-21T16:42:19.353279+00:00,baseline_v1
FT-T011133,Yes,0.818,2026-09-21T16:42:19.353279+00:00,baseline_v1
FT-T011134,No,0.3519,2026-09-21T16:42:19.353279+00:00,baseline_v1
FT-T011135,No,0.2772,2026-09-21T16:42:19.353279+00:00,baseline_v1
FT-T011136,Yes,0.5983,2026-09-21T16:42:19.353279+00:00,baseline_v1
FT-T011137,Yes,0.6475,2026-09-21T16:42:19.353279+00:00,baseline_v1
FT-T011138,Yes,0.5186,2026-09-21T16:42:19.353279+00:00,baseline_v1
FT-T011139,No,0.1984,2026-09-21T16:42:19.353279+00:00,baseline_v1
FT-T011140,No,0.3372,2026-09-21T16:42:19.353279+00:00,baseline_v1
FT-T011141,Yes,0.5911,2026-09-21T16:42:19.353279+00:00,baseline_v1
FT-T011142,Yes,0.5181,2026-09-21T16:42:19.353279+00:00,baseline_v1
FT-T011143,Yes,0.7893,2026-09-21T16:42:19.353279+00:00,baseline_v1
FT-T011144,Yes,0.6109,2026-09-21T16:42:19.353279+00:00,baseline_v1
FT-T011145,No,0.3585,2026-09-21T16:42:19.353279+00:00,baseline_v1
FT-T011146,No,0.2762,2026-09-21T16:42:19.353279+00:00,baseline_v1
FT-T011147,No,0.3191,2026-09-21T16:42:19.353279+00:00,baseline_v1
FT-T011148,No,0.4739,2026-09-21T16:42:19.353279+00:00,baseline_v1
FT-T011149,Yes,0.5841,2026-09-21T16:42:19.353279+00:00,baseline_v1
FT-T011150,No,0.3092,2026-09-21T16:42:19.353279+00:00,baseline_v1
FT-T011151,No,0.4723,2026-09-21T16:42:19.353279+00:00,baseline_v1
FT-T011152,No,0.2765,2026-09-21T16:42:19.353279+00:00,baseline_v1
FT-T011153,No,0.3589,2026-09-21T16:42:19.353279+00:00,baseline_v1
FT-T011154,Yes,0.6217,2026-09-21T16:42:19.353279+00:00,baseline_v1
FT-T011155,No,0.346,2026-09-21T16:42:19.353279+00:00,baseline_v1
FT-T011156,Yes,0.5664,2026-09-21T16:42:19.353279+00:00,baseline_v1
FT-T011157,No,0.3201,2026-09-21T16:42:19.353279+00:00,baseline_v1
FT-T011158,No,0.3677,2026-09-21T16:42:19.353279+00:00,baseline_v1
FT-T011159,No,0.4375,2026-09-21T16:42:19.353279+00:00,baseline_v1
FT-T011160,No,0.3418,2026-09-21T16:42:19.353279+00:00,baseline_v1
FT-T011161,No,0.3072,2026-09-21T16:42:19.353279+00:00,baseline_v1
FT-T011162,Yes,0.5407,2026-09-21T16:42:19.353279+00:00,baseline_v1
FT-T011163,No,0.3044,2026-09-21T16:42:19.353279+00:00,baseline_v1
FT-T011164,No,0.3196,2026-09-21T16:42:19.353279+00:00,baseline_v1
FT-T011165,No,0.4779,2026-09-21T16:42:19.353279+00:00,baseline_v1
FT-T011166,Yes,0.5185,2026-09-21T16:42:19.353279+00:00,baseline_v1
FT-T011167,No,0.3191,2026-09-21T16:42:19.353279+00:00,baseline_v1
FT-T011168,No,0.4274,2026-09-21T16:42:19.353279+00:00,baseline_v1
FT-T011169,No,0.2673,2026-09-21T16:42:19.353279+00:00,baseline_v1
FT-T011170,No,0.3229,2026-09-21T16:42:19.353279+00:00,baseline_v1
FT-T011171,Yes,0.5502,2026-09-21T16:42:19.353279+00:00,baseline_v1
FT-T011172,No,0.3982,2026-09-21T16:42:19.353279+00:00,baseline_v1
FT-T011173,Yes,0.6912,2026-09-21T16:42:19.353279+00:00,baseline_v1
FT-T011174,No,0.3136,2026-09-21T16:42:19.353279+00:00,baseline_v1
FT-T011175,Yes,0.5477,2026-09-21T16:42:19.353279+00:00,baseline_v1
FT-T011176,Yes,0.5266,2026-09-21T16:42:19.353279+00:00,baseline_v1
FT-T011177,Yes,0.5602,2026-09-21T16:42:19.353279+00:00,baseline_v1
FT-T011178,No,0.4893,2026-09-21T16:42:19.353279+00:00,baseline_v1
FT-T011179,No,0.3521,2026-09-21T16:42:19.353279+00:00,baseline_v1
FT-T011180,No,0.2415,2026-09-21T16:42:19.353279+00:00,baseline_v1
FT-T011181,No,0.2622,2026-09-21T16:42:19.353279+00:00,baseline_v1
FT-T011182,No,0.1971,2026-09-21T16:42:19.353279+00:00,baseline_v1
FT-T011183,Yes,0.6832,2026-09-21T16:42:19.353279+00:00,baseline_v1
FT-T011184,Yes,0.5292,2026-09-21T16:42:19.353279+00:00,baseline_v1
FT-T011185,Yes,0.5258,2026-09-21T16:42:19.353279+00:00,baseline_v1
FT-T011186,Yes,0.6929,2026-09-21T16:42:19.353279+00:00,baseline_v1
FT-T011187,No,0.3973,2026-09-21T16:42:19.353279+00:00,baseline_v1
FT-T011188,No,0.2606,2026-09-21T16:42:19.353279+00:00,baseline_v1
FT-T011189,Yes,0.5077,2026-09-21T16:42:19.353279+00:00,baseline_v1
FT-T011190,No,0.2366,2026-09-21T16:42:19.353279+00:00,baseline_v1
FT-T011191,No,0.2605,2026-09-21T16:42:19.353279+00:00,baseline_v1
FT-T011192,No,0.2514,2026-09-21T16:42:19.353279+00:00,baseline_v1
FT-T011193,No,0.3996,2026-09-21T16:42:19.353279+00:00,baseline_v1
FT-T011194,No,0.2274,2026-09-21T16:42:19.353279+00:00,baseline_v1
FT-T011195,No,0.3121,2026-09-21T16:42:19.353279+00:00,baseline_v1
FT-T011196,No,0.3042,2026-09-21T16:42:19.353279+00:00,baseline_v1
FT-T011197,No,0.245,2026-09-21T16:42:19.353279+00:00,baseline_v1
FT-T011198,No,0.3974,2026-09-21T16:42:19.353279+00:00,baseline_v1
FT-T011199,Yes,0.5534,2026-09-21T16:42:19.353279+00:00,baseline_v1
FT-T011200,No,0.4187,2026-09-21T16:42:19.353279+00:00,baseline_v1
FT-T011201,No,0.4397,2026-09-21T16:42:19.353279+00:00,baseline_v1
FT-T011202,Yes,0.5052,2026-09-21T16:42:19.353279+00:00,baseline_v1
FT-T011203,No,0.3939,2026-09-21T16:42:19.353279+00:00,baseline_v1
FT-T011204,Yes,0.741,2026-09-21T16:42:19.353279+00:00,baseline_v1
FT-T011205,Yes,0.5076,2026-09-21T16:42:19.353279+00:00,baseline_v1
FT-T011206,Yes,0.8142,2026-09-21T16:42:19.353279+00:00,baseline_v1
FT-T011207,Yes,0.6157,2026-09-21T16:42:19.353279+00:00,baseline_v1
FT-T011208,Yes,0.5203,2026-09-21T16:42:19.353279+00:00,baseline_v1
FT-T011209,No,0.4245,2026-09-21T16:42:19.353279+00:00,baseline_v1
FT-T011210,Yes,0.5092,2026-09-21T16:42:19.353279+00:00,baseline_v1
FT-T011211,Yes,0.5258,2026-09-21T16:42:19.353279+00:00,baseline_v1
FT-T011212,Yes,0.61,2026-09-21T16:42:19.353279+00:00,baseline_v1
FT-T011213,No,0.4883,2026-09-21T16:42:19.353279+00:00,baseline_v1
FT-T011214,Yes,0.6105,2026-09-21T16:42:19.353279+00:00,baseline_v1
FT-T011215,Yes,0.8416,2026-09-21T16:42:19.353279+00:00,baseline_v1
FT-T011216,Yes,0.5537,2026-09-21T16:42:19.353279+00:00,baseline_v1
FT-T011217,Yes,0.5549,2026-09-21T16:42:19.353279+00:00,baseline_v1
FT-T011218,No,0.4,2026-09-21T16:42:19.353279+00:00,baseline_v1
FT-T011219,Yes,0.6305,2026-09-21T16:42:19.353279+00:00,baseline_v1
FT-T011220,Yes,0.5026,2026-09-21T16:42:19.353279+00:00,baseline_v1
FT-T011221,No,0.3808,2026-09-21T16:42:19.353279+00:00,baseline_v1
FT-T011222,Yes,0.6351,2026-09-21T16:42:19.353279+00:00,baseline_v1
FT-T011223,Yes,0.8615,2026-09-21T16:42:19.353279+00:00,baseline_v1
FT-T011224,No,0.4296,2026-09-21T16:42:19.353279+00:00,baseline_v1
FT-T011225,No,0.4086,2026-09-21T16:42:19.353279+00:00,baseline_v1
FT-T011226,No,0.4354,2026-09-21T16:42:19.353279+00:00,baseline_v1
FT-T011227,No,0.4631,2026-09-21T16:42:19.353279+00:00,baseline_v1
FT-T011228,No,0.3649,2026-09-21T16:42:19.353279+00:00,baseline_v1
FT-T011229,No,0.3415,2026-09-21T16:42:19.353279+00:00,baseline_v1
FT-T011230,Yes,0.5917,2026-09-21T16:42:19.353279+00:00,baseline_v1
FT-T011231,Yes,0.5994,2026-09-21T16:42:19.353279+00:00,baseline_v1
FT-T011232,Yes,0.5005,2026-09-21T16:42:19.353279+00:00,baseline_v1
FT-T011233,Yes,0.6427,2026-09-21T16:42:19.353279+00:00,baseline_v1
FT-T011234,No,0.3012,2026-09-21T16:42:19.353279+00:00,baseline_v1
FT-T011235,No,0.3242,2026-09-21T16:42:19.353279+00:00,baseline_v1
FT-T011236,Yes,0.6409,2026-09-21T16:42:19.353279+00:00,baseline_v1
FT-T011237,Yes,0.5557,2026-09-21T16:42:19.353279+00:00,baseline_v1
FT-T011238,Yes,0.6103,2026-09-21T16:42:19.353279+00:00,baseline_v1
FT-T011239,No,0.4232,2026-09-21T16:42:19.353279+00:00,baseline_v1
FT-T011240,No,0.4116,2026-09-21T16:42:19.353279+00:00,baseline_v1
FT-T011241,Yes,0.8114,2026-09-21T16:42:19.353279+00:00,baseline_v1
FT-T011242,Yes,0.6574,2026-09-21T16:42:19.353279+00:00,baseline_v1
FT-T011243,Yes,0.7929,2026-09-21T16:42:19.353279+00:00,baseline_v1
FT-T011244,Yes,0.6546,2026-09-21T16:42:19.353279+00:00,baseline_v1
FT-T011245,No,0.3333,2026-09-21T16:42:19.353279+00:00,baseline_v1
FT-T011246,Yes,0.5483,2026-09-21T16:42:19.353279+00:00,baseline_v1
FT-T011247,Yes,0.6602,2026-09-21T16:42:19.353279+00:00,baseline_v1
FT-T011248,No,0.3816,2026-09-21T16:42:19.353279+00:00,baseline_v1
FT-T011249,Yes,0.7111,2026-09-21T16:42:19.353279+00:00,baseline_v1
FT-T011250,No,0.2735,2026-09-21T16:42:19.353279+00:00,baseline_v1
FT-T011251,No,0.3649,2026-09-21T16:42:19.353279+00:00,baseline_v1
FT-T011252,No,0.418,2026-09-21T16:42:19.353279+00:00,baseline_v1
FT-T011253,Yes,0.6512,2026-09-21T16:42:19.353279+00:00,baseline_v1
FT-T011254,No,0.43,2026-09-21T16:42:19.353279+00:00,baseline_v1
FT-T011255,No,0.3222,2026-09-21T16:42:19.353279+00:00,baseline_v1
FT-T011256,Yes,0.7525,2026-09-21T16:42:19.353279+00:00,baseline_v1
FT-T011257,Yes,0.5515,2026-09-21T16:42:19.353279+00:00,baseline_v1
FT-T011258,No,0.3592,2026-09-21T16:42:19.353279+00:00,baseline_v1
FT-T011259,No,0.3471,2026-09-21T16:42:19.353279+00:00,baseline_v1
FT-T011260,Yes,0.562,2026-09-21T16:42:19.353279+00:00,baseline_v1
FT-T011261,Yes,0.6559,2026-09-21T16:42:19.353279+00:00,baseline_v1
FT-T011262,Yes,0.6286,2026-09-21T16:42:19.353279+00:00,baseline_v1
FT-T011263,No,0.3511,2026-09-21T16:42:19.353279+00:00,baseline_v1
FT-T011264,No,0.4863,2026-09-21T16:42:19.353279+00:00,baseline_v1
FT-T011265,No,0.4417,2026-09-21T16:42:19.353279+00:00,baseline_v1
FT-T011266,Yes,0.5514,2026-09-21T16:42:19.353279+00:00,baseline_v1
FT-T011267,No,0.3497,2026-09-21T16:42:19.353279+00:00,baseline_v1
FT-T011268,No,0.3062,2026-09-21T16:42:19.353279+00:00,baseline_v1
FT-T011269,Yes,0.6853,2026-09-21T16:42:19.353279+00:00,baseline_v1
FT-T011270,No,0.3398,2026-09-21T16:42:19.353279+00:00,baseline_v1
FT-T011271,No,0.2428,2026-09-21T16:42:19.353279+00:00,baseline_v1
FT-T011272,No,0.3838,2026-09-21T16:42:19.353279+00:00,baseline_v1
FT-T011273,No,0.4054,2026-09-21T16:42:19.353279+00:00,baseline_v1
FT-T011274,No,0.3456,2026-09-21T16:42:19.353279+00:00,baseline_v1
FT-T011275,No,0.3138,2026-09-21T16:42:19.353279+00:00,baseline_v1
FT-T011276,Yes,0.6826,2026-09-21T16:42:19.353279+00:00,baseline_v1
FT-T011277,No,0.3114,2026-09-21T16:42:19.353279+00:00,baseline_v1
FT-T011278,No,0.4812,2026-09-21T16:42:19.353279+00:00,baseline_v1
FT-T011279,Yes,0.5423,2026-09-21T16:42:19.353279+00:00,baseline_v1
FT-T011280,Yes,0.5293,2026-09-21T16:42:19.353279+00:00,baseline_v1
FT-T011281,No,0.4855,2026-09-21T16:42:19.353279+00:00,baseline_v1
FT-T011282,Yes,0.5086,2026-09-21T16:42:19.353279+00:00,baseline_v1
FT-T011283,Yes,0.5675,2026-09-21T16:42:19.353279+00:00,baseline_v1
FT-T011284,No,0.3576,2026-09-21T16:42:19.353279+00:00,baseline_v1
FT-T011285,Yes,0.5832,2026-09-21T16:42:19.353279+00:00,baseline_v1
FT-T011286,No,0.3175,2026-09-21T16:42:19.353279+00:00,baseline_v1
FT-T011287,No,0.3928,2026-09-21T16:42:19.353279+00:00,baseline_v1
FT-T011288,No,0.303,2026-09-21T16:42:19.353279+00:00,baseline_v1
FT-T011289,Yes,0.518,2026-09-21T16:42:19.353279+00:00,baseline_v1
FT-T011290,No,0.4118,2026-09-21T16:42:19.353279+00:00,baseline_v1
FT-T011291,Yes,0.6403,2026-09-21T16:42:19.353279+00:00,baseline_v1
FT-T011292,No,0.3311,2026-09-21T16:42:19.353279+00:00,baseline_v1
FT-T011293,Yes,0.6769,2026-09-21T16:42:19.353279+00:00,baseline_v1
FT-T011294,Yes,0.5982,2026-09-21T16:42:19.353279+00:00,baseline_v1
FT-T011295,No,0.341,2026-09-21T16:42:19.353279+00:00,baseline_v1
FT-T011296,No,0.3118,2026-09-21T16:42:19.353279+00:00,baseline_v1
FT-T011297,No,0.3223,2026-09-21T16:42:19.353279+00:00,baseline_v1
FT-T011298,No,0.3173,2026-09-21T16:42:19.353279+00:00,baseline_v1
FT-T011299,No,0.3071,2026-09-21T16:42:19.353279+00:00,baseline_v1
FT-T011300,No,0.3112,2026-09-21T16:42:19.353279+00:00,baseline_v1
FT-T011301,Yes,0.5992,2026-09-21T16:42:19.353279+00:00,baseline_v1
FT-T011302,Yes,0.5385,2026-09-21T16:42:19.353279+00:00,baseline_v1
FT-T011303,No,0.4177,2026-09-21T16:42:19.353279+00:00,baseline_v1
FT-T011304,Yes,0.5489,2026-09-21T16:42:19.353279+00:00,baseline_v1
FT-T011305,No,0.3051,2026-09-21T16:42:19.353279+00:00,baseline_v1
FT-T011306,No,0.3067,2026-09-21T16:42:19.353279+00:00,baseline_v1
FT-T011307,No,0.2696,2026-09-21T16:42:19.353279+00:00,baseline_v1
FT-T011308,No,0.4894,2026-09-21T16:42:19.353279+00:00,baseline_v1
FT-T011309,No,0.2685,2026-09-21T16:42:19.353279+00:00,baseline_v1
FT-T011310,No,0.1984,2026-09-21T16:42:19.353279+00:00,baseline_v1
FT-T011311,No,0.2511,2026-09-21T16:42:19.353279+00:00,baseline_v1
FT-T011312,No,0.2283,2026-09-21T16:42:19.353279+00:00,baseline_v1
FT-T011313,No,0.4851,2026-09-21T16:42:19.353279+00:00,baseline_v1
FT-T011314,No,0.2284,2026-09-21T16:42:19.353279+00:00,baseline_v1
FT-T011315,Yes,0.6006,2026-09-21T16:42:19.353279+00:00,baseline_v1
FT-T011316,No,0.4328,2026-09-21T16:42:19.353279+00:00,baseline_v1
FT-T011317,No,0.3044,2026-09-21T16:42:19.353279+00:00,baseline_v1
FT-T011318,No,0.289,2026-09-21T16:42:19.353279+00:00,baseline_v1
FT-T011319,No,0.247,2026-09-21T16:42:19.353279+00:00,baseline_v1
FT-T011320,No,0.3072,2026-09-21T16:42:19.353279+00:00,baseline_v1
FT-T011321,No,0.3505,2026-09-21T16:42:19.353279+00:00,baseline_v1
FT-T011322,No,0.4835,2026-09-21T16:42:19.353279+00:00,baseline_v1
FT-T011323,No,0.3484,2026-09-21T16:42:19.353279+00:00,baseline_v1
FT-T011324,No,0.2559,2026-09-21T16:42:19.353279+00:00,baseline_v1
FT-T011325,No,0.362,2026-09-21T16:42:19.353279+00:00,baseline_v1
FT-T011326,No,0.222,2026-09-21T16:42:19.353279+00:00,baseline_v1
FT-T011327,No,0.4816,2026-09-21T16:42:19.353279+00:00,baseline_v1
FT-T011328,No,0.2736,2026-09-21T16:42:19.353279+00:00,baseline_v1
FT-T011329,No,0.234,2026-09-21T16:42:19.353279+00:00,baseline_v1
FT-T011330,No,0.2641,2026-09-21T16:42:19.353279+00:00,baseline_v1
FT-T011331,No,0.2335,2026-09-21T16:42:19.353279+00:00,baseline_v1
FT-T011332,No,0.165,2026-09-21T16:42:19.353279+00:00,baseline_v1
FT-T011333,Yes,0.5442,2026-09-21T16:42:19.353279+00:00,baseline_v1
FT-T011334,Yes,0.6336,2026-09-21T16:42:19.353279+00:00,baseline_v1
FT-T011335,Yes,0.5204,2026-09-21T16:42:19.353279+00:00,baseline_v1
FT-T011336,Yes,0.6166,2026-09-21T16:42:19.353279+00:00,baseline_v1
FT-T011337,Yes,0.6665,2026-09-21T16:42:19.353279+00:00,baseline_v1
FT-T011338,No,0.3984,2026-09-21T16:42:19.353279+00:00,baseline_v1
FT-T011339,Yes,0.8706,2026-09-21T16:42:19.353279+00:00,baseline_v1
FT-T011340,No,0.3614,2026-09-21T16:42:19.353279+00:00,baseline_v1
FT-T011341,Yes,0.5539,2026-09-21T16:42:19.353279+00:00,baseline_v1
FT-T011342,Yes,0.6522,2026-09-21T16:42:19.353279+00:00,baseline_v1
FT-T011343,Yes,0.6147,2026-09-21T16:42:19.353279+00:00,baseline_v1
FT-T011344,Yes,0.6158,2026-09-21T16:42:19.353279+00:00,baseline_v1
FT-T011345,No,0.429,2026-09-21T16:42:19.353279+00:00,baseline_v1
FT-T011346,No,0.3282,2026-09-21T16:42:19.353279+00:00,baseline_v1
FT-T011347,No,0.4344,2026-09-21T16:42:19.353279+00:00,baseline_v1
FT-T011348,Yes,0.6276,2026-09-21T16:42:19.353279+00:00,baseline_v1
FT-T011349,Yes,0.6772,2026-09-21T16:42:19.353279+00:00,baseline_v1
FT-T011350,No,0.403,2026-09-21T16:42:19.353279+00:00,baseline_v1
FT-T011351,No,0.4357,2026-09-21T16:42:19.353279+00:00,baseline_v1
FT-T011352,Yes,0.9025,2026-09-21T16:42:19.353279+00:00,baseline_v1
FT-T011353,Yes,0.5902,2026-09-21T16:42:19.353279+00:00,baseline_v1
FT-T011354,No,0.4883,2026-09-21T16:42:19.353279+00:00,baseline_v1
FT-T011355,Yes,0.6226,2026-09-21T16:42:19.353279+00:00,baseline_v1
FT-T011356,Yes,0.6294,2026-09-21T16:42:19.353279+00:00,baseline_v1
FT-T011357,Yes,0.7934,2026-09-21T16:42:19.353279+00:00,baseline_v1
FT-T011358,No,0.4591,2026-09-21T16:42:19.353279+00:00,baseline_v1
FT-T011359,Yes,0.5995,2026-09-21T16:42:19.353279+00:00,baseline_v1
FT-T011360,Yes,0.6428,2026-09-21T16:42:19.353279+00:00,baseline_v1
FT-T011361,Yes,0.6726,2026-09-21T16:42:19.353279+00:00,baseline_v1
FT-T011362,Yes,0.5384,2026-09-21T16:42:19.353279+00:00,baseline_v1
FT-T011363,No,0.3267,2026-09-21T16:42:19.353279+00:00,baseline_v1
FT-T011364,Yes,0.6646,2026-09-21T16:42:19.353279+00:00,baseline_v1
FT-T011365,Yes,0.7205,2026-09-21T16:42:19.353279+00:00,baseline_v1
FT-T011366,Yes,0.5693,2026-09-21T16:42:19.353279+00:00,baseline_v1
FT-T011367,No,0.3694,2026-09-21T16:42:19.353279+00:00,baseline_v1
FT-T011368,Yes,0.6419,2026-09-21T16:42:19.353279+00:00,baseline_v1
FT-T011369,No,0.4726,2026-09-21T16:42:19.353279+00:00,baseline_v1
FT-T011370,No,0.3962,2026-09-21T16:42:19.353279+00:00,baseline_v1
FT-T011371,Yes,0.5137,2026-09-21T16:42:19.353279+00:00,baseline_v1
FT-T011372,No,0.3496,2026-09-21T16:42:19.353279+00:00,baseline_v1
FT-T011373,No,0.4517,2026-09-21T16:42:19.353279+00:00,baseline_v1
FT-T011374,No,0.4256,2026-09-21T16:42:19.353279+00:00,baseline_v1
FT-T011375,No,0.4818,2026-09-21T16:42:19.353279+00:00,baseline_v1
FT-T011376,No,0.3297,2026-09-21T16:42:19.353279+00:00,baseline_v1
FT-T011377,Yes,0.5396,2026-09-21T16:42:19.353279+00:00,baseline_v1
FT-T011378,Yes,0.5945,2026-09-21T16:42:19.353279+00:00,baseline_v1
FT-T011379,No,0.388,2026-09-21T16:42:19.353279+00:00,baseline_v1
FT-T011380,Yes,0.607,2026-09-21T16:42:19.353279+00:00,baseline_v1
FT-T011381,No,0.3066,2026-09-21T16:42:19.353279+00:00,baseline_v1
FT-T011382,Yes,0.6049,2026-09-21T16:42:19.353279+00:00,baseline_v1
FT-T011383,Yes,0.6411,2026-09-21T16:42:19.353279+00:00,baseline_v1
FT-T011384,Yes,0.5854,2026-09-21T16:42:19.353279+00:00,baseline_v1
FT-T011385,Yes,0.7367,2026-09-21T16:42:19.353279+00:00,baseline_v1
FT-T011386,Yes,0.5284,2026-09-21T16:42:19.353279+00:00,baseline_v1
FT-T011387,Yes,0.6143,2026-09-21T16:42:19.353279+00:00,baseline_v1
FT-T011388,No,0.307,2026-09-21T16:42:19.353279+00:00,baseline_v1
FT-T011389,Yes,0.7238,2026-09-21T16:42:19.353279+00:00,baseline_v1
FT-T011390,Yes,0.5228,2026-09-21T16:42:19.353279+00:00,baseline_v1
FT-T011391,No,0.4055,2026-09-21T16:42:19.353279+00:00,baseline_v1
FT-T011392,No,0.3127,2026-09-21T16:42:19.353279+00:00,baseline_v1
FT-T011393,No,0.3932,2026-09-21T16:42:19.353279+00:00,baseline_v1
FT-T011394,Yes,0.5247,2026-09-21T16:42:19.353279+00:00,baseline_v1
FT-T011395,Yes,0.6184,2026-09-21T16:42:19.353279+00:00,baseline_v1
FT-T011396,Yes,0.587,2026-09-21T16:42:19.353279+00:00,baseline_v1
FT-T011397,Yes,0.6534,2026-09-21T16:42:19.353279+00:00,baseline_v1
FT-T011398,Yes,0.5145,2026-09-21T16:42:19.353279+00:00,baseline_v1
FT-T011399,No,0.3503,2026-09-21T16:42:19.353279+00:00,baseline_v1
FT-T011400,No,0.3129,2026-09-21T16:42:19.353279+00:00,baseline_v1
FT-T011401,No,0.4501,2026-09-21T16:42:19.353279+00:00,baseline_v1
FT-T011402,Yes,0.5642,2026-09-21T16:42:19.353279+00:00,baseline_v1
FT-T011403,No,0.3484,2026-09-21T16:42:19.353279+00:00,baseline_v1
FT-T011404,No,0.3741,2026-09-21T16:42:19.353279+00:00,baseline_v1
FT-T011405,Yes,0.5686,2026-09-21T16:42:19.353279+00:00,baseline_v1
FT-T011406,No,0.3462,2026-09-21T16:42:19.353279+00:00,baseline_v1
FT-T011407,Yes,0.5203,2026-09-21T16:42:19.353279+00:00,baseline_v1
FT-T011408,No,0.3732,2026-09-21T16:42:19.353279+00:00,baseline_v1
FT-T011409,No,0.3335,2026-09-21T16:42:19.353279+00:00,baseline_v1
FT-T011410,Yes,0.5424,2026-09-21T16:42:19.353279+00:00,baseline_v1
FT-T011411,No,0.478,2026-09-21T16:42:19.353279+00:00,baseline_v1
FT-T011412,No,0.4833,2026-09-21T16:42:19.353279+00:00,baseline_v1
FT-T011413,Yes,0.5153,2026-09-21T16:42:19.353279+00:00,baseline_v1
FT-T011414,No,0.3231,2026-09-21T16:42:19.353279+00:00,baseline_v1
FT-T011415,Yes,0.5461,2026-09-21T16:42:19.353279+00:00,baseline_v1
FT-T011416,No,0.3644,2026-09-21T16:42:19.353279+00:00,baseline_v1
FT-T011417,No,0.4156,2026-09-21T16:42:19.353279+00:00,baseline_v1
FT-T011418,Yes,0.5475,2026-09-21T16:42:19.353279+00:00,baseline_v1
FT-T011419,Yes,0.7395,2026-09-21T16:42:19.353279+00:00,baseline_v1
FT-T011420,No,0.3308,2026-09-21T16:42:19.353279+00:00,baseline_v1
FT-T011421,No,0.2899,2026-09-21T16:42:19.353279+00:00,baseline_v1
FT-T011422,Yes,0.6706,2026-09-21T16:42:19.353279+00:00,baseline_v1
FT-T011423,Yes,0.5002,2026-09-21T16:42:19.353279+00:00,baseline_v1
FT-T011424,Yes,0.5327,2026-09-21T16:42:19.353279+00:00,baseline_v1
FT-T011425,No,0.3341,2026-09-21T16:42:19.353279+00:00,baseline_v1
FT-T011426,No,0.367,2026-09-21T16:42:19.353279+00:00,baseline_v1
FT-T011427,No,0.2903,2026-09-21T16:42:19.353279+00:00,baseline_v1
FT-T011428,No,0.25,2026-09-21T16:42:19.353279+00:00,baseline_v1
FT-T011429,No,0.2898,2026-09-21T16:42:19.353279+00:00,baseline_v1
FT-T011430,No,0.2797,2026-09-21T16:42:19.353279+00:00,baseline_v1
FT-T011431,Yes,0.5463,2026-09-21T16:42:19.353279+00:00,baseline_v1
FT-T011432,No,0.3037,2026-09-21T16:42:19.353279+00:00,baseline_v1
FT-T011433,No,0.2845,2026-09-21T16:42:19.353279+00:00,baseline_v1
FT-T011434,Yes,0.6549,2026-09-21T16:42:19.353279+00:00,baseline_v1
FT-T011435,No,0.3873,2026-09-21T16:42:19.353279+00:00,baseline_v1
FT-T011436,No,0.3107,2026-09-21T16:42:19.353279+00:00,baseline_v1
FT-T011437,No,0.4589,2026-09-21T16:42:19.353279+00:00,baseline_v1
FT-T011438,Yes,0.7372,2026-09-21T16:42:19.353279+00:00,baseline_v1
FT-T011439,No,0.438,2026-09-21T16:42:19.353279+00:00,baseline_v1
FT-T011440,Yes,0.7432,2026-09-21T16:42:19.353279+00:00,baseline_v1
FT-T011441,No,0.2492,2026-09-21T16:42:19.353279+00:00,baseline_v1
FT-T011442,No,0.2352,2026-09-21T16:42:19.353279+00:00,baseline_v1
FT-T011443,Yes,0.5141,2026-09-21T16:42:19.353279+00:00,baseline_v1
FT-T011444,No,0.2714,2026-09-21T16:42:19.353279+00:00,baseline_v1
FT-T011445,No,0.2856,2026-09-21T16:42:19.353279+00:00,baseline_v1
FT-T011446,Yes,0.7116,2026-09-21T16:42:19.353279+00:00,baseline_v1
FT-T011447,Yes,0.5465,2026-09-21T16:42:19.353279+00:00,baseline_v1
FT-T011448,No,0.3978,2026-09-21T16:42:19.353279+00:00,baseline_v1
FT-T011449,No,0.4442,2026-09-21T16:42:19.353279+00:00,baseline_v1
FT-T011450,Yes,0.5105,2026-09-21T16:42:19.353279+00:00,baseline_v1
FT-T011451,No,0.3229,2026-09-21T16:42:19.353279+00:00,baseline_v1
FT-T011452,No,0.2468,2026-09-21T16:42:19.353279+00:00,baseline_v1
FT-T011453,No,0.2887,2026-09-21T16:42:19.353279+00:00,baseline_v1
FT-T011454,No,0.3481,2026-09-21T16:42:19.353279+00:00,baseline_v1
FT-T011455,No,0.2496,2026-09-21T16:42:19.353279+00:00,baseline_v1
FT-T011456,No,0.3627,2026-09-21T16:42:19.353279+00:00,baseline_v1
FT-T011457,No,0.2709,2026-09-21T16:42:19.353279+00:00,baseline_v1
FT-T011458,No,0.4421,2026-09-21T16:42:19.353279+00:00,baseline_v1
FT-T011459,Yes,0.5254,2026-09-21T16:42:19.353279+00:00,baseline_v1
FT-T011460,No,0.2926,2026-09-21T16:42:19.353279+00:00,baseline_v1
FT-T011461,No,0.3339,2026-09-21T16:42:19.353279+00:00,baseline_v1
FT-T011462,Yes,0.5663,2026-09-21T16:42:19.353279+00:00,baseline_v1
FT-T011463,No,0.2644,2026-09-21T16:42:19.353279+00:00,baseline_v1
FT-T011464,No,0.2504,2026-09-21T16:42:19.353279+00:00,baseline_v1
FT-T011465,No,0.2731,2026-09-21T16:42:19.353279+00:00,baseline_v1
FT-T011466,Yes,0.7119,2026-09-21T16:42:19.353279+00:00,baseline_v1
FT-T011467,Yes,0.6971,2026-09-21T16:42:19.353279+00:00,baseline_v1
FT-T011468,Yes,0.6408,2026-09-21T16:42:19.353279+00:00,baseline_v1
FT-T011469,No,0.4308,2026-09-21T16:42:19.353279+00:00,baseline_v1
FT-T011470,Yes,0.6489,2026-09-21T16:42:19.353279+00:00,baseline_v1
FT-T011471,No,0.35,2026-09-21T16:42:19.353279+00:00,baseline_v1
FT-T011472,Yes,0.5327,2026-09-21T16:42:19.353279+00:00,baseline_v1
FT-T011473,Yes,0.6577,2026-09-21T16:42:19.353279+00:00,baseline_v1
FT-T011474,Yes,0.6828,2026-09-21T16:42:19.353279+00:00,baseline_v1
FT-T011475,Yes,0.5724,2026-09-21T16:42:19.353279+00:00,baseline_v1
FT-T011476,Yes,0.5291,2026-09-21T16:42:19.353279+00:00,baseline_v1
FT-T011477,Yes,0.6342,2026-09-21T16:42:19.353279+00:00,baseline_v1
FT-T011478,No,0.3685,2026-09-21T16:42:19.353279+00:00,baseline_v1
FT-T011479,Yes,0.6004,2026-09-21T16:42:19.353279+00:00,baseline_v1
FT-T011480,Yes,0.6447,2026-09-21T16:42:19.353279+00:00,baseline_v1
FT-T011481,No,0.4116,2026-09-21T16:42:19.353279+00:00,baseline_v1
FT-T011482,Yes,0.5123,2026-09-21T16:42:19.353279+00:00,baseline_v1
FT-T011483,No,0.3815,2026-09-21T16:42:19.353279+00:00,baseline_v1
FT-T011484,No,0.3688,2026-09-21T16:42:19.353279+00:00,baseline_v1
FT-T011485,Yes,0.7307,2026-09-21T16:42:19.353279+00:00,baseline_v1
FT-T011486,Yes,0.5296,2026-09-21T16:42:19.353279+00:00,baseline_v1
FT-T011487,No,0.4263,2026-09-21T16:42:19.353279+00:00,baseline_v1
FT-T011488,No,0.3497,2026-09-21T16:42:19.353279+00:00,baseline_v1
FT-T011489,Yes,0.7194,2026-09-21T16:42:19.353279+00:00,baseline_v1
FT-T011490,Yes,0.5307,2026-09-21T16:42:19.353279+00:00,baseline_v1
FT-T011491,Yes,0.5597,2026-09-21T16:42:19.353279+00:00,baseline_v1
FT-T011492,Yes,0.6303,2026-09-21T16:42:19.353279+00:00,baseline_v1
FT-T011493,No,0.4029,2026-09-21T16:42:19.353279+00:00,baseline_v1
FT-T011494,Yes,0.7603,2026-09-21T16:42:19.353279+00:00,baseline_v1
FT-T011495,No,0.3964,2026-09-21T16:42:19.353279+00:00,baseline_v1
FT-T011496,No,0.4382,2026-09-21T16:42:19.353279+00:00,baseline_v1
FT-T011497,Yes,0.5656,2026-09-21T16:42:19.353279+00:00,baseline_v1
FT-T011498,Yes,0.6046,2026-09-21T16:42:19.353279+00:00,baseline_v1
FT-T011499,No,0.4765,2026-09-21T16:42:19.353279+00:00,baseline_v1
FT-T011500,Yes,0.6633,2026-09-21T16:42:19.353279+00:00,baseline_v1
FT-T011501,Yes,0.7378,2026-09-21T16:42:19.353279+00:00,baseline_v1
FT-T011502,No,0.4682,2026-09-21T16:42:19.353279+00:00,baseline_v1
FT-T011503,Yes,0.72,2026-09-21T16:42:19.353279+00:00,baseline_v1
FT-T011504,Yes,0.5157,2026-09-21T16:42:19.353279+00:00,baseline_v1
FT-T011505,No,0.2929,2026-09-21T16:42:19.353279+00:00,baseline_v1
FT-T011506,Yes,0.7878,2026-09-21T16:42:19.353279+00:00,baseline_v1
FT-T011507,No,0.4611,2026-09-21T16:42:19.353279+00:00,baseline_v1
FT-T011508,No,0.4899,2026-09-21T16:42:19.353279+00:00,baseline_v1
FT-T011509,No,0.4244,2026-09-21T16:42:19.353279+00:00,baseline_v1
FT-T011510,No,0.4121,2026-09-21T16:42:19.353279+00:00,baseline_v1
FT-T011511,Yes,0.629,2026-09-21T16:42:19.353279+00:00,baseline_v1
FT-T011512,Yes,0.5869,2026-09-21T16:42:19.353279+00:00,baseline_v1
FT-T011513,No,0.3019,2026-09-21T16:42:19.353279+00:00,baseline_v1
FT-T011514,Yes,0.8086,2026-09-21T16:42:19.353279+00:00,baseline_v1
FT-T011515,No,0.4397,2026-09-21T16:42:19.353279+00:00,baseline_v1
FT-T011516,No,0.3989,2026-09-21T16:42:19.353279+00:00,baseline_v1
FT-T011517,No,0.3678,2026-09-21T16:42:19.353279+00:00,baseline_v1
FT-T011518,Yes,0.5329,2026-09-21T16:42:19.353279+00:00,baseline_v1
FT-T011519,No,0.399,2026-09-21T16:42:19.353279+00:00,baseline_v1
FT-T011520,Yes,0.5445,2026-09-21T16:42:19.353279+00:00,baseline_v1
FT-T011521,No,0.3459,2026-09-21T16:42:19.353279+00:00,baseline_v1
FT-T011522,No,0.3664,2026-09-21T16:42:19.353279+00:00,baseline_v1
FT-T011523,No,0.3649,2026-09-21T16:42:19.353279+00:00,baseline_v1
FT-T011524,Yes,0.5532,2026-09-21T16:42:19.353279+00:00,baseline_v1
FT-T011525,Yes,0.7736,2026-09-21T16:42:19.353279+00:00,baseline_v1
FT-T011526,No,0.4048,2026-09-21T16:42:19.353279+00:00,baseline_v1
FT-T011527,No,0.3717,2026-09-21T16:42:19.353279+00:00,baseline_v1
FT-T011528,Yes,0.5417,2026-09-21T16:42:19.353279+00:00,baseline_v1
FT-T011529,No,0.3472,2026-09-21T16:42:19.353279+00:00,baseline_v1
FT-T011530,No,0.3162,2026-09-21T16:42:19.353279+00:00,baseline_v1
FT-T011531,Yes,0.6534,2026-09-21T16:42:19.353279+00:00,baseline_v1
FT-T011532,Yes,0.7002,2026-09-21T16:42:19.353279+00:00,baseline_v1
FT-T011533,No,0.3507,2026-09-21T16:42:19.353279+00:00,baseline_v1
FT-T011534,No,0.4024,2026-09-21T16:42:19.353279+00:00,baseline_v1
FT-T011535,Yes,0.5511,2026-09-21T16:42:19.353279+00:00,baseline_v1
FT-T011536,No,0.3042,2026-09-21T16:42:19.353279+00:00,baseline_v1
FT-T011537,No,0.3335,2026-09-21T16:42:19.353279+00:00,baseline_v1
FT-T011538,No,0.4367,2026-09-21T16:42:19.353279+00:00,baseline_v1
FT-T011539,Yes,0.7077,2026-09-21T16:42:19.353279+00:00,baseline_v1
FT-T011540,No,0.2961,2026-09-21T16:42:19.353279+00:00,baseline_v1
FT-T011541,Yes,0.5187,2026-09-21T16:42:19.353279+00:00,baseline_v1
FT-T011542,No,0.3356,2026-09-21T16:42:19.353279+00:00,baseline_v1
FT-T011543,No,0.3757,2026-09-21T16:42:19.353279+00:00,baseline_v1
FT-T011544,No,0.4026,2026-09-21T16:42:19.353279+00:00,baseline_v1
FT-T011545,No,0.3438,2026-09-21T16:42:19.353279+00:00,baseline_v1
FT-T011546,Yes,0.6555,2026-09-21T16:42:19.353279+00:00,baseline_v1
FT-T011547,Yes,0.5649,2026-09-21T16:42:19.353279+00:00,baseline_v1
FT-T011548,No,0.3754,2026-09-21T16:42:19.353279+00:00,baseline_v1
FT-T011549,No,0.361,2026-09-21T16:42:19.353279+00:00,baseline_v1
FT-T011550,No,0.2907,2026-09-21T16:42:19.353279+00:00,baseline_v1
FT-T011551,No,0.3238,2026-09-21T16:42:19.353279+00:00,baseline_v1
FT-T011552,No,0.4665,2026-09-21T16:42:19.353279+00:00,baseline_v1
FT-T011553,No,0.2767,2026-09-21T16:42:19.353279+00:00,baseline_v1
FT-T011554,No,0.3146,2026-09-21T16:42:19.353279+00:00,baseline_v1
FT-T011555,No,0.3349,2026-09-21T16:42:19.353279+00:00,baseline_v1
FT-T011556,No,0.4809,2026-09-21T16:42:19.353279+00:00,baseline_v1
FT-T011557,No,0.4422,2026-09-21T16:42:19.353279+00:00,baseline_v1
FT-T011558,No,0.3883,2026-09-21T16:42:19.353279+00:00,baseline_v1
FT-T011559,No,0.3877,2026-09-21T16:42:19.353279+00:00,baseline_v1
FT-T011560,Yes,0.6093,2026-09-21T16:42:19.353279+00:00,baseline_v1
FT-T011561,No,0.3205,2026-09-21T16:42:19.353279+00:00,baseline_v1
FT-T011562,Yes,0.5306,2026-09-21T16:42:19.353279+00:00,baseline_v1
FT-T011563,No,0.2911,2026-09-21T16:42:19.353279+00:00,baseline_v1
FT-T011564,Yes,0.6097,2026-09-21T16:42:19.353279+00:00,baseline_v1
FT-T011565,No,0.2856,2026-09-21T16:42:19.353279+00:00,baseline_v1
FT-T011566,No,0.2495,2026-09-21T16:42:19.353279+00:00,baseline_v1
FT-T011567,Yes,0.7394,2026-09-21T16:42:19.353279+00:00,baseline_v1
FT-T011568,Yes,0.5558,2026-09-21T16:42:19.353279+00:00,baseline_v1
FT-T011569,No,0.282,2026-09-21T16:42:19.353279+00:00,baseline_v1
FT-T011570,No,0.3986,2026-09-21T16:42:19.353279+00:00,baseline_v1
FT-T011571,Yes,0.5095,2026-09-21T16:42:19.353279+00:00,baseline_v1
FT-T011572,No,0.2197,2026-09-21T16:42:19.353279+00:00,baseline_v1
FT-T011573,No,0.3356,2026-09-21T16:42:19.353279+00:00,baseline_v1
FT-T011574,No,0.4403,2026-09-21T16:42:19.353279+00:00,baseline_v1
FT-T011575,Yes,0.5276,2026-09-21T16:42:19.353279+00:00,baseline_v1
FT-T011576,No,0.4965,2026-09-21T16:42:19.353279+00:00,baseline_v1
FT-T011577,Yes,0.6039,2026-09-21T16:42:19.353279+00:00,baseline_v1
FT-T011578,Yes,0.5099,2026-09-21T16:42:19.353279+00:00,baseline_v1
FT-T011579,No,0.4945,2026-09-21T16:42:19.353279+00:00,baseline_v1
FT-T011580,No,0.4063,2026-09-21T16:42:19.353279+00:00,baseline_v1
FT-T011581,No,0.4009,2026-09-21T16:42:19.353279+00:00,baseline_v1
FT-T011582,Yes,0.7843,2026-09-21T16:42:19.353279+00:00,baseline_v1
FT-T011583,No,0.1873,2026-09-21T16:42:19.353279+00:00,baseline_v1
FT-T011584,No,0.4779,2026-09-21T16:42:19.353279+00:00,baseline_v1
FT-T011585,No,0.4084,2026-09-21T16:42:19.353279+00:00,baseline_v1
FT-T011586,Yes,0.7405,2026-09-21T16:42:19.353279+00:00,baseline_v1
FT-T011587,No,0.2725,2026-09-21T16:42:19.353279+00:00,baseline_v1
FT-T011588,No,0.2656,2026-09-21T16:42:19.353279+00:00,baseline_v1
FT-T011589,Yes,0.7177,2026-09-21T16:42:19.353279+00:00,baseline_v1
FT-T011590,No,0.4537,2026-09-21T16:42:19.353279+00:00,baseline_v1
FT-T011591,No,0.4066,2026-09-21T16:42:19.353279+00:00,baseline_v1
FT-T011592,No,0.4372,2026-09-21T16:42:19.353279+00:00,baseline_v1
FT-T011593,No,0.2184,2026-09-21T16:42:19.353279+00:00,baseline_v1
FT-T011594,No,0.1623,2026-09-21T16:42:19.353279+00:00,baseline_v1
FT-T011595,Yes,0.5968,2026-09-21T16:42:19.353279+00:00,baseline_v1
FT-T011596,Yes,0.5257,2026-09-21T16:42:19.353279+00:00,baseline_v1
FT-T011597,No,0.2247,2026-09-21T16:42:19.353279+00:00,baseline_v1
FT-T011598,Yes,0.6215,2026-09-21T16:42:19.353279+00:00,baseline_v1
FT-T011599,No,0.277,2026-09-21T16:42:19.353279+00:00,baseline_v1
FT-T011600,No,0.1852,2026-09-21T16:42:19.353279+00:00,baseline_v1
FT-T011601,No,0.4844,2026-09-21T16:42:19.353279+00:00,baseline_v1
FT-T011602,No,0.4266,2026-09-21T16:42:19.353279+00:00,baseline_v1
FT-T011603,Yes,0.6077,2026-09-21T16:42:19.353279+00:00,baseline_v1
FT-T011604,Yes,0.5979,2026-09-21T16:42:19.353279+00:00,baseline_v1
FT-T011605,No,0.4677,2026-09-21T16:42:19.353279+00:00,baseline_v1
FT-T011606,No,0.4748,2026-09-21T16:42:19.353279+00:00,baseline_v1
FT-T011607,Yes,0.5212,2026-09-21T16:42:19.353279+00:00,baseline_v1
FT-T011608,No,0.417,2026-09-21T16:42:19.353279+00:00,baseline_v1
FT-T011609,Yes,0.5895,2026-09-21T16:42:19.353279+00:00,baseline_v1
FT-T011610,No,0.4959,2026-09-21T16:42:19.353279+00:00,baseline_v1
FT-T011611,Yes,0.5417,2026-09-21T16:42:19.353279+00:00,baseline_v1
FT-T011612,Yes,0.6323,2026-09-21T16:42:19.353279+00:00,baseline_v1
FT-T011613,No,0.4079,2026-09-21T16:42:19.353279+00:00,baseline_v1
FT-T011614,Yes,0.6335,2026-09-21T16:42:19.353279+00:00,baseline_v1
FT-T011615,No,0.4257,2026-09-21T16:42:19.353279+00:00,baseline_v1
FT-T011616,No,0.356,2026-09-21T16:42:19.353279+00:00,baseline_v1
FT-T011617,Yes,0.8069,2026-09-21T16:42:19.353279+00:00,baseline_v1
FT-T011618,Yes,0.516,2026-09-21T16:42:19.353279+00:00,baseline_v1
FT-T011619,Yes,0.6524,2026-09-21T16:42:19.353279+00:00,baseline_v1
FT-T011620,No,0.4928,2026-09-21T16:42:19.353279+00:00,baseline_v1
FT-T011621,No,0.4975,2026-09-21T16:42:19.353279+00:00,baseline_v1
FT-T011622,No,0.4478,2026-09-21T16:42:19.353279+00:00,baseline_v1
FT-T011623,No,0.4533,2026-09-21T16:42:19.353279+00:00,baseline_v1
FT-T011624,Yes,0.6504,2026-09-21T16:42:19.353279+00:00,baseline_v1
FT-T011625,No,0.4152,2026-09-21T16:42:19.353279+00:00,baseline_v1
FT-T011626,No,0.393,2026-09-21T16:42:19.353279+00:00,baseline_v1
FT-T011627,Yes,0.6168,2026-09-21T16:42:19.353279+00:00,baseline_v1
FT-T011628,No,0.3636,2026-09-21T16:42:19.353279+00:00,baseline_v1
FT-T011629,Yes,0.6287,2026-09-21T16:42:19.353279+00:00,baseline_v1
FT-T011630,No,0.4741,2026-09-21T16:42:19.353279+00:00,baseline_v1
FT-T011631,Yes,0.6062,2026-09-21T16:42:19.353279+00:00,baseline_v1
FT-T011632,No,0.438,2026-09-21T16:42:19.353279+00:00,baseline_v1
FT-T011633,Yes,0.6127,2026-09-21T16:42:19.353279+00:00,baseline_v1
FT-T011634,No,0.4938,2026-09-21T16:42:19.353279+00:00,baseline_v1
FT-T011635,No,0.4312,2026-09-21T16:42:19.353279+00:00,baseline_v1
FT-T011636,No,0.4005,2026-09-21T16:42:19.353279+00:00,baseline_v1
FT-T011637,No,0.4142,2026-09-21T16:42:19.353279+00:00,baseline_v1
FT-T011638,Yes,0.5966,2026-09-21T16:42:19.353279+00:00,baseline_v1
FT-T011639,Yes,0.6231,2026-09-21T16:42:19.353279+00:00,baseline_v1
FT-T011640,No,0.3785,2026-09-21T16:42:19.353279+00:00,baseline_v1
FT-T011641,Yes,0.7532,2026-09-21T16:42:19.353279+00:00,baseline_v1
FT-T011642,Yes,0.5063,2026-09-21T16:42:19.353279+00:00,baseline_v1
FT-T011643,Yes,0.6743,2026-09-21T16:42:19.353279+00:00,baseline_v1
FT-T011644,Yes,0.653,2026-09-21T16:42:19.353279+00:00,baseline_v1
FT-T011645,No,0.4209,2026-09-21T16:42:19.353279+00:00,baseline_v1
FT-T011646,No,0.3378,2026-09-21T16:42:19.353279+00:00,baseline_v1
FT-T011647,No,0.3623,2026-09-21T16:42:19.353279+00:00,baseline_v1
FT-T011648,Yes,0.5905,2026-09-21T16:42:19.353279+00:00,baseline_v1
FT-T011649,Yes,0.5762,2026-09-21T16:42:19.353279+00:00,baseline_v1
FT-T011650,No,0.4381,2026-09-21T16:42:19.353279+00:00,baseline_v1
FT-T011651,Yes,0.5407,2026-09-21T16:42:19.353279+00:00,baseline_v1
FT-T011652,No,0.3744,2026-09-21T16:42:19.353279+00:00,baseline_v1
FT-T011653,Yes,0.5583,2026-09-21T16:42:19.353279+00:00,baseline_v1
FT-T011654,No,0.4821,2026-09-21T16:42:19.353279+00:00,baseline_v1
FT-T011655,No,0.347,2026-09-21T16:42:19.353279+00:00,baseline_v1
FT-T011656,No,0.3908,2026-09-21T16:42:19.353279+00:00,baseline_v1
FT-T011657,Yes,0.5824,2026-09-21T16:42:19.353279+00:00,baseline_v1
FT-T011658,Yes,0.7337,2026-09-21T16:42:19.353279+00:00,baseline_v1
FT-T011659,No,0.3817,2026-09-21T16:42:19.353279+00:00,baseline_v1
FT-T011660,Yes,0.5475,2026-09-21T16:42:19.353279+00:00,baseline_v1
FT-T011661,Yes,0.7148,2026-09-21T16:42:19.353279+00:00,baseline_v1
FT-T011662,Yes,0.5586,2026-09-21T16:42:19.353279+00:00,baseline_v1
FT-T011663,No,0.4381,2026-09-21T16:42:19.353279+00:00,baseline_v1
FT-T011664,No,0.3647,2026-09-21T16:42:19.353279+00:00,baseline_v1
FT-T011665,No,0.4057,2026-09-21T16:42:19.353279+00:00,baseline_v1
FT-T011666,Yes,0.6664,2026-09-21T16:42:19.353279+00:00,baseline_v1
FT-T011667,Yes,0.5841,2026-09-21T16:42:19.353279+00:00,baseline_v1
FT-T011668,No,0.2893,2026-09-21T16:42:19.353279+00:00,baseline_v1
FT-T011669,Yes,0.6015,2026-09-21T16:42:19.353279+00:00,baseline_v1
FT-T011670,No,0.4468,2026-09-21T16:42:19.353279+00:00,baseline_v1
FT-T011671,Yes,0.5946,2026-09-21T16:42:19.353279+00:00,baseline_v1
FT-T011672,Yes,0.6759,2026-09-21T16:42:19.353279+00:00,baseline_v1
FT-T011673,Yes,0.5239,2026-09-21T16:42:19.353279+00:00,baseline_v1
FT-T011674,No,0.3622,2026-09-21T16:42:19.353279+00:00,baseline_v1
FT-T011675,Yes,0.5908,2026-09-21T16:42:19.353279+00:00,baseline_v1
FT-T011676,Yes,0.5576,2026-09-21T16:42:19.353279+00:00,baseline_v1
FT-T011677,No,0.3858,2026-09-21T16:42:19.353279+00:00,baseline_v1
FT-T011678,No,0.3564,2026-09-21T16:42:19.353279+00:00,baseline_v1
FT-T011679,No,0.4376,2026-09-21T16:42:19.353279+00:00,baseline_v1
FT-T011680,No,0.4069,2026-09-21T16:42:19.353279+00:00,baseline_v1
FT-T011681,Yes,0.5381,2026-09-21T16:42:19.353279+00:00,baseline_v1
FT-T011682,Yes,0.5346,2026-09-21T16:42:19.353279+00:00,baseline_v1
FT-T011683,Yes,0.6111,2026-09-21T16:42:19.353279+00:00,baseline_v1
FT-T011684,No,0.3255,2026-09-21T16:42:19.353279+00:00,baseline_v1
FT-T011685,Yes,0.531,2026-09-21T16:42:19.353279+00:00,baseline_v1
FT-T011686,No,0.346,2026-09-21T16:42:19.353279+00:00,baseline_v1
FT-T011687,No,0.3724,2026-09-21T16:42:19.353279+00:00,baseline_v1
FT-T011688,No,0.3351,2026-09-21T16:42:19.353279+00:00,baseline_v1
FT-T011689,Yes,0.5594,2026-09-21T16:42:19.353279+00:00,baseline_v1
FT-T011690,No,0.2817,2026-09-21T16:42:19.353279+00:00,baseline_v1
FT-T011691,No,0.3275,2026-09-21T16:42:19.353279+00:00,baseline_v1
FT-T011692,Yes,0.5802,2026-09-21T16:42:19.353279+00:00,baseline_v1
FT-T011693,No,0.3837,2026-09-21T16:42:19.353279+00:00,baseline_v1
FT-T011694,No,0.4541,2026-09-21T16:42:19.353279+00:00,baseline_v1
FT-T011695,No,0.4929,2026-09-21T16:42:19.353279+00:00,baseline_v1
FT-T011696,No,0.3013,2026-09-21T16:42:19.353279+00:00,baseline_v1
FT-T011697,No,0.4796,2026-09-21T16:42:19.353279+00:00,baseline_v1
FT-T011698,No,0.2315,2026-09-21T16:42:19.353279+00:00,baseline_v1
FT-T011699,Yes,0.6197,2026-09-21T16:42:19.353279+00:00,baseline_v1
FT-T011700,No,0.3125,2026-09-21T16:42:19.353279+00:00,baseline_v1
FT-T011701,Yes,0.6705,2026-09-21T16:42:19.353279+00:00,baseline_v1
FT-T011702,No,0.2817,2026-09-21T16:42:19.353279+00:00,baseline_v1
FT-T011703,Yes,0.7723,2026-09-21T16:42:19.353279+00:00,baseline_v1
FT-T011704,No,0.3046,2026-09-21T16:42:19.353279+00:00,baseline_v1
FT-T011705,No,0.4054,2026-09-21T16:42:19.353279+00:00,baseline_v1
FT-T011706,Yes,0.512,2026-09-21T16:42:19.353279+00:00,baseline_v1
FT-T011707,No,0.4124,2026-09-21T16:42:19.353279+00:00,baseline_v1
FT-T011708,Yes,0.5064,2026-09-21T16:42:19.353279+00:00,baseline_v1
FT-T011709,No,0.3111,2026-09-21T16:42:19.353279+00:00,baseline_v1
FT-T011710,Yes,0.609,2026-09-21T16:42:19.353279+00:00,baseline_v1
FT-T011711,No,0.4047,2026-09-21T16:42:19.353279+00:00,baseline_v1
FT-T011712,No,0.275,2026-09-21T16:42:19.353279+00:00,baseline_v1
FT-T011713,No,0.2861,2026-09-21T16:42:19.353279+00:00,baseline_v1
FT-T011714,No,0.2795,2026-09-21T16:42:19.353279+00:00,baseline_v1
FT-T011715,No,0.4071,2026-09-21T16:42:19.353279+00:00,baseline_v1
FT-T011716,Yes,0.7701,2026-09-21T16:42:19.353279+00:00,baseline_v1
FT-T011717,No,0.3223,2026-09-21T16:42:19.353279+00:00,baseline_v1
FT-T011718,Yes,0.5884,2026-09-21T16:42:19.353279+00:00,baseline_v1
FT-T011719,No,0.3461,2026-09-21T16:42:19.353279+00:00,baseline_v1
FT-T011720,No,0.4871,2026-09-21T16:42:19.353279+00:00,baseline_v1
FT-T011721,No,0.2095,2026-09-21T16:42:19.353279+00:00,baseline_v1
FT-T011722,Yes,0.6328,2026-09-21T16:42:19.353279+00:00,baseline_v1
FT-T011723,No,0.2605,2026-09-21T16:42:19.353279+00:00,baseline_v1
FT-T011724,No,0.3828,2026-09-21T16:42:19.353279+00:00,baseline_v1
FT-T011725,No,0.3154,2026-09-21T16:42:19.353279+00:00,baseline_v1
FT-T011726,Yes,0.7111,2026-09-21T16:42:19.353279+00:00,baseline_v1
FT-T011727,No,0.2128,2026-09-21T16:42:19.353279+00:00,baseline_v1
FT-T011728,No,0.4413,2026-09-21T16:42:19.353279+00:00,baseline_v1
FT-T011729,No,0.2578,2026-09-21T16:42:19.353279+00:00,baseline_v1
FT-T011730,No,0.3351,2026-09-21T16:42:19.353279+00:00,baseline_v1
FT-T011731,No,0.301,2026-09-21T16:42:19.353279+00:00,baseline_v1
FT-T011732,No,0.4736,2026-09-21T16:42:19.353279+00:00,baseline_v1
FT-T011733,No,0.4023,2026-09-21T16:42:19.353279+00:00,baseline_v1
FT-T011734,Yes,0.8561,2026-09-21T16:42:19.353279+00:00,baseline_v1
FT-T011735,No,0.434,2026-09-21T16:42:19.353279+00:00,baseline_v1
FT-T011736,Yes,0.6365,2026-09-21T16:42:19.353279+00:00,baseline_v1
FT-T011737,Yes,0.6381,2026-09-21T16:42:19.353279+00:00,baseline_v1
FT-T011738,Yes,0.5247,2026-09-21T16:42:19.353279+00:00,baseline_v1
FT-T011739,Yes,0.5432,2026-09-21T16:42:19.353279+00:00,baseline_v1
FT-T011740,No,0.4204,2026-09-21T16:42:19.353279+00:00,baseline_v1
FT-T011741,No,0.4303,2026-09-21T16:42:19.353279+00:00,baseline_v1
FT-T011742,Yes,0.5993,2026-09-21T16:42:19.353279+00:00,baseline_v1
FT-T011743,Yes,0.5898,2026-09-21T16:42:19.353279+00:00,baseline_v1
FT-T011744,Yes,0.6577,2026-09-21T16:42:19.353279+00:00,baseline_v1
FT-T011745,Yes,0.6392,2026-09-21T16:42:19.353279+00:00,baseline_v1
FT-T011746,No,0.4357,2026-09-21T16:42:19.353279+00:00,baseline_v1
FT-T011747,No,0.3501,2026-09-21T16:42:19.353279+00:00,baseline_v1
FT-T011748,Yes,0.5901,2026-09-21T16:42:19.353279+00:00,baseline_v1
FT-T011749,Yes,0.6211,2026-09-21T16:42:19.353279+00:00,baseline_v1
FT-T011750,No,0.4044,2026-09-21T16:42:19.353279+00:00,baseline_v1
FT-T011751,Yes,0.618,2026-09-21T16:42:19.353279+00:00,baseline_v1
FT-T011752,No,0.417,2026-09-21T16:42:19.353279+00:00,baseline_v1
FT-T011753,Yes,0.6312,2026-09-21T16:42:19.353279+00:00,baseline_v1
FT-T011754,Yes,0.5845,2026-09-21T16:42:19.353279+00:00,baseline_v1
FT-T011755,No,0.4605,2026-09-21T16:42:19.353279+00:00,baseline_v1
FT-T011756,Yes,0.5408,2026-09-21T16:42:19.353279+00:00,baseline_v1
FT-T011757,No,0.456,2026-09-21T16:42:19.353279+00:00,baseline_v1
FT-T011758,Yes,0.6209,2026-09-21T16:42:19.353279+00:00,baseline_v1
FT-T011759,No,0.4137,2026-09-21T16:42:19.353279+00:00,baseline_v1
FT-T011760,Yes,0.6111,2026-09-21T16:42:19.353279+00:00,baseline_v1
FT-T011761,No,0.391,2026-09-21T16:42:19.353279+00:00,baseline_v1
FT-T011762,No,0.3827,2026-09-21T16:42:19.353279+00:00,baseline_v1
FT-T011763,No,0.4311,2026-09-21T16:42:19.353279+00:00,baseline_v1
FT-T011764,No,0.3985,2026-09-21T16:42:19.353279+00:00,baseline_v1
FT-T011765,No,0.4017,2026-09-21T16:42:19.353279+00:00,baseline_v1
FT-T011766,Yes,0.6799,2026-09-21T16:42:19.353279+00:00,baseline_v1
FT-T011767,No,0.3799,2026-09-21T16:42:19.353279+00:00,baseline_v1
FT-T011768,No,0.4486,2026-09-21T16:42:19.353279+00:00,baseline_v1
FT-T011769,No,0.3597,2026-09-21T16:42:19.353279+00:00,baseline_v1
FT-T011770,No,0.3559,2026-09-21T16:42:19.353279+00:00,baseline_v1
FT-T011771,Yes,0.6498,2026-09-21T16:42:19.353279+00:00,baseline_v1
FT-T011772,Yes,0.7946,2026-09-21T16:42:19.353279+00:00,baseline_v1
FT-T011773,No,0.3952,2026-09-21T16:42:19.353279+00:00,baseline_v1
FT-T011774,Yes,0.5732,2026-09-21T16:42:19.353279+00:00,baseline_v1
FT-T011775,Yes,0.7168,2026-09-21T16:42:19.353279+00:00,baseline_v1
FT-T011776,Yes,0.5442,2026-09-21T16:42:19.353279+00:00,baseline_v1
FT-T011777,Yes,0.6467,2026-09-21T16:42:19.353279+00:00,baseline_v1
FT-T011778,Yes,0.5813,2026-09-21T16:42:19.353279+00:00,baseline_v1
FT-T011779,No,0.2786,2026-09-21T16:42:19.353279+00:00,baseline_v1
FT-T011780,No,0.3953,2026-09-21T16:42:19.353279+00:00,baseline_v1
FT-T011781,Yes,0.5797,2026-09-21T16:42:19.353279+00:00,baseline_v1
FT-T011782,Yes,0.7178,2026-09-21T16:42:19.353279+00:00,baseline_v1
FT-T011783,No,0.3459,2026-09-21T16:42:19.353279+00:00,baseline_v1
FT-T011784,Yes,0.5942,2026-09-21T16:42:19.353279+00:00,baseline_v1
FT-T011785,Yes,0.606,2026-09-21T16:42:19.353279+00:00,baseline_v1
FT-T011786,Yes,0.5817,2026-09-21T16:42:19.353279+00:00,baseline_v1
FT-T011787,No,0.3784,2026-09-21T16:42:19.353279+00:00,baseline_v1
FT-T011788,No,0.433,2026-09-21T16:42:19.353279+00:00,baseline_v1
FT-T011789,No,0.3615,2026-09-21T16:42:19.353279+00:00,baseline_v1
FT-T011790,No,0.4099,2026-09-21T16:42:19.353279+00:00,baseline_v1
FT-T011791,Yes,0.5619,2026-09-21T16:42:19.353279+00:00,baseline_v1
FT-T011792,Yes,0.5243,2026-09-21T16:42:19.353279+00:00,baseline_v1
FT-T011793,Yes,0.6361,2026-09-21T16:42:19.353279+00:00,baseline_v1
FT-T011794,No,0.4139,2026-09-21T16:42:19.353279+00:00,baseline_v1
FT-T011795,No,0.3395,2026-09-21T16:42:19.353279+00:00,baseline_v1
FT-T011796,Yes,0.5318,2026-09-21T16:42:19.353279+00:00,baseline_v1
FT-T011797,No,0.3939,2026-09-21T16:42:19.353279+00:00,baseline_v1
FT-T011798,Yes,0.7295,2026-09-21T16:42:19.353279+00:00,baseline_v1
FT-T011799,No,0.3302,2026-09-21T16:42:19.353279+00:00,baseline_v1
FT-T011800,Yes,0.5457,2026-09-21T16:42:19.353279+00:00,baseline_v1
FT-T011801,No,0.3555,2026-09-21T16:42:19.353279+00:00,baseline_v1
FT-T011802,No,0.3746,2026-09-21T16:42:19.353279+00:00,baseline_v1
FT-T011803,Yes,0.6155,2026-09-21T16:42:19.353279+00:00,baseline_v1
FT-T011804,No,0.2868,2026-09-21T16:42:19.353279+00:00,baseline_v1
FT-T011805,No,0.4562,2026-09-21T16:42:19.353279+00:00,baseline_v1
FT-T011806,Yes,0.6688,2026-09-21T16:42:19.353279+00:00,baseline_v1
FT-T011807,Yes,0.6508,2026-09-21T16:42:19.353279+00:00,baseline_v1
FT-T011808,No,0.374,2026-09-21T16:42:19.353279+00:00,baseline_v1
FT-T011809,No,0.3738,2026-09-21T16:42:19.353279+00:00,baseline_v1
FT-T011810,No,0.3606,2026-09-21T16:42:19.353279+00:00,baseline_v1
FT-T011811,No,0.3505,2026-09-21T16:42:19.353279+00:00,baseline_v1
FT-T011812,Yes,0.6532,2026-09-21T16:42:19.353279+00:00,baseline_v1
FT-T011813,No,0.3522,2026-09-21T16:42:19.353279+00:00,baseline_v1
FT-T011814,No,0.3217,2026-09-21T16:42:19.353279+00:00,baseline_v1
FT-T011815,No,0.3017,2026-09-21T16:42:19.353279+00:00,baseline_v1
FT-T011816,Yes,0.6191,2026-09-21T16:42:19.353279+00:00,baseline_v1
FT-T011817,Yes,0.6179,2026-09-21T16:42:19.353279+00:00,baseline_v1
FT-T011818,No,0.2964,2026-09-21T16:42:19.353279+00:00,baseline_v1
FT-T011819,No,0.3707,2026-09-21T16:42:19.353279+00:00,baseline_v1
FT-T011820,No,0.2676,2026-09-21T16:42:19.353279+00:00,baseline_v1
FT-T011821,No,0.4152,2026-09-21T16:42:19.353279+00:00,baseline_v1
FT-T011822,No,0.4644,2026-09-21T16:42:19.353279+00:00,baseline_v1
FT-T011823,No,0.2592,2026-09-21T16:42:19.353279+00:00,baseline_v1
FT-T011824,Yes,0.5245,2026-09-21T16:42:19.353279+00:00,baseline_v1
FT-T011825,No,0.4104,2026-09-21T16:42:19.353279+00:00,baseline_v1
FT-T011826,No,0.3204,2026-09-21T16:42:19.353279+00:00,baseline_v1
FT-T011827,Yes,0.5524,2026-09-21T16:42:19.353279+00:00,baseline_v1
FT-T011828,No,0.3066,2026-09-21T16:42:19.353279+00:00,baseline_v1
FT-T011829,No,0.276,2026-09-21T16:42:19.353279+00:00,baseline_v1
FT-T011830,No,0.4899,2026-09-21T16:42:19.353279+00:00,baseline_v1
FT-T011831,Yes,0.5293,2026-09-21T16:42:19.353279+00:00,baseline_v1
FT-T011832,Yes,0.6289,2026-09-21T16:42:19.353279+00:00,baseline_v1
FT-T011833,No,0.385,2026-09-21T16:42:19.353279+00:00,baseline_v1
FT-T011834,No,0.3382,2026-09-21T16:42:19.353279+00:00,baseline_v1
FT-T011835,No,0.4694,2026-09-21T16:42:19.353279+00:00,baseline_v1
FT-T011836,No,0.2423,2026-09-21T16:42:19.353279+00:00,baseline_v1
FT-T011837,No,0.2878,2026-09-21T16:42:19.353279+00:00,baseline_v1
FT-T011838,Yes,0.5703,2026-09-21T16:42:19.353279+00:00,baseline_v1
FT-T011839,No,0.4432,2026-09-21T16:42:19.353279+00:00,baseline_v1
FT-T011840,Yes,0.5354,2026-09-21T16:42:19.353279+00:00,baseline_v1
FT-T011841,No,0.2367,2026-09-21T16:42:19.353279+00:00,baseline_v1
FT-T011842,Yes,0.508,2026-09-21T16:42:19.353279+00:00,baseline_v1
FT-T011843,No,0.4579,2026-09-21T16:42:19.353279+00:00,baseline_v1
FT-T011844,No,0.4124,2026-09-21T16:42:19.353279+00:00,baseline_v1
FT-T011845,Yes,0.5731,2026-09-21T16:42:19.353279+00:00,baseline_v1
FT-T011846,No,0.4652,2026-09-21T16:42:19.353279+00:00,baseline_v1
FT-T011847,No,0.3508,2026-09-21T16:42:19.353279+00:00,baseline_v1
FT-T011848,No,0.3335,2026-09-21T16:42:19.353279+00:00,baseline_v1
FT-T011849,No,0.2855,2026-09-21T16:42:19.353279+00:00,baseline_v1
FT-T011850,No,0.2388,2026-09-21T16:42:19.353279+00:00,baseline_v1
FT-T011851,Yes,0.5323,2026-09-21T16:42:19.353279+00:00,baseline_v1
FT-T011852,Yes,0.6034,2026-09-21T16:42:19.353279+00:00,baseline_v1
FT-T011853,Yes,0.519,2026-09-21T16:42:19.353279+00:00,baseline_v1
FT-T011854,No,0.4605,2026-09-21T16:42:19.353279+00:00,baseline_v1
FT-T011855,Yes,0.5321,2026-09-21T16:42:19.353279+00:00,baseline_v1
FT-T011856,No,0.3793,2026-09-21T16:42:19.353279+00:00,baseline_v1
FT-T011857,No,0.2737,2026-09-21T16:42:19.353279+00:00,baseline_v1
FT-T011858,No,0.4502,2026-09-21T16:42:19.353279+00:00,baseline_v1
FT-T011859,No,0.2425,2026-09-21T16:42:19.353279+00:00,baseline_v1
FT-T011860,No,0.1851,2026-09-21T16:42:19.353279+00:00,baseline_v1
FT-T011861,No,0.3994,2026-09-21T16:42:19.353279+00:00,baseline_v1
FT-T011862,Yes,0.5022,2026-09-21T16:42:19.353279+00:00,baseline_v1
FT-T011863,Yes,0.6478,2026-09-21T16:42:19.353279+00:00,baseline_v1
FT-T011864,No,0.2104,2026-09-21T16:42:19.353279+00:00,baseline_v1
FT-T011865,No,0.4811,2026-09-21T16:42:19.353279+00:00,baseline_v1
FT-T011866,No,0.2075,2026-09-21T16:42:19.353279+00:00,baseline_v1
FT-T011867,Yes,0.6381,2026-09-21T16:42:19.353279+00:00,baseline_v1
FT-T011868,Yes,0.6648,2026-09-21T16:42:19.353279+00:00,baseline_v1
FT-T011869,Yes,0.6591,2026-09-21T16:42:19.353279+00:00,baseline_v1
FT-T011870,Yes,0.6441,2026-09-21T16:42:19.353279+00:00,baseline_v1
FT-T011871,No,0.4416,2026-09-21T16:42:19.353279+00:00,baseline_v1
FT-T011872,Yes,0.7325,2026-09-21T16:42:19.353279+00:00,baseline_v1
FT-T011873,Yes,0.7523,2026-09-21T16:42:19.353279+00:00,baseline_v1
FT-T011874,Yes,0.623,2026-09-21T16:42:19.353279+00:00,baseline_v1
FT-T011875,No,0.424,2026-09-21T16:42:19.353279+00:00,baseline_v1
FT-T011876,No,0.4727,2026-09-21T16:42:19.353279+00:00,baseline_v1
FT-T011877,No,0.3932,2026-09-21T16:42:19.353279+00:00,baseline_v1
FT-T011878,Yes,0.5733,2026-09-21T16:42:19.353279+00:00,baseline_v1
FT-T011879,No,0.4181,2026-09-21T16:42:19.353279+00:00,baseline_v1
FT-T011880,No,0.3896,2026-09-21T16:42:19.353279+00:00,baseline_v1
FT-T011881,No,0.4494,2026-09-21T16:42:19.353279+00:00,baseline_v1
FT-T011882,Yes,0.6636,2026-09-21T16:42:19.353279+00:00,baseline_v1
FT-T011883,No,0.4505,2026-09-21T16:42:19.353279+00:00,baseline_v1
FT-T011884,No,0.4936,2026-09-21T16:42:19.353279+00:00,baseline_v1
FT-T011885,Yes,0.604,2026-09-21T16:42:19.353279+00:00,baseline_v1
FT-T011886,Yes,0.55,2026-09-21T16:42:19.353279+00:00,baseline_v1
FT-T011887,No,0.4916,2026-09-21T16:42:19.353279+00:00,baseline_v1
FT-T011888,No,0.4004,2026-09-21T16:42:19.353279+00:00,baseline_v1
FT-T011889,Yes,0.6138,2026-09-21T16:42:19.353279+00:00,baseline_v1
FT-T011890,Yes,0.5712,2026-09-21T16:42:19.353279+00:00,baseline_v1
FT-T011891,No,0.4239,2026-09-21T16:42:19.353279+00:00,baseline_v1
FT-T011892,No,0.4245,2026-09-21T16:42:19.353279+00:00,baseline_v1
FT-T011893,Yes,0.8817,2026-09-21T16:42:19.353279+00:00,baseline_v1
FT-T011894,No,0.4839,2026-09-21T16:42:19.353279+00:00,baseline_v1
FT-T011895,Yes,0.6182,2026-09-21T16:42:19.353279+00:00,baseline_v1
FT-T011896,Yes,0.6377,2026-09-21T16:42:19.353279+00:00,baseline_v1
FT-T011897,No,0.2799,2026-09-21T16:42:19.353279+00:00,baseline_v1
FT-T011898,Yes,0.5196,2026-09-21T16:42:19.353279+00:00,baseline_v1
FT-T011899,Yes,0.6837,2026-09-21T16:42:19.353279+00:00,baseline_v1
FT-T011900,Yes,0.7691,2026-09-21T16:42:19.353279+00:00,baseline_v1
FT-T011901,No,0.409,2026-09-21T16:42:19.353279+00:00,baseline_v1
FT-T011902,No,0.4505,2026-09-21T16:42:19.353279+00:00,baseline_v1
FT-T011903,Yes,0.5218,2026-09-21T16:42:19.353279+00:00,baseline_v1
FT-T011904,No,0.4809,2026-09-21T16:42:19.353279+00:00,baseline_v1
FT-T011905,Yes,0.6309,2026-09-21T16:42:19.353279+00:00,baseline_v1
FT-T011906,Yes,0.616,2026-09-21T16:42:19.353279+00:00,baseline_v1
FT-T011907,No,0.4765,2026-09-21T16:42:19.353279+00:00,baseline_v1
FT-T011908,No,0.4054,2026-09-21T16:42:19.353279+00:00,baseline_v1
FT-T011909,Yes,0.5553,2026-09-21T16:42:19.353279+00:00,baseline_v1
FT-T011910,No,0.4657,2026-09-21T16:42:19.353279+00:00,baseline_v1
FT-T011911,Yes,0.5509,2026-09-21T16:42:19.353279+00:00,baseline_v1
FT-T011912,No,0.3894,2026-09-21T16:42:19.353279+00:00,baseline_v1
FT-T011913,Yes,0.5186,2026-09-21T16:42:19.353279+00:00,baseline_v1
FT-T011914,Yes,0.7176,2026-09-21T16:42:19.353279+00:00,baseline_v1
FT-T011915,No,0.4802,2026-09-21T16:42:19.353279+00:00,baseline_v1
FT-T011916,No,0.3914,2026-09-21T16:42:19.353279+00:00,baseline_v1
FT-T011917,No,0.4917,2026-09-21T16:42:19.353279+00:00,baseline_v1
FT-T011918,No,0.3421,2026-09-21T16:42:19.353279+00:00,baseline_v1
FT-T011919,No,0.3265,2026-09-21T16:42:19.353279+00:00,baseline_v1
FT-T011920,Yes,0.7432,2026-09-21T16:42:19.353279+00:00,baseline_v1
FT-T011921,No,0.3476,2026-09-21T16:42:19.353279+00:00,baseline_v1
FT-T011922,Yes,0.6595,2026-09-21T16:42:19.353279+00:00,baseline_v1
FT-T011923,No,0.3234,2026-09-21T16:42:19.353279+00:00,baseline_v1
FT-T011924,No,0.3105,2026-09-21T16:42:19.353279+00:00,baseline_v1
FT-T011925,Yes,0.763,2026-09-21T16:42:19.353279+00:00,baseline_v1
FT-T011926,No,0.371,2026-09-21T16:42:19.353279+00:00,baseline_v1
FT-T011927,No,0.3734,2026-09-21T16:42:19.353279+00:00,baseline_v1
FT-T011928,No,0.4872,2026-09-21T16:42:19.353279+00:00,baseline_v1
FT-T011929,No,0.4324,2026-09-21T16:42:19.353279+00:00,baseline_v1
FT-T011930,No,0.3211,2026-09-21T16:42:19.353279+00:00,baseline_v1
FT-T011931,No,0.4602,2026-09-21T16:42:19.353279+00:00,baseline_v1
FT-T011932,No,0.3452,2026-09-21T16:42:19.353279+00:00,baseline_v1
FT-T011933,No,0.3248,2026-09-21T16:42:19.353279+00:00,baseline_v1
FT-T011934,No,0.4757,2026-09-21T16:42:19.353279+00:00,baseline_v1
FT-T011935,No,0.4025,2026-09-21T16:42:19.353279+00:00,baseline_v1
FT-T011936,Yes,0.5103,2026-09-21T16:42:19.353279+00:00,baseline_v1
FT-T011937,No,0.321,2026-09-21T16:42:19.353279+00:00,baseline_v1
FT-T011938,No,0.4482,2026-09-21T16:42:19.353279+00:00,baseline_v1
FT-T011939,No,0.4839,2026-09-21T16:42:19.353279+00:00,baseline_v1
FT-T011940,No,0.4105,2026-09-21T16:42:19.353279+00:00,baseline_v1
FT-T011941,Yes,0.7405,2026-09-21T16:42:19.353279+00:00,baseline_v1
FT-T011942,No,0.4848,2026-09-21T16:42:19.353279+00:00,baseline_v1
FT-T011943,No,0.3747,2026-09-21T16:42:19.353279+00:00,baseline_v1
FT-T011944,Yes,0.5209,2026-09-21T16:42:19.353279+00:00,baseline_v1
FT-T011945,Yes,0.5407,2026-09-21T16:42:19.353279+00:00,baseline_v1
FT-T011946,No,0.3036,2026-09-21T16:42:19.353279+00:00,baseline_v1
FT-T011947,No,0.343,2026-09-21T16:42:19.353279+00:00,baseline_v1
FT-T011948,No,0.3585,2026-09-21T16:42:19.353279+00:00,baseline_v1
FT-T011949,No,0.348,2026-09-21T16:42:19.353279+00:00,baseline_v1
FT-T011950,Yes,0.5378,2026-09-21T16:42:19.353279+00:00,baseline_v1
FT-T011951,No,0.4045,2026-09-21T16:42:19.353279+00:00,baseline_v1
FT-T011952,No,0.2524,2026-09-21T16:42:19.353279+00:00,baseline_v1
FT-T011953,No,0.2899,2026-09-21T16:42:19.353279+00:00,baseline_v1
FT-T011954,Yes,0.5695,2026-09-21T16:42:19.353279+00:00,baseline_v1
FT-T011955,No,0.3774,2026-09-21T16:42:19.353279+00:00,baseline_v1
FT-T011956,No,0.3072,2026-09-21T16:42:19.353279+00:00,baseline_v1
FT-T011957,Yes,0.5168,2026-09-21T16:42:19.353279+00:00,baseline_v1
FT-T011958,No,0.3564,2026-09-21T16:42:19.353279+00:00,baseline_v1
FT-T011959,No,0.2932,2026-09-21T16:42:19.353279+00:00,baseline_v1
FT-T011960,Yes,0.5358,2026-09-21T16:42:19.353279+00:00,baseline_v1
FT-T011961,Yes,0.5326,2026-09-21T16:42:19.353279+00:00,baseline_v1
FT-T011962,No,0.2668,2026-09-21T16:42:19.353279+00:00,baseline_v1
FT-T011963,No,0.3524,2026-09-21T16:42:19.353279+00:00,baseline_v1
FT-T011964,Yes,0.5314,2026-09-21T16:42:19.353279+00:00,baseline_v1
FT-T011965,Yes,0.5559,2026-09-21T16:42:19.353279+00:00,baseline_v1
FT-T011966,No,0.3323,2026-09-21T16:42:19.353279+00:00,baseline_v1
FT-T011967,No,0.4675,2026-09-21T16:42:19.353279+00:00,baseline_v1
FT-T011968,No,0.4345,2026-09-21T16:42:19.353279+00:00,baseline_v1
FT-T011969,No,0.2477,2026-09-21T16:42:19.353279+00:00,baseline_v1
FT-T011970,No,0.4772,2026-09-21T16:42:19.353279+00:00,baseline_v1
FT-T011971,No,0.4219,2026-09-21T16:42:19.353279+00:00,baseline_v1
FT-T011972,Yes,0.7055,2026-09-21T16:42:19.353279+00:00,baseline_v1
FT-T011973,No,0.2888,2026-09-21T16:42:19.353279+00:00,baseline_v1
FT-T011974,No,0.4705,2026-09-21T16:42:19.353279+00:00,baseline_v1
FT-T011975,No,0.2967,2026-09-21T16:42:19.353279+00:00,baseline_v1
FT-T011976,Yes,0.5792,2026-09-21T16:42:19.353279+00:00,baseline_v1
FT-T011977,No,0.2827,2026-09-21T16:42:19.353279+00:00,baseline_v1
FT-T011978,No,0.2499,2026-09-21T16:42:19.353279+00:00,baseline_v1
FT-T011979,Yes,0.6726,2026-09-21T16:42:19.353279+00:00,baseline_v1
FT-T011980,No,0.4417,2026-09-21T16:42:19.353279+00:00,baseline_v1
FT-T011981,No,0.2689,2026-09-21T16:42:19.353279+00:00,baseline_v1
FT-T011982,No,0.2701,2026-09-21T16:42:19.353279+00:00,baseline_v1
FT-T011983,No,0.3903,2026-09-21T16:42:19.353279+00:00,baseline_v1
FT-T011984,Yes,0.5379,2026-09-21T16:42:19.353279+00:00,baseline_v1
FT-T011985,No,0.3229,2026-09-21T16:42:19.353279+00:00,baseline_v1
FT-T011986,No,0.2641,2026-09-21T16:42:19.353279+00:00,baseline_v1
FT-T011987,Yes,0.6357,2026-09-21T16:42:19.353279+00:00,baseline_v1
FT-T011988,No,0.2321,2026-09-21T16:42:19.353279+00:00,baseline_v1
FT-T011989,No,0.2362,2026-09-21T16:42:19.353279+00:00,baseline_v1
FT-T011990,No,0.4187,2026-09-21T16:42:19.353279+00:00,baseline_v1
FT-T011991,No,0.3027,2026-09-21T16:42:19.353279+00:00,baseline_v1
FT-T011992,No,0.2254,2026-09-21T16:42:19.353279+00:00,baseline_v1
FT-T011993,No,0.24,2026-09-21T16:42:19.353279+00:00,baseline_v1
FT-T011994,No,0.4437,2026-09-21T16:42:19.353279+00:00,baseline_v1
FT-T011995,Yes,0.506,2026-09-21T16:42:19.353279+00:00,baseline_v1
FT-T011996,No,0.2768,2026-09-21T16:42:19.353279+00:00,baseline_v1
FT-T011997,No,0.2822,2026-09-21T16:42:19.353279+00:00,baseline_v1
FT-T011998,No,0.3049,2026-09-21T16:42:19.353279+00:00,baseline_v1
FT-T011999,No,0.2711,2026-09-21T16:42:19.353279+00:00,baseline_v1
FT-T012000,No,0.3861,2026-09-21T16:42:19.353279+00:00,baseline_v1
